WindSpeed,RotorSpeed,BladeAngle,GearboxTemp,GeneratorTemp,Vibration,PowerOutput,Humidity,AmbientTemperature,TimeSinceLastMaintenance,Failure,FaultType,TempStress,PowerEfficiency,TempDiff,AvgTemp,Vibration_Maintenance
23.9,12.3,34,98,77,0.98,936,65,27,143,0,None,121,39.163163530057105,21,87.5,140.14
12.6,17.6,27,84,86,0.7,1517,74,33,221,0,None,104,120.39672984386522,-2,85.0,154.7
22.4,18.0,30,94,86,0.76,1460,73,16,151,0,None,148,65.17854233100789,8,90.0,114.76
12.9,18.0,27,71,88,0.74,1134,68,32,169,0,None,95,87.90690859929566,-17,79.5,125.06
8.6,13.8,27,79,93,1.33,1485,79,21,180,1,Generator,130,172.67421782067697,-14,86.0,239.4
5.1,11.7,33,89,88,0.75,1414,75,27,158,0,None,123,277.25435832478763,1,88.5,118.5
11.6,18.4,17,93,93,1.05,1187,60,28,252,0,None,130,102.32749799353621,0,93.0,264.6
12.6,13.3,20,87,77,1.13,1717,70,26,131,0,None,112,136.26973311925943,10,82.0,148.02999999999997
23.9,17.5,22,84,89,1.24,1170,62,17,148,0,None,139,48.95395441257138,-5,86.5,183.52
9.1,18.2,27,77,94,0.53,1396,66,25,289,0,None,121,153.4064248281046,-17,85.5,153.17000000000002
12.6,17.7,26,75,84,0.98,1487,65,16,218,0,None,127,118.01577935255608,-9,79.5,213.64
5.5,13.9,37,96,94,0.79,1792,75,15,61,0,None,160,325.8175894225647,2,95.0,48.190000000000005
20.3,19.4,23,74,86,1.33,1363,65,19,185,0,None,122,67.14282406757435,-12,80.0,246.05
23.3,16.6,17,83,94,0.54,1128,80,21,184,0,None,135,48.411996389701116,-11,88.5,99.36000000000001
9.8,15.8,17,97,90,0.71,916,63,29,158,0,None,129,93.46929237827308,7,93.5,112.17999999999999
13.6,17.0,15,74,84,0.82,1177,68,23,293,0,None,112,86.544054011725,-10,79.0,240.26
7.4,10.4,16,74,76,0.58,1726,70,25,242,0,None,100,233.24292805009722,-2,75.0,140.35999999999999
14.1,13.9,41,91,88,0.9,1803,69,27,52,0,None,125,127.87224973599311,3,89.5,46.800000000000004
7.7,18.8,36,80,80,1.24,1561,62,16,160,0,None,128,202.7270094454423,0,80.0,198.4
15.5,11.6,45,83,81,0.71,1943,65,22,73,0,None,120,125.35475783564011,2,82.0,51.83
19.7,14.1,16,89,75,1.25,1474,70,24,211,0,None,116,74.82229704451927,14,82.0,263.75
16.1,14.1,40,81,86,1.03,1427,76,20,35,0,None,127,88.63348532081656,-5,83.5,36.050000000000004
9.9,13.6,36,94,81,0.84,1816,74,23,214,0,None,129,183.434158147315,13,87.5,179.76
12.1,15.6,34,99,95,0.87,1084,71,25,90,0,None,144,89.58670282090677,4,97.0,78.3
17.8,20.0,26,98,90,0.62,917,80,27,213,0,None,134,51.516824990547754,8,94.0,132.06
16.8,12.6,26,86,82,0.75,1870,75,21,198,0,None,126,111.3094575538943,4,84.0,148.5
7.7,17.0,40,81,81,1.23,1488,77,29,299,0,None,104,193.24650227726977,0,81.0,367.77
21.9,17.6,36,83,89,1.36,1719,60,32,70,0,None,108,78.49311484332657,-6,86.0,95.2
14.5,15.8,35,80,80,0.77,1592,64,18,85,0,None,124,109.7930277289464,0,80.0,65.45
8.2,11.0,16,83,84,1.09,1630,74,21,100,0,None,125,198.78024538994467,-1,83.5,109.00000000000001
7.5,15.7,21,70,78,0.53,1546,66,22,107,0,None,104,206.13305848925535,-8,74.0,56.71
24.3,19.5,44,72,80,0.58,1698,67,17,142,1,Blades,118,69.87651445410928,-8,76.0,82.36
10.6,13.4,29,93,77,1.46,1025,72,27,196,1,Gearbox,116,96.69802198299814,16,85.0,286.15999999999997
23.2,16.4,38,80,84,1.4,1176,71,19,125,0,None,126,50.68963332343392,-4,82.0,175.0
13.2,19.6,27,94,94,0.58,1427,64,33,140,0,None,122,108.1059787075919,0,94.0,81.19999999999999
12.7,18.0,38,84,77,1.32,1688,78,18,251,0,None,125,132.91328117064475,7,80.5,331.32
19.0,16.9,19,94,84,0.6,1239,73,30,201,0,None,118,65.2104919944779,10,89.0,120.6
5.2,19.7,16,90,81,1.33,1788,74,28,59,0,None,115,343.8454926048219,9,85.5,78.47
11.8,11.7,29,76,82,1.41,972,77,24,259,0,None,110,82.37281154846478,-6,79.0,365.19
11.1,17.7,33,83,90,0.65,1770,62,25,284,0,None,123,159.45931580241822,-7,86.5,184.6
22.4,14.1,25,91,84,0.65,1669,69,18,227,0,None,139,74.50889530852889,7,87.5,147.55
15.6,13.6,36,80,88,1.43,972,62,16,160,0,None,136,62.30765236688951,-8,84.0,228.79999999999998
12.3,15.2,30,76,94,0.8,935,61,34,36,0,None,102,76.01619836081434,-18,85.0,28.8
10.3,10.3,43,86,87,0.97,1824,74,16,63,0,None,141,177.0872067114498,-1,86.5,61.11
16.8,13.1,18,78,82,0.8,1059,76,27,94,0,None,106,63.03567676447812,-4,80.0,75.2
8.0,11.7,17,88,83,1.25,1179,61,31,184,0,None,109,147.3748157814803,5,85.5,230.0
9.9,11.4,42,78,89,0.71,1886,77,15,108,0,None,137,190.50485807590093,-11,83.5,76.67999999999999
10.9,13.4,35,97,89,0.99,1277,66,23,72,0,None,140,117.15585582031576,8,93.0,71.28
17.2,18.0,35,80,82,1.35,1483,73,21,181,0,None,120,86.22088010413948,-2,81.0,244.35000000000002
12.5,12.0,16,97,89,1.44,934,74,19,91,1,Gearbox,148,74.71994022404782,8,93.0,131.04
15.1,15.3,43,78,86,0.85,1526,74,18,250,0,None,128,101.05953572216178,-8,82.0,212.5
18.0,17.5,38,88,95,0.61,1685,72,23,113,0,None,137,93.61105910496717,-7,91.5,68.92999999999999
24.1,12.4,38,74,93,1.31,1522,62,18,148,1,Generator,131,63.153500766182255,-19,83.5,193.88
20.3,19.2,42,93,91,0.61,1790,62,19,59,1,Blades,146,88.17729646438598,2,92.0,35.99
13.1,18.7,32,76,76,1.28,1754,63,26,239,0,None,100,133.8930275625744,0,76.0,305.92
20.0,12.5,27,96,83,1.19,1427,78,20,130,0,None,139,71.34996432501784,13,89.5,154.7
24.0,19.9,29,84,86,1.08,1610,64,17,44,0,None,136,67.0833053819561,-2,85.0,47.52
15.0,16.7,38,73,85,1.44,1204,63,32,277,0,None,94,80.26661315559123,-12,79.0,398.88
13.2,12.9,38,81,90,0.82,1294,80,24,163,0,None,123,98.03022876497822,-9,85.5,133.66
6.6,16.8,33,93,93,0.59,1584,60,32,75,0,None,122,239.99963636418735,0,93.0,44.25
22.8,16.7,22,72,91,1.48,1626,76,16,265,1,Generator,131,71.3157581948429,-19,81.5,392.2
9.9,16.1,40,89,79,0.94,994,77,28,286,0,None,112,100.40393898592022,10,84.0,268.84
6.3,17.1,34,85,85,0.93,1801,73,31,246,0,None,108,285.8725621070443,0,85.0,228.78
15.7,12.7,22,79,83,0.59,1601,79,29,252,0,None,104,101.97445734110998,-4,81.0,148.67999999999998
21.9,19.8,29,93,90,1.24,1260,67,32,174,0,None,119,57.534220304009,3,91.5,215.76
13.1,18.6,45,72,93,1.22,1149,62,17,103,0,None,131,87.70985671003305,-21,82.5,125.66
20.7,17.5,25,85,81,0.65,1563,65,18,203,0,None,130,75.5072098998986,4,83.0,131.95000000000002
21.7,10.3,18,85,85,0.73,1665,62,18,108,0,None,134,76.72807524051832,0,85.0,78.84
14.1,15.9,16,73,90,0.52,1921,70,28,185,0,None,107,136.2410381269233,-17,81.5,96.2
16.8,17.1,21,74,76,1.39,1103,79,35,247,0,None,80,65.65472282456975,-2,75.0,343.33
15.7,18.5,21,82,94,0.74,1453,70,23,106,0,None,130,92.54771175304984,-12,88.0,78.44
23.8,19.5,41,86,91,1.43,1951,67,33,60,1,Generator,111,81.97475547279181,-5,88.5,85.8
19.5,19.2,20,72,86,1.07,1900,78,33,235,0,None,92,97.43584746879617,-14,79.0,251.45000000000002
23.5,14.1,41,70,91,0.93,1426,72,31,43,1,Blades,99,60.680825242202026,-21,80.5,39.99
9.4,19.0,18,76,92,0.51,1507,79,25,70,0,None,118,160.31897838406556,-16,84.0,35.7
11.2,10.0,42,85,85,0.59,1908,79,21,192,0,None,128,170.35699075268684,0,85.0,113.28
6.4,13.5,23,71,84,0.66,935,79,16,290,0,None,123,146.0935217288723,-13,77.5,191.4
15.0,11.1,33,92,92,0.61,1974,74,25,106,0,None,134,131.59991226672517,0,92.0,64.66
22.5,18.8,20,75,92,0.76,1975,70,32,286,0,None,103,87.77773876544944,-17,83.5,217.36
11.5,19.3,27,93,77,0.65,1939,66,25,292,0,None,120,168.6085490360443,16,85.0,189.8
7.6,12.6,18,76,93,1.16,1962,79,15,297,0,None,139,258.15755505584866,-17,84.5,344.52
6.4,13.7,32,80,81,0.8,1234,71,31,253,0,None,99,192.81219873093949,-1,80.5,202.4
14.0,19.8,25,84,88,1.22,941,80,18,233,0,None,136,67.21423770411593,-4,86.0,284.26
8.3,15.7,41,80,89,0.64,1213,78,18,65,0,None,133,146.14440223565995,-9,84.5,41.6
11.9,15.0,20,71,81,0.71,1280,68,20,62,0,None,112,107.56293482106318,-10,76.0,44.019999999999996
21.4,15.0,23,97,81,1.29,1288,78,19,161,0,None,140,60.18688776313657,16,89.0,207.69
12.7,17.0,20,79,89,1.13,1649,71,29,230,0,None,110,129.84241744691542,-10,84.0,259.9
17.2,19.5,32,74,79,0.6,1850,75,34,68,0,None,85,107.55807700111804,-5,76.5,40.8
15.0,13.7,18,74,92,1.46,1144,70,17,88,1,Generator,132,76.26661582225611,-18,83.0,128.48
19.4,11.7,21,99,79,1.26,1392,80,23,154,0,None,132,71.7525403337421,20,89.0,194.04
8.1,11.9,35,74,82,1.05,1316,68,27,257,0,None,102,162.4689352235368,-8,78.0,269.85
23.4,10.2,17,80,80,0.84,1741,62,24,82,0,None,112,74.40167760612069,0,80.0,68.88
17.9,15.6,37,72,80,0.59,1250,77,22,83,0,None,108,69.83236322214346,-8,76.0,48.97
10.4,19.3,18,92,95,0.86,962,75,19,177,0,None,149,92.49991105777782,-3,93.5,152.22
7.5,17.1,33,88,80,0.82,1267,63,26,208,0,None,116,168.93310808918923,8,84.0,170.56
8.0,19.9,45,86,87,0.58,1289,70,25,205,0,None,123,161.12479859400176,-1,86.5,118.89999999999999
20.7,19.1,20,96,90,1.28,1805,74,35,280,0,None,116,87.19802550820025,6,93.0,358.40000000000003
16.8,14.9,23,87,76,0.92,1503,68,24,256,0,None,115,89.46423246176639,11,81.5,235.52
12.6,14.9,42,99,93,1.39,1476,78,33,83,1,Gearbox,126,117.1427641724094,6,96.0,115.36999999999999
11.7,16.3,34,89,78,0.66,1559,79,34,251,0,None,99,133.24774936089798,11,83.5,165.66
22.1,11.1,30,81,87,0.82,1518,77,22,232,0,None,124,68.68775172499922,-6,84.0,190.23999999999998
22.5,16.1,32,71,88,0.78,1650,71,21,169,0,None,117,73.33330074075523,-17,79.5,131.82
16.6,14.6,24,92,88,1.37,1894,69,34,128,1,Gearbox,112,114.0963168094477,4,90.0,175.36
15.5,16.4,41,81,90,1.01,1864,72,27,226,0,None,117,120.25798693033101,-9,85.5,228.26
21.3,15.7,37,88,94,0.64,1445,70,19,195,0,None,144,67.84034373692782,-6,91.0,124.8
20.0,13.1,34,96,94,0.86,1831,62,20,51,0,None,150,91.54995422502289,2,95.0,43.86
13.0,16.1,43,70,87,1.44,1849,76,15,110,0,None,127,142.23065982256938,-17,78.5,158.4
6.7,13.7,32,93,82,1.05,1769,79,21,50,0,None,133,264.02945667245274,11,87.5,52.5
20.4,11.9,30,83,81,0.54,946,70,27,266,0,None,110,46.372526287977315,2,82.0,143.64000000000001
8.4,16.8,44,74,93,0.56,1628,61,21,145,0,None,125,193.8092930841749,-19,83.5,81.2
5.3,13.1,21,87,92,0.74,1245,66,20,170,0,None,139,234.90521715996763,-5,89.5,125.8
21.9,18.9,19,86,81,1.12,1861,62,16,123,0,None,135,84.97713014742916,5,83.5,137.76000000000002
16.6,12.0,20,95,78,0.75,1212,80,32,203,0,None,109,73.01200420963602,17,86.5,152.25
22.8,16.0,45,86,92,1.35,1910,63,28,216,1,Generator,122,83.77189308250303,-6,89.0,291.6
14.7,15.7,35,95,87,1.13,1577,62,33,84,0,None,116,107.2788385858241,8,91.0,94.91999999999999
23.5,12.0,24,86,81,0.8,1610,70,15,232,0,None,137,68.51060914442164,5,83.5,185.60000000000002
12.1,14.4,22,83,87,0.89,1877,61,33,131,0,None,104,155.12383874062914,-4,85.0,116.59
19.5,16.8,17,81,76,0.88,1984,73,25,100,0,None,107,101.74353756741664,5,78.5,88.0
11.0,13.2,19,75,79,0.81,1240,77,18,134,0,None,118,112.72717024802705,-4,77.0,108.54
5.0,11.1,42,88,86,1.13,998,65,20,189,0,None,134,199.5996008007984,2,87.0,213.57
12.6,16.2,37,86,86,0.7,1696,79,18,234,0,None,136,134.60306777534305,0,86.0,163.79999999999998
19.8,12.2,43,99,80,0.79,977,73,20,173,0,None,139,49.343409422520494,19,89.5,136.67000000000002
8.0,16.8,28,82,95,0.59,1487,63,20,247,0,None,137,185.87476765654043,-13,88.5,145.73
15.1,18.4,33,83,83,0.88,1280,73,27,197,0,None,112,84.76815578267829,0,83.0,173.36
9.2,11.2,30,75,89,0.56,1329,61,20,198,0,None,124,144.4563647213427,-14,82.0,110.88000000000001
6.5,14.4,41,88,80,0.52,1159,67,25,211,0,None,118,178.30741798858773,8,84.0,109.72
17.3,14.4,45,95,83,1.15,1669,60,28,63,0,None,122,96.47393267402735,12,89.0,72.44999999999999
24.0,16.3,43,77,92,0.66,1529,69,31,49,1,Blades,107,63.708306788205505,-15,84.5,32.34
11.2,13.3,33,70,92,0.54,1948,77,33,133,0,None,96,173.92841613534276,-22,81.0,71.82000000000001
16.6,14.2,17,91,78,0.57,1291,74,18,253,0,None,133,77.77103748732681,13,84.5,144.20999999999998
24.1,10.1,34,71,82,0.7,1334,64,28,218,0,None,97,55.352674127521105,-11,76.5,152.6
18.0,11.2,18,82,79,1.22,1082,64,17,152,0,None,127,60.11107771606794,3,80.5,185.44
18.5,15.7,19,88,93,0.51,1573,74,20,168,0,None,141,85.02698106649672,-5,90.5,85.68
8.6,12.2,21,82,90,1.23,1004,73,26,284,0,None,120,116.74405029761594,-8,86.0,349.32
14.9,11.4,26,78,86,1.1,1965,63,34,146,0,None,96,131.8791061214053,-8,82.0,160.60000000000002
12.3,13.2,33,94,88,1.01,1901,73,27,168,0,None,128,154.55271987583748,6,91.0,169.68
14.4,11.6,25,79,93,1.41,1670,76,33,259,1,Generator,106,115.97214168601272,-14,86.0,365.19
21.0,10.6,29,75,81,1.33,1249,75,28,142,0,None,100,59.4761621542085,-6,78.0,188.86
14.2,12.8,16,82,75,0.92,1292,68,30,135,0,None,97,90.9858514184145,7,78.5,124.2
6.3,11.6,34,74,76,0.51,996,76,19,64,0,None,112,158.09498715081406,-2,75.0,32.64
23.1,18.0,35,91,76,1.21,1172,68,25,296,0,None,117,50.735908772333865,15,83.5,358.15999999999997
15.9,10.6,18,91,78,0.55,1288,73,31,132,0,None,107,81.00623836085637,13,84.5,72.60000000000001
23.5,17.5,39,70,86,0.78,1393,75,28,233,0,None,100,59.27657052060829,-16,78.0,181.74
16.4,13.8,34,91,95,0.99,1411,75,16,263,0,None,154,86.03653290455311,-4,93.0,260.37
6.4,16.8,30,79,83,0.6,1874,67,28,49,0,None,106,292.8120424811836,-4,81.0,29.4
16.1,10.5,32,90,89,1.18,1395,71,19,259,0,None,141,86.64590891558451,1,89.5,305.62
16.5,19.2,30,91,91,0.82,1953,72,34,63,0,None,114,118.36356462814265,0,91.0,51.66
9.3,17.7,17,78,91,0.86,992,65,34,120,0,None,101,106.6665519714495,-13,84.5,103.2
14.4,11.4,37,76,84,1.15,1132,60,32,127,0,None,96,78.61105652009964,-8,80.0,146.04999999999998
14.2,12.2,30,95,86,0.9,1327,62,19,279,0,None,143,93.45063841504337,9,90.5,251.1
17.5,16.4,20,92,82,0.72,1877,61,17,184,0,None,140,107.25708156738196,10,87.0,132.48
10.2,19.2,35,95,89,0.68,1034,66,33,224,0,None,118,101.37244963485331,6,92.0,152.32000000000002
16.6,14.5,36,83,83,1.22,1291,67,25,152,0,None,116,77.77103748732681,0,83.0,185.44
9.8,14.9,21,84,81,1.25,1023,77,33,152,0,None,99,104.38764858403205,3,82.5,190.0
13.9,12.4,39,80,88,0.7,1751,62,32,208,0,None,104,125.97113239486877,-8,84.0,145.6
7.5,13.8,29,85,82,0.82,1211,64,32,255,0,None,103,161.46645137806485,3,83.5,209.1
5.7,12.9,20,89,83,1.46,1378,72,20,250,0,None,132,241.75396183515468,6,86.0,365.0
11.4,13.5,35,94,89,1.48,1799,69,28,139,1,Gearbox,127,157.8068791167727,5,91.5,205.72
10.5,10.2,33,75,92,1.09,1085,80,34,66,0,None,99,103.33323492072866,-17,83.5,71.94000000000001
13.1,10.4,20,82,84,1.26,1942,75,22,39,0,None,122,148.24416164567813,-2,83.0,49.14
24.2,16.8,41,84,85,1.25,1333,65,28,191,1,Blades,113,55.08262186668518,-1,84.5,238.75
15.4,16.8,41,85,90,0.9,1263,74,22,262,0,None,131,82.01293375783523,-5,87.5,235.8
16.1,13.3,40,86,79,0.55,1110,65,20,232,0,None,125,68.9440565564866,7,82.5,127.60000000000001
23.8,18.9,27,94,83,1.24,1414,74,31,205,0,None,115,59.411739742966496,11,88.5,254.2
23.4,12.7,40,97,91,0.64,1979,61,19,139,0,None,150,84.57261343050709,6,94.0,88.96000000000001
22.7,14.0,40,75,93,0.79,1440,64,17,97,0,None,134,63.43609540260115,-18,84.0,76.63000000000001
7.0,17.3,45,91,88,0.82,1397,62,20,269,0,None,139,199.57114346979506,3,89.5,220.57999999999998
17.7,17.4,44,84,83,0.85,908,69,24,167,0,None,119,51.29940604553331,1,83.5,141.95
21.2,18.6,26,83,87,0.97,1216,71,31,132,0,None,108,57.35846351015872,-4,85.0,128.04
21.7,10.3,21,73,79,1.0,1151,65,20,143,0,None,112,53.04145021131327,-6,76.0,143.0
16.6,11.8,24,72,76,0.98,943,80,33,145,0,None,82,56.807194694461025,-4,74.0,142.1
5.3,16.4,30,99,76,0.66,1391,68,26,296,0,None,123,262.45233499559436,23,87.5,195.36
24.5,13.4,39,89,77,1.15,1049,71,29,33,0,None,108,42.81630905456773,12,83.0,37.949999999999996
14.4,10.4,37,84,80,1.29,1453,69,20,244,0,None,124,100.90270770645299,4,82.0,314.76
12.9,15.9,39,93,84,0.96,1400,77,32,263,0,None,113,108.52704765345143,9,88.5,252.48
12.9,13.9,26,73,80,1.34,1145,67,16,134,0,None,121,88.75962111657277,-7,76.5,179.56
13.5,13.6,22,88,87,0.94,1778,79,19,162,0,None,137,131.70360614547693,1,87.5,152.28
9.8,12.6,16,90,95,1.07,1919,76,31,215,0,None,123,195.81612671823802,-5,92.5,230.05
11.5,10.1,34,84,85,0.57,1047,62,16,296,0,None,137,91.04339909269645,-1,84.5,168.72
24.7,11.8,39,78,90,0.65,1007,78,27,77,0,None,114,40.76921426347601,-12,84.0,50.050000000000004
12.4,14.7,42,99,81,1.27,1279,64,29,151,0,None,122,103.14507810880798,18,90.0,191.77
15.5,12.8,29,79,94,0.75,1571,61,26,278,0,None,121,101.35477331950109,-15,86.5,208.5
22.0,18.7,43,74,80,0.59,1595,64,17,255,1,Blades,120,72.49996704546953,-6,77.0,150.45
15.5,11.4,21,89,87,1.07,1587,62,27,281,0,None,122,102.3870307180447,2,88.0,300.67
11.5,18.8,30,87,95,0.59,1533,72,27,81,0,None,128,133.30423190936355,-8,91.0,47.79
15.5,14.0,21,93,91,1.18,1324,69,25,185,0,None,134,85.41929972948405,2,92.0,218.29999999999998
7.3,12.8,21,93,95,1.19,1760,69,22,272,0,None,144,241.09556014306833,-2,94.0,323.68
7.6,13.0,44,89,83,0.95,1949,72,20,106,0,None,132,256.4470309907487,6,86.0,100.69999999999999
18.9,13.3,40,76,77,1.19,1549,70,17,192,0,None,119,81.95762859384732,-1,76.5,228.48
23.3,15.1,15,97,80,1.3,1141,80,16,38,0,None,145,48.969936064405125,17,88.5,49.4
19.5,13.5,23,77,94,0.7,1518,72,31,292,0,None,109,77.84611392506979,-17,85.5,204.39999999999998
6.5,16.5,21,73,82,1.15,1731,72,26,65,0,None,103,266.3072826041806,-9,77.5,74.75
13.1,14.3,19,79,77,1.19,1813,68,18,64,0,None,120,138.39684091844205,2,78.0,76.16
5.1,16.7,36,84,87,0.69,1690,69,17,299,0,None,137,331.3718992707858,-3,85.5,206.30999999999997
15.2,16.0,32,76,85,1.23,1880,80,17,103,0,None,127,123.6841291551782,-9,80.5,126.69
8.9,12.4,29,80,76,1.22,1947,60,18,272,0,None,120,218.76379914179873,4,78.0,331.84
22.4,18.1,21,85,84,0.66,1441,63,16,110,0,None,137,64.33032842396052,1,84.5,72.60000000000001
7.1,18.0,23,80,88,0.82,1495,67,30,189,0,None,108,210.56308371396662,-8,84.0,154.98
5.0,19.9,26,73,80,1.44,1271,78,22,113,0,None,109,254.19949160101683,-7,76.5,162.72
14.0,11.8,39,76,77,0.57,1625,79,21,63,0,None,111,116.07134566332454,-1,76.5,35.91
8.1,18.5,45,94,92,0.73,1555,61,24,284,0,None,138,191.97507163571404,2,93.0,207.32
19.8,18.7,21,99,88,1.08,1097,63,21,172,0,None,145,55.40401242221595,11,93.5,185.76000000000002
23.4,16.4,25,74,78,1.47,1664,78,29,206,0,None,94,71.11108072176039,-4,76.0,302.82
5.8,15.1,23,90,88,0.76,1786,65,21,89,0,None,136,307.9305035680973,2,89.0,67.64
12.9,19.6,16,97,90,1.32,1099,68,27,171,1,Gearbox,133,85.19373240795937,7,93.5,225.72
24.9,19.7,22,79,87,0.87,1081,60,22,41,0,None,122,43.41363718327824,-8,83.0,35.67
19.7,16.4,42,95,77,0.85,1603,70,23,282,0,None,126,81.37051707080352,18,86.0,239.7
24.1,13.6,40,97,77,1.5,1028,77,31,277,1,Gearbox,112,42.6555839603386,20,87.0,415.5
8.3,18.2,20,79,76,1.32,1791,67,25,218,0,None,105,215.78287255075597,3,77.5,287.76
9.4,10.9,26,72,80,0.75,1607,78,23,293,0,None,106,170.95726493907986,-8,76.0,219.75
8.1,12.9,24,98,76,0.69,936,67,22,139,0,None,130,115.55541289455199,22,87.0,95.91
11.0,19.9,19,80,91,0.58,1747,73,28,252,0,None,115,158.8180374381478,-11,85.5,146.16
19.5,18.1,34,70,75,0.98,1461,66,28,130,0,None,89,74.9230385010059,-5,72.5,127.39999999999999
8.3,19.4,32,84,87,0.83,1446,70,17,181,0,None,137,174.21665757029209,-3,85.5,150.23
15.5,15.9,28,73,91,0.88,1243,77,28,197,0,None,108,80.193496649357,-18,82.0,173.36
10.4,14.1,41,97,93,0.93,1212,77,24,181,0,None,142,116.53834948235627,4,95.0,168.33
21.6,19.8,34,75,83,1.49,1450,62,34,213,0,None,90,67.12959855111178,-8,79.0,317.37
5.1,13.1,23,79,87,0.5,903,79,24,196,0,None,118,177.05847635592875,-8,83.0,98.0
9.5,17.6,26,94,94,0.93,1775,70,34,248,0,None,120,186.84190858746464,0,94.0,230.64000000000001
17.1,15.6,20,94,88,0.56,1762,64,31,30,0,None,120,103.04087541469274,6,91.0,16.8
6.9,12.3,33,97,93,1.17,1709,77,34,158,0,None,122,247.68080046260803,4,95.0,184.85999999999999
14.3,10.2,33,85,89,0.55,1563,73,19,149,0,None,136,109.3006228666973,-4,87.0,81.95
13.7,13.8,41,100,76,1.27,1225,70,22,194,0,None,132,89.41599312701233,24,88.0,246.38
22.1,15.5,41,85,79,1.37,1624,76,27,169,1,Blades,110,73.48412964519021,6,82.0,231.53000000000003
17.5,11.8,40,94,94,1.47,1042,64,17,97,1,Gearbox,154,59.54282311838679,0,94.0,142.59
17.8,14.1,31,81,92,0.62,1190,72,29,100,0,None,115,66.85389502590166,-11,86.5,62.0
24.0,16.2,35,98,83,1.48,950,79,20,266,1,Gearbox,141,39.58331684028465,15,90.5,393.68
24.6,17.1,38,91,78,0.91,1845,73,18,205,0,None,133,74.99996951220751,13,84.5,186.55
18.1,10.5,18,72,78,1.13,1811,72,16,69,0,None,118,100.05519333967219,-6,75.0,77.97
15.4,16.6,24,73,93,0.5,1396,61,23,172,0,None,120,90.64929178617416,-20,83.0,86.0
17.2,10.6,20,97,78,0.87,1381,64,18,183,0,None,139,80.29065099380756,19,87.5,159.21
12.6,10.3,30,94,83,0.85,1919,72,25,212,0,None,127,152.3014664274076,11,88.5,180.2
24.7,11.5,40,80,93,1.0,1643,74,23,199,0,None,127,66.51819169303981,-13,86.5,199.0
19.1,16.5,22,86,76,0.63,1680,78,32,54,0,None,98,87.95806913190097,10,81.0,34.02
10.8,10.5,37,96,88,1.19,1295,77,16,54,0,None,152,119.90729638213297,8,92.0,64.25999999999999
6.2,10.2,27,73,82,1.1,1221,67,32,254,0,None,91,196.93516623360284,-9,77.5,279.40000000000003
5.9,11.2,42,74,77,0.71,1026,74,29,127,0,None,93,173.89801034235535,-3,75.5,90.17
9.1,19.5,34,91,86,1.48,980,69,28,108,1,Gearbox,121,107.69218934924248,5,88.5,159.84
9.7,19.1,44,72,85,0.51,1896,70,35,165,0,None,87,195.46371601678763,-13,78.5,84.15
13.3,10.9,22,81,77,0.84,1897,79,16,190,0,None,126,142.63147170566037,4,79.0,159.6
9.3,13.0,43,78,80,0.76,1150,75,25,204,0,None,108,123.65578101528922,-2,79.0,155.04
17.6,19.5,26,93,90,1.06,941,79,30,72,0,None,123,53.46587871256891,3,91.5,76.32000000000001
9.2,11.0,34,70,90,1.39,1281,75,26,162,0,None,108,139.23897908806623,-20,80.0,225.17999999999998
8.8,10.9,20,73,87,1.16,1947,75,21,51,0,None,118,221.24974857983116,-14,80.0,59.16
14.4,10.9,38,73,77,0.55,1236,69,16,220,0,None,118,85.83327372689324,-4,75.0,121.00000000000001
22.8,19.8,44,80,92,1.36,1852,62,28,287,1,Generator,116,81.22803454910765,-12,86.0,390.32000000000005
14.4,17.4,39,77,78,0.77,1798,73,32,131,0,None,91,124.86102440206639,-1,77.5,100.87
13.3,12.1,33,77,89,0.61,1939,69,29,32,0,None,108,145.7893640681473,-12,83.0,19.52
16.6,10.5,28,81,76,0.93,1446,72,16,30,0,None,125,87.10838126001129,5,78.5,27.900000000000002
10.1,19.7,25,76,82,1.4,1914,66,29,262,0,None,100,189.50476286657144,-6,79.0,366.79999999999995
12.1,14.3,28,73,85,0.53,1716,64,30,168,0,None,98,141.81806461316975,-12,79.0,89.04
9.3,16.0,25,87,76,1.13,1855,65,28,283,0,None,107,199.46215111596655,11,81.5,319.78999999999996
16.4,12.8,40,99,78,0.83,1707,73,27,256,0,None,123,104.08530238701076,21,88.5,212.48
18.9,17.6,42,88,81,1.12,1407,79,29,144,0,None,111,74.44440505587035,7,84.5,161.28000000000003
18.5,12.0,43,93,95,0.77,1911,80,27,46,0,None,134,103.29724146095056,-2,94.0,35.42
10.1,17.9,28,99,91,1.47,1781,76,25,264,1,Gearbox,140,176.3364590728128,8,95.0,388.08
20.6,12.3,31,75,92,0.61,1605,79,26,203,0,None,115,77.9125835375808,-17,83.5,123.83
10.1,11.0,32,84,88,0.66,1431,66,16,81,0,None,140,141.68302803660592,-4,86.0,53.46
8.0,14.8,35,87,81,0.55,1004,60,26,138,0,None,116,125.4998431251961,6,84.0,75.9
12.0,18.1,15,80,89,1.29,1797,64,29,166,0,None,111,149.74987520843735,-9,84.5,214.14000000000001
17.0,13.8,40,88,88,0.59,1358,73,25,274,0,None,126,79.88230595158474,0,88.0,161.66
7.8,10.3,23,89,87,0.78,1295,78,26,229,0,None,124,166.025428172528,2,88.0,178.62
18.0,15.5,29,95,81,0.71,1154,78,30,95,0,None,116,64.11107549384695,14,88.0,67.45
22.3,16.8,40,95,80,0.85,1496,77,18,222,0,None,139,67.08517171068533,15,87.5,188.7
10.9,17.4,45,74,82,1.27,1813,75,30,52,0,None,96,166.33012263291502,-8,78.0,66.04
14.0,14.0,39,75,81,1.45,1219,66,22,269,0,None,112,87.07136637759545,-6,78.0,390.05
9.6,11.0,16,77,77,1.38,1913,62,31,291,0,None,92,199.27062575976484,0,77.0,401.58
12.2,15.8,26,78,91,1.34,1337,71,19,200,1,Generator,131,109.59007410649664,-13,84.5,268.0
5.4,13.3,22,87,82,0.92,1966,67,31,255,0,None,107,364.0733998640743,5,84.5,234.60000000000002
24.1,19.5,44,80,89,1.3,1644,63,31,240,1,Blades,107,68.21573932956873,-9,84.5,312.0
13.3,15.0,23,99,81,1.28,1304,69,21,253,0,None,138,98.0450390638804,18,90.0,323.84000000000003
20.8,14.7,43,74,87,0.75,1982,71,31,240,1,Blades,99,95.2884157267232,-13,80.5,180.0
7.9,13.1,43,77,76,0.76,1554,75,17,88,0,None,119,196.70861176125095,1,76.5,66.88
21.2,13.4,40,96,77,1.0,1746,76,31,154,0,None,111,82.35845171771146,19,86.5,154.0
22.2,15.1,18,88,82,1.46,1397,69,18,126,0,None,134,62.927899582027216,6,85.0,183.96
19.3,13.1,15,86,80,0.61,1031,78,35,218,0,None,96,53.41966144058993,6,83.0,132.98
23.1,18.9,39,88,82,1.49,1960,76,27,199,0,None,116,84.84844811755492,6,85.0,296.51
8.3,14.4,40,78,94,0.66,1254,69,31,140,0,None,110,151.0841553202948,-16,86.0,92.4
14.5,12.9,44,93,76,0.99,1910,67,26,222,0,None,117,131.7240470868641,17,84.5,219.78
17.4,11.6,22,85,84,0.8,1898,66,27,285,0,None,115,109.08039708023158,1,84.5,228.0
16.9,16.7,37,71,79,0.92,1004,69,25,280,0,None,100,59.408248870858664,-8,75.0,257.6
22.2,10.3,31,75,82,1.46,1026,67,18,143,0,None,121,46.21619539811018,-7,78.5,208.78
9.3,14.5,25,94,89,1.13,1573,69,20,54,0,None,143,169.13960307569562,5,91.5,61.019999999999996
8.5,15.5,33,80,94,0.8,939,72,34,155,0,None,106,110.4704582700491,-14,87.0,124.0
10.1,13.4,31,93,89,1.13,1363,63,22,56,0,None,138,134.9503614352857,4,91.0,63.279999999999994
22.8,17.5,24,90,93,0.95,1481,76,16,51,0,None,151,64.95611186135444,-3,91.5,48.449999999999996
23.8,16.8,23,79,78,1.44,1116,62,31,244,0,None,95,46.890736600530836,1,78.5,351.36
16.4,19.7,30,74,79,0.85,1747,68,29,222,0,None,95,106.52432529004557,-5,76.5,188.7
15.0,15.1,29,94,93,1.08,1375,63,21,296,0,None,145,91.6666055555963,1,93.5,319.68
17.1,15.4,24,89,87,1.35,1365,66,22,159,0,None,132,79.82451472250601,2,88.0,214.65
17.3,12.5,23,79,91,1.46,1158,69,25,215,1,Generator,120,66.93637749342341,-12,85.0,313.9
8.4,13.9,44,86,79,1.3,1877,75,18,297,0,None,129,223.4521149379584,7,82.5,386.1
18.7,10.3,41,88,82,1.44,912,73,35,212,0,None,100,48.77002739570728,6,85.0,305.28
14.0,16.9,40,70,77,0.96,908,67,23,143,0,None,101,64.85709653064534,-7,73.5,137.28
15.3,13.1,21,90,93,1.26,1995,72,32,160,0,None,119,130.39207163916885,-3,91.5,201.6
5.6,15.4,21,90,94,0.59,923,66,32,106,0,None,120,164.82113424797458,-4,92.0,62.54
20.3,12.5,39,72,92,1.09,1071,77,20,223,0,None,124,52.75859470019965,-20,82.0,243.07000000000002
21.7,16.2,21,94,84,0.51,1871,70,17,121,0,None,144,86.2211584234293,10,89.0,61.71
17.4,14.5,30,95,82,0.76,1577,74,24,95,0,None,129,90.6321318206139,13,88.5,72.2
20.0,14.8,22,79,84,1.17,1587,66,19,286,0,None,125,79.34996032501984,-5,81.5,334.62
15.5,19.4,26,75,88,0.67,1423,74,23,149,0,None,117,91.80639238297266,-13,81.5,99.83000000000001
17.4,17.1,41,91,84,0.7,1066,79,33,137,0,None,109,61.2643326067054,7,87.5,95.89999999999999
12.9,12.6,42,74,83,0.56,1304,62,27,153,0,None,103,101.08519295721476,-9,78.5,85.68
20.8,15.0,45,96,84,1.25,1690,72,23,253,1,Blades,134,81.24996093751878,12,90.0,316.25
14.4,14.7,43,84,90,0.95,1434,70,27,157,0,None,120,99.58326417828877,-6,87.0,149.15
18.6,18.0,35,97,91,1.39,1703,71,17,279,1,Gearbox,154,91.55909055962873,6,94.0,387.80999999999995
17.4,18.3,28,89,92,0.86,908,64,30,47,0,None,121,52.1838780552425,-3,90.5,40.42
19.0,12.8,17,79,80,0.94,1621,61,26,203,0,None,107,85.31574457066075,-1,79.5,190.82
20.7,18.2,33,84,78,0.99,1552,61,34,55,0,None,94,74.97580919043034,6,81.0,54.45
15.3,11.8,21,86,82,1.36,1972,66,23,53,0,None,122,128.8888046478401,4,84.0,72.08
21.3,17.6,41,94,83,0.79,1898,77,19,198,1,Blades,139,89.10793938594395,11,88.5,156.42000000000002
14.9,12.5,31,96,89,0.55,1560,76,19,293,0,None,147,104.69791631012328,7,92.5,161.15
24.1,13.0,37,90,90,1.13,1534,80,32,97,0,None,116,63.65142587077764,0,90.0,109.60999999999999
20.1,18.5,35,79,95,1.33,1002,75,24,203,1,Generator,126,49.85072146730275,-16,87.0,269.99
8.4,14.2,25,86,83,1.06,1935,67,21,217,0,None,127,230.35686862277544,3,84.5,230.02
21.6,19.9,38,74,83,0.82,1678,78,31,203,0,None,95,77.68514921983832,-9,78.5,166.45999999999998
16.0,11.5,40,77,86,1.13,1452,76,30,246,0,None,103,90.74994328128545,-9,81.5,277.97999999999996
24.7,14.6,37,79,91,1.49,1843,74,33,103,1,Generator,104,74.61535440673912,-12,85.0,153.47
19.4,17.3,38,72,88,1.07,1704,71,32,30,0,None,96,87.83500627061534,-16,80.0,32.1
6.7,10.1,26,97,86,0.82,1520,74,17,91,0,None,149,226.86533303681637,11,91.5,74.61999999999999
12.9,11.5,43,74,88,0.74,1493,79,18,32,0,None,126,115.7363443904307,-14,81.0,23.68
15.3,10.2,28,91,84,1.5,1919,77,24,132,1,Gearbox,127,125.42475462434338,7,87.5,198.0
21.8,19.9,42,85,90,1.35,1779,64,33,150,1,Blades,109,81.60546715345544,-5,87.5,202.5
19.6,17.6,41,95,77,0.78,1343,62,30,108,0,None,112,68.52037320389122,18,86.0,84.24000000000001
12.4,13.7,19,92,85,0.76,1592,60,18,295,0,None,141,128.38699323629578,7,88.5,224.2
18.1,11.6,44,93,91,1.3,1116,74,19,98,0,None,146,61.6574244986605,2,92.0,127.4
16.5,10.9,45,83,81,1.49,1927,66,24,88,0,None,116,116.78780800738909,2,82.0,131.12
7.5,15.3,33,95,92,0.97,1665,74,29,266,0,None,129,221.99970400039467,3,93.5,258.02
9.7,19.8,38,73,91,0.73,1956,64,19,253,0,None,126,201.6492766502303,-18,82.0,184.69
11.8,16.7,43,83,87,0.73,1221,69,17,206,0,None,136,103.47448858094188,-4,85.0,150.38
8.9,13.7,16,100,80,1.3,1247,60,15,274,0,None,150,140.11220212112121,20,90.0,356.2
8.0,15.0,43,98,92,1.11,1815,62,18,181,0,None,154,226.8747164066045,6,95.0,200.91000000000003
6.2,20.0,34,72,76,1.13,1188,62,23,87,0,None,102,191.6125941732352,-4,74.0,98.30999999999999
22.5,15.2,40,87,87,0.69,1293,76,32,70,0,None,110,57.46664112593728,0,87.0,48.3
10.8,19.6,31,79,91,0.63,1873,78,16,171,0,None,138,173.42576534651357,-12,85.0,107.73
10.8,10.2,31,92,85,0.51,1470,63,29,72,0,None,119,136.11098508242122,7,88.5,36.72
9.1,17.2,42,92,77,1.42,1230,70,18,132,1,Gearbox,133,135.1646866322125,15,84.5,187.44
14.5,16.3,30,70,92,0.85,1350,63,25,115,0,None,112,93.10338406663168,-22,81.0,97.75
15.3,16.9,29,95,93,1.26,1683,76,21,128,0,None,146,109.99992810462216,2,94.0,161.28
9.2,15.7,33,77,86,1.38,1075,76,32,46,0,None,99,116.84769907858797,-9,81.5,63.48
17.2,10.4,31,99,91,1.1,1958,76,28,264,0,None,134,113.83714311794006,8,95.0,290.40000000000003
19.5,11.5,28,97,87,0.92,1442,65,21,210,0,None,142,73.94868002631793,10,92.0,193.20000000000002
12.5,19.2,20,76,86,0.54,1741,67,25,75,0,None,112,139.27988857608915,-10,81.0,40.5
16.7,12.3,27,89,78,0.84,1672,64,30,138,0,None,107,100.11970052712545,11,83.5,115.92
15.0,19.9,23,79,84,0.82,1649,60,32,235,0,None,99,109.93326004449331,-5,81.5,192.7
8.9,16.8,27,73,89,1.07,1362,61,27,182,0,None,108,153.03353591737536,-16,81.0,194.74
19.6,14.4,33,96,84,1.26,947,80,27,212,0,None,126,48.316301879437816,12,90.0,267.12
21.0,19.2,33,75,87,1.21,1716,78,17,154,0,None,128,81.71424680273962,-12,81.0,186.34
18.0,17.9,22,83,93,1.37,1949,62,25,179,1,Generator,126,108.2777176234902,-10,88.0,245.23000000000002
11.5,14.3,18,98,82,0.55,1456,69,31,247,0,None,118,126.6085855577517,16,90.0,135.85000000000002
23.5,10.7,37,72,92,1.11,1949,79,29,199,0,None,106,82.93613492079365,-20,82.0,220.89000000000001
14.1,18.7,31,87,76,0.69,1488,61,16,41,0,None,131,105.5318400483404,11,81.5,28.29
10.3,17.7,28,87,92,1.47,1084,73,29,72,1,Generator,121,105.24261626930459,-5,89.5,105.84
13.2,17.9,19,93,77,0.91,1163,62,23,67,0,None,124,88.10599385909556,16,85.0,60.97
18.8,17.4,27,95,81,1.12,1851,67,29,34,0,None,118,98.45739443755615,14,88.0,38.080000000000005
21.9,12.8,40,83,85,0.85,1584,61,31,63,0,None,106,72.32873409646845,-2,84.0,53.55
12.1,18.6,32,92,88,0.72,1356,72,18,216,0,None,144,112.06602308593133,4,90.0,155.51999999999998
9.7,10.0,18,97,94,1.19,1779,74,32,263,0,None,127,183.40187278157447,3,95.5,312.96999999999997
17.5,12.4,25,97,81,1.44,1606,61,19,98,1,Gearbox,140,91.77137613064221,16,89.0,141.12
23.4,10.5,44,85,77,0.56,1860,70,21,119,1,Blades,120,79.48714551831388,8,81.0,66.64
8.7,11.1,31,88,84,1.33,1968,66,29,138,0,None,114,226.20663654409594,4,86.0,183.54000000000002
21.1,15.3,24,90,82,0.84,1616,74,30,241,0,None,112,76.58764142765808,8,86.0,202.44
14.5,10.4,42,95,87,0.62,1968,70,24,275,0,None,134,135.7240443282453,8,91.0,170.5
21.0,11.8,25,85,93,1.21,1417,60,17,238,0,None,144,67.47615834468651,-8,89.0,287.98
15.1,12.3,37,73,88,0.58,1824,65,33,246,0,None,95,120.79462199031657,-15,80.5,142.67999999999998
12.5,16.6,19,82,87,1.23,1897,70,22,217,0,None,125,151.75987859209712,-5,84.5,266.90999999999997
18.9,14.7,20,92,80,0.94,950,62,34,246,0,None,104,50.2645236695642,12,86.0,231.23999999999998
23.0,14.6,32,89,80,0.66,1852,78,32,80,0,None,105,80.52170412099821,9,84.5,52.800000000000004
11.4,17.7,22,93,84,0.66,1350,78,21,256,0,None,135,118.42094875355373,9,88.5,168.96
14.2,14.6,16,85,93,1.25,1338,62,30,231,0,None,118,94.22528575684102,-8,89.0,288.75
9.6,13.5,43,75,87,1.33,1760,78,20,133,0,None,122,183.33314236131005,-12,81.0,176.89000000000001
8.7,19.6,17,73,85,1.19,1171,71,16,59,0,None,126,134.5975464396018,-12,79.0,70.21
20.6,10.1,37,84,86,1.22,935,77,20,239,0,None,130,45.38832748139443,-2,85.0,291.58
9.0,13.1,25,76,92,1.35,1198,73,18,278,1,Generator,132,133.1109632100409,-16,84.0,375.3
20.9,16.1,43,99,89,0.93,1613,78,21,96,1,Blades,146,77.17699656603035,10,94.0,89.28
13.6,17.8,45,76,94,0.67,1949,69,25,47,0,None,120,143.3087181553543,-18,85.0,31.490000000000002
24.9,18.2,25,87,87,0.88,1335,80,18,73,0,None,138,53.614436299423176,0,87.0,64.24
8.9,10.5,33,70,79,1.48,1777,77,17,86,0,None,115,199.6626970082056,-9,74.5,127.28
6.9,17.1,38,78,75,0.95,1121,73,25,213,0,None,103,162.46353266154688,3,76.5,202.35
6.5,17.2,19,78,81,1.42,1837,68,22,76,0,None,115,282.6149498231541,-3,79.5,107.91999999999999
21.7,12.1,36,92,76,1.2,1742,72,24,252,0,None,120,80.27646070209185,16,84.0,302.4
13.8,11.1,42,85,83,1.24,1393,75,35,48,0,None,98,100.94195583916243,2,84.0,59.519999999999996
5.1,17.5,20,70,79,0.69,1884,67,22,198,0,None,105,369.4110403705091,-9,74.5,136.61999999999998
22.5,12.5,40,81,83,0.87,942,71,27,276,0,None,110,41.86664805926753,-2,82.0,240.12
22.5,10.0,18,89,83,1.23,1764,78,25,125,0,None,122,78.39996515557104,6,86.0,153.75
21.1,12.2,32,89,81,1.16,939,79,30,95,0,None,110,44.50234857708598,8,85.0,110.19999999999999
10.0,10.3,25,72,88,1.36,1851,72,35,157,0,None,90,185.0998149001851,-16,80.0,213.52
12.5,12.5,29,98,84,0.71,1094,63,25,225,0,None,132,87.51992998405602,14,91.0,159.75
19.9,13.4,24,77,93,1.25,942,75,22,204,0,None,126,47.33665962981929,-16,85.0,255.0
14.8,12.7,23,97,77,0.54,1240,65,18,222,0,None,138,83.78372717315732,20,87.0,119.88000000000001
8.1,19.2,37,76,83,0.8,1097,61,31,171,0,None,97,135.4319315655166,-7,79.5,136.8
9.9,12.3,22,87,91,1.13,1617,67,16,62,0,None,146,163.333168350335,-4,89.0,70.05999999999999
24.5,14.7,27,82,85,1.48,1420,65,27,128,0,None,113,57.95916001666938,-3,83.5,189.44
8.0,19.6,23,87,94,1.49,1043,70,30,284,1,Generator,121,130.37483703145372,-7,90.5,423.16
19.5,18.8,22,85,78,0.94,1908,60,19,66,0,None,125,97.84610366866478,7,81.5,62.04
14.6,13.1,34,70,81,1.26,1305,74,25,169,0,None,101,89.38350042225998,-11,75.5,212.94
20.0,13.3,16,81,77,1.1,1211,69,23,222,0,None,112,60.54996972501514,4,79.0,244.20000000000002
18.2,15.9,39,70,80,1.21,1668,65,19,66,0,None,112,91.64830129214215,-10,75.0,79.86
13.8,19.2,31,91,88,1.23,1333,65,33,52,0,None,113,96.59413290280224,3,89.5,63.96
12.1,10.1,40,96,85,1.05,1060,61,26,199,0,None,129,87.60323338575753,11,90.5,208.95000000000002
20.1,13.9,21,82,78,1.31,1541,64,32,91,0,None,96,76.6666285240654,4,80.0,119.21000000000001
11.5,18.5,36,86,84,1.08,933,62,32,211,0,None,106,81.13036423446589,2,85.0,227.88000000000002
20.8,14.1,28,72,92,0.6,1590,69,35,201,0,None,94,76.4422709412159,-20,82.0,120.6
18.6,17.2,17,82,84,1.49,1854,70,33,60,0,None,100,99.67736576485711,-2,83.0,89.4
16.6,16.9,38,74,75,0.8,1188,76,30,39,0,None,89,71.56622194805907,-1,74.5,31.200000000000003
12.4,12.1,38,72,76,1.46,1838,71,29,151,0,None,90,148.22568691476863,-4,74.0,220.46
9.1,14.5,23,75,84,0.79,1170,72,18,279,0,None,123,128.5712872842997,-9,79.5,220.41
19.2,15.7,42,96,87,1.35,1123,62,24,169,1,Gearbox,135,58.48955287002455,9,91.5,228.15
6.8,17.2,38,99,93,1.19,1687,67,26,281,0,None,140,248.08787045901406,6,96.0,334.39
24.4,18.2,24,96,95,0.86,972,76,16,62,0,None,159,39.836049247520805,1,95.5,53.32
24.6,17.6,22,99,95,1.44,945,72,18,202,1,Gearbox,158,38.41461853064287,4,97.0,290.88
7.6,10.3,28,92,86,1.08,1402,68,28,76,0,None,122,184.47344148231386,6,89.0,82.08000000000001
7.1,16.7,24,75,76,1.33,938,69,18,105,0,None,115,132.11248998240848,-1,75.5,139.65
13.3,15.0,22,87,79,1.3,1446,62,22,210,0,None,122,108.72172276562198,8,83.0,273.0
24.3,15.7,27,92,84,0.55,1614,61,16,184,0,None,144,66.41972575319927,8,88.0,101.2
13.0,13.7,16,85,93,0.77,1151,63,18,136,0,None,142,88.53839343200505,-8,89.0,104.72
12.3,17.1,27,87,75,0.97,1889,66,26,120,0,None,110,153.57711091291796,12,81.0,116.39999999999999
19.1,16.7,22,88,85,1.43,1120,66,28,207,0,None,117,58.63871275460065,3,86.5,296.01
8.6,15.8,23,84,88,0.56,1161,74,17,231,0,None,138,134.99984302343836,-4,86.0,129.36
12.3,18.6,17,79,81,0.69,1904,63,20,177,0,None,120,154.7966221165674,-2,80.0,122.13
10.8,11.0,33,89,81,1.12,1656,75,23,126,0,None,124,153.33319135815614,8,85.0,141.12
17.0,13.0,29,72,83,1.15,1481,74,29,213,0,None,97,87.11759581317894,-11,77.5,244.95
8.3,15.0,38,75,80,0.66,1263,63,17,47,0,None,121,152.1684913632634,-5,77.5,31.020000000000003
16.0,19.6,45,98,84,1.45,1746,73,24,222,1,Gearbox,134,109.12493179691764,14,91.0,321.9
22.2,10.7,19,85,78,0.68,1547,67,30,260,0,None,103,69.68465329520122,7,81.5,176.8
15.3,13.4,23,95,79,0.68,1276,62,18,290,0,None,138,83.3986383015436,16,87.0,197.20000000000002
18.7,19.3,35,92,76,1.14,1809,72,26,219,0,None,116,96.73791618293252,16,84.0,249.65999999999997
6.5,19.0,22,80,83,0.92,1774,76,24,115,0,None,115,272.9226570420661,-3,81.5,105.80000000000001
14.0,18.7,16,94,89,0.53,1935,79,23,195,0,None,137,138.21418698986645,5,91.5,103.35000000000001
6.9,13.1,18,73,85,1.42,1994,71,34,74,0,None,90,288.9850884274081,-12,79.0,105.08
17.0,18.5,28,96,86,0.58,913,71,23,90,0,None,136,53.70585076126426,10,91.0,52.199999999999996
10.6,15.1,28,90,84,0.66,1252,69,24,92,0,None,126,118.11309611972065,6,87.0,60.720000000000006
10.7,16.2,44,98,87,1.4,1112,66,16,217,1,Gearbox,153,103.92513651856402,11,92.5,303.79999999999995
6.5,12.4,29,97,80,0.78,1135,63,22,295,0,None,133,174.61511597674465,17,88.5,230.1
11.2,17.1,35,81,79,1.32,1851,66,25,144,0,None,110,165.26770958240218,2,80.0,190.08
15.1,13.3,30,96,94,0.67,1972,67,15,291,0,None,160,130.59594000268874,2,95.0,194.97
16.7,13.4,23,87,84,0.55,1934,75,16,153,0,None,139,115.8083138872372,3,85.5,84.15
6.3,16.4,18,75,92,0.73,1666,63,20,64,0,None,127,264.4440246920243,-17,83.5,46.72
18.0,12.4,41,95,93,1.24,1510,64,30,62,0,None,128,83.88884228397652,2,94.0,76.88
14.8,12.2,20,97,87,1.16,1602,79,31,252,0,None,122,108.24317010596614,10,92.0,292.32
15.7,13.7,18,73,81,0.81,1841,61,31,246,0,None,92,117.26107180823452,-8,77.0,199.26000000000002
21.7,17.8,21,98,89,1.13,908,79,26,216,0,None,135,41.84329868972411,9,93.5,244.07999999999998
11.8,12.2,15,88,84,1.16,1371,63,32,76,0,None,108,116.18634221496423,4,86.0,88.16
8.5,17.9,17,71,94,1.06,1457,71,18,139,0,None,129,171.41156304521996,-23,82.5,147.34
16.0,17.0,34,86,91,1.44,1916,68,33,285,1,Generator,111,119.74992515629678,-5,88.5,410.4
23.9,16.8,22,94,91,1.29,1089,68,31,100,0,None,123,45.564834491701056,3,92.5,129.0
15.4,14.7,25,86,87,1.32,1719,74,27,136,0,None,119,111.6233041407116,-1,86.5,179.52
21.6,17.5,40,91,75,0.93,1916,73,27,159,0,None,112,88.70366263719322,16,83.0,147.87
20.1,10.1,38,96,92,1.18,1740,79,17,182,0,None,154,86.56712111088501,4,94.0,214.76
15.4,13.1,30,96,76,0.68,911,74,31,260,0,None,110,59.15580574298328,20,86.0,176.8
18.0,16.8,33,75,77,0.8,1625,72,25,210,0,None,102,90.27772762348465,-2,76.0,168.0
13.1,19.9,18,83,92,1.0,1130,64,31,54,0,None,113,86.25947613780448,-9,87.5,54.0
15.6,10.0,38,73,79,1.32,1566,70,21,282,0,None,110,100.3845510355442,-6,76.0,372.24
15.1,15.1,30,88,92,0.84,1528,70,16,179,0,None,148,101.19198596557221,-4,90.0,150.35999999999999
19.2,19.2,32,99,80,0.94,1953,73,25,158,0,None,129,101.71869702151197,19,89.5,148.51999999999998
13.2,18.6,35,75,90,1.46,1109,67,33,189,0,None,99,84.01508786735768,-15,82.5,275.94
7.0,10.2,30,82,86,0.78,956,63,17,235,0,None,134,136.57123346966648,-4,84.0,183.3
20.8,15.3,31,99,88,1.12,1572,78,23,95,0,None,141,75.57688674188137,11,93.5,106.4
18.7,10.0,30,93,92,0.6,1278,61,32,276,0,None,121,68.34220944266875,1,92.5,165.6
24.0,17.9,30,72,95,0.91,1725,63,20,214,0,None,127,71.87497005209582,-23,83.5,194.74
13.6,13.1,38,83,77,0.83,1993,69,20,122,0,None,120,146.5440098941104,6,80.0,101.25999999999999
6.6,17.7,28,100,89,0.51,1342,78,27,103,0,None,135,203.33302525299206,11,94.5,52.53
7.4,19.4,15,84,94,1.09,1067,62,32,298,0,None,114,144.18899433919685,-10,89.0,324.82000000000005
20.5,19.8,33,89,82,0.83,1510,75,27,273,0,None,117,73.65850065438993,7,85.5,226.58999999999997
6.4,18.9,44,91,82,0.75,1281,66,17,150,0,None,139,200.15593725634804,9,86.5,112.5
23.2,12.0,23,90,89,1.39,1774,62,34,239,0,None,111,76.46548428211885,1,89.5,332.21
10.6,11.9,39,86,83,0.73,1488,78,26,91,0,None,117,140.3772260592207,3,84.5,66.42999999999999
23.0,16.3,29,74,79,0.91,1899,79,22,204,0,None,109,82.56518149339935,-5,76.5,185.64000000000001
20.5,15.4,34,91,78,1.45,1822,63,30,187,1,Gearbox,109,88.87800542536321,13,84.5,271.15
22.4,10.1,42,98,79,0.58,1906,78,29,230,1,Blades,119,85.08924772801441,19,88.5,133.39999999999998
9.3,13.9,38,98,89,1.44,1229,73,21,192,1,Gearbox,145,132.1503955372091,9,93.5,276.48
16.9,19.1,42,88,93,0.89,1893,64,32,82,0,None,117,112.01176804037395,-5,90.5,72.98
6.9,19.0,15,85,91,1.29,1853,73,17,286,0,None,142,268.55033543429647,-6,88.0,368.94
9.0,12.0,21,80,84,0.86,1590,76,33,287,0,None,98,176.66647037058848,-4,82.0,246.82
11.2,13.8,28,73,86,0.92,1901,70,17,130,0,None,125,169.73199131072207,-13,79.5,119.60000000000001
19.8,15.6,40,96,87,0.94,960,78,16,162,0,None,151,48.48482399756364,9,91.5,152.28
5.5,18.5,40,74,87,1.45,1764,71,32,189,0,None,97,320.72668958783714,-13,80.5,274.05
23.1,15.3,21,79,94,1.05,1060,64,16,185,0,None,141,45.88742602275929,-15,86.5,194.25
6.4,19.7,19,92,93,0.72,1275,74,35,80,0,None,115,199.2184387211895,-1,92.5,57.599999999999994
12.5,18.0,40,91,76,1.11,1703,74,17,145,0,None,133,136.2398910080872,15,83.5,160.95000000000002
6.6,19.5,31,90,92,1.39,1131,73,32,265,1,Generator,118,171.3633767221565,-2,91.0,368.34999999999997
20.4,17.3,34,92,77,0.71,1154,78,34,240,0,None,101,56.56859972127465,15,84.5,170.39999999999998
7.8,18.8,39,86,89,0.84,1133,71,26,56,0,None,123,145.25622403048203,-3,87.5,47.04
22.7,18.3,21,75,81,1.07,1402,74,18,205,0,None,120,61.76208732947695,-6,78.0,219.35000000000002
15.6,12.5,19,100,90,1.49,989,79,18,227,1,Gearbox,154,63.39739525807997,10,95.0,338.23
24.0,12.3,41,97,75,0.97,1875,63,30,52,1,Blades,112,78.12496744793023,22,86.0,50.44
10.8,18.6,18,83,83,1.08,1703,68,16,133,0,None,134,157.68503918051928,0,83.0,143.64000000000001
14.1,10.8,18,86,75,0.64,1465,64,29,155,0,None,103,103.90063553146416,11,80.5,99.2
18.9,14.1,23,82,94,1.26,993,66,21,159,0,None,134,52.539654740923424,-12,88.0,200.34
21.6,18.2,25,89,75,0.72,1037,70,34,299,0,None,96,48.00923703276063,14,82.0,215.28
13.4,18.1,22,92,78,0.83,1008,77,26,194,0,None,118,75.2238244598325,14,85.0,161.01999999999998
22.8,11.4,37,77,86,1.21,916,68,19,97,0,None,125,40.17542097569255,-9,81.5,117.36999999999999
7.4,14.9,44,83,88,1.21,1634,71,32,58,0,None,107,220.81051241822647,-5,85.5,70.17999999999999
19.2,14.8,21,89,90,0.82,1461,76,35,48,0,None,109,76.09371036785919,-1,89.5,39.36
12.0,13.2,38,100,80,1.35,1320,79,30,175,1,Gearbox,120,109.99990833340972,20,90.0,236.25000000000003
7.0,19.2,16,80,81,1.29,1282,67,29,249,0,None,103,183.14259551057785,-1,80.5,321.21000000000004
12.7,16.5,19,92,80,1.12,1408,64,32,188,0,None,108,110.86605443617762,12,86.0,210.56000000000003
22.6,19.8,30,80,80,0.68,1422,72,15,242,0,None,130,62.920326141448605,0,80.0,164.56
24.6,10.7,45,73,91,1.4,1053,78,33,215,1,Generator,98,42.804860648430626,-18,82.0,301.0
12.9,13.9,43,93,94,1.03,1485,65,20,151,0,None,147,115.11618983241098,-1,93.5,155.53
22.7,18.4,18,89,87,0.88,953,70,27,174,0,None,122,41.982360360193674,2,88.0,153.12
15.2,14.2,22,85,78,1.43,1933,70,24,51,0,None,115,127.1709689664678,7,81.5,72.92999999999999
19.3,12.6,43,90,76,1.47,1686,79,24,291,0,None,118,87.35746769043125,14,83.0,427.77
5.9,20.0,20,96,80,1.22,910,69,24,102,0,None,128,154.23702671690387,16,88.0,124.44
16.1,18.7,37,93,79,1.29,1218,71,29,88,0,None,114,75.65212692414477,14,86.0,113.52000000000001
6.4,15.5,15,96,87,0.75,1981,63,29,205,0,None,125,309.5307663581776,9,91.5,153.75
10.4,15.6,34,79,89,0.76,953,69,23,38,0,None,122,91.63452727449301,-10,84.0,28.88
16.3,10.1,30,94,75,1.07,1061,67,35,259,0,None,99,65.09198460614441,19,84.5,277.13
21.1,19.8,29,81,84,1.48,1425,64,34,67,0,None,97,67.53551301634454,-3,82.5,99.16
16.2,18.1,40,71,87,1.24,1289,70,18,233,0,None,122,79.5678521186098,-16,79.0,288.92
23.7,10.4,17,71,79,1.25,1984,75,29,267,0,None,92,83.71304484681653,-8,75.0,333.75
21.2,11.8,26,92,93,0.76,1494,64,25,198,0,None,135,70.47166487185619,-1,92.5,150.48
8.1,18.2,28,78,86,0.92,1935,63,20,267,0,None,124,238.88859396469883,-8,82.0,245.64000000000001
12.8,10.9,19,79,82,0.84,1315,62,31,32,0,None,99,102.73429473883223,-3,80.5,26.88
18.4,19.4,18,89,75,0.8,1199,75,19,53,0,None,126,65.16300806358258,14,82.0,42.400000000000006
23.8,20.0,20,92,85,1.23,1217,76,28,269,0,None,121,51.13443229645702,7,88.5,330.87
24.8,18.9,22,87,82,0.6,1600,78,30,102,0,None,109,64.5161030177004,5,84.5,61.199999999999996
20.3,17.4,44,91,94,0.67,1564,79,23,33,1,Blades,139,77.04429702251377,-3,92.5,22.110000000000003
16.5,14.9,29,98,83,0.91,1509,68,16,232,0,None,149,91.4544900275818,15,90.5,211.12
20.1,10.8,30,96,93,0.8,1108,67,21,272,0,None,147,55.12435068440264,3,94.5,217.60000000000002
10.5,17.3,36,77,89,1.4,1190,80,31,219,0,None,104,113.3332253969282,-12,83.0,306.59999999999997
10.7,14.0,36,97,76,0.7,1218,63,28,204,0,None,117,113.83166931619691,21,86.5,142.79999999999998
18.1,15.7,30,79,94,0.75,1853,61,25,123,0,None,123,102.37563404661101,-15,86.5,92.25
22.4,12.9,25,90,78,0.68,1799,68,29,192,0,None,110,80.31246414622137,12,84.0,130.56
24.4,12.4,25,96,84,1.36,1126,62,19,218,1,Gearbox,142,46.14752207068768,12,90.0,296.48
11.8,13.2,17,89,93,0.7,1061,68,34,104,0,None,114,89.91517803798472,-4,91.0,72.8
20.9,18.1,42,94,92,0.85,1012,68,32,93,1,Blades,122,48.42102946362227,2,93.0,79.05
22.0,14.3,38,98,85,1.17,974,73,16,213,0,None,151,44.27270714876948,13,91.5,249.20999999999998
17.5,13.1,34,99,79,0.58,1983,75,28,31,0,None,122,113.3142209633023,20,89.0,17.98
12.0,14.3,27,82,85,1.32,1792,73,21,279,0,None,125,149.3332088889926,-3,83.5,368.28000000000003
17.4,10.3,32,100,86,1.21,919,74,25,90,0,None,136,52.816061599964605,14,93.0,108.89999999999999
16.7,18.9,30,78,95,0.76,907,67,19,214,0,None,135,54.31134472374568,-17,86.5,162.64000000000001
17.1,15.5,23,84,91,0.89,1659,69,30,294,0,None,115,97.01748712427653,-7,87.5,261.66
17.4,11.0,24,93,92,1.12,1242,74,16,119,0,None,153,71.37926932225902,1,92.5,133.28
21.9,12.9,41,99,95,1.45,1009,63,26,39,1,Gearbox,142,46.07303832281355,4,97.0,56.55
8.4,19.8,34,72,85,1.13,1410,74,17,60,0,None,123,167.85694302744878,-13,78.5,67.8
12.3,15.9,15,98,87,0.75,921,79,21,135,0,None,143,74.87798790407487,11,92.5,101.25
16.7,12.9,25,100,84,0.98,1367,64,19,172,0,None,146,81.85623840943808,16,92.0,168.56
10.7,14.3,25,97,78,0.95,1161,68,24,211,0,None,127,108.50457149105469,19,87.5,200.45
24.6,12.6,36,73,86,1.03,1191,72,25,218,0,None,109,48.414614465603876,-13,79.5,224.54
10.3,10.3,36,95,87,1.02,1215,74,28,257,0,None,126,117.96105052325191,8,91.0,262.14
14.4,18.4,29,89,80,0.86,1238,65,24,171,0,None,121,85.97216251933159,9,84.5,147.06
22.5,12.9,44,70,91,1.37,922,72,29,101,1,Generator,103,40.977759565440195,-21,80.5,138.37
6.6,18.4,41,100,77,0.83,1527,79,31,207,0,None,115,231.36328581320333,23,88.5,171.81
21.4,14.8,41,75,85,1.03,1503,67,35,265,1,Blades,90,70.23361204036821,-10,80.0,272.95
16.4,11.8,25,82,88,0.76,1616,71,17,59,0,None,136,98.53652528260655,-6,85.0,44.84
5.6,18.0,28,71,76,0.93,1076,72,23,198,0,None,101,192.14251403122498,-5,73.5,184.14000000000001
23.1,13.8,28,79,91,1.18,1994,78,20,41,0,None,130,86.3203089522472,-12,85.0,48.379999999999995
5.8,17.1,28,87,81,1.26,1049,66,29,112,0,None,110,180.8617571349015,6,84.0,141.12
15.3,18.4,42,98,89,1.31,1793,77,25,75,1,Gearbox,137,117.18946588923798,9,93.5,98.25
6.0,19.6,22,100,77,1.24,1142,73,17,226,0,None,143,190.33301611163984,23,88.5,280.24
6.4,10.9,39,83,87,0.97,1383,74,16,34,0,None,138,216.0934123540432,-4,85.0,32.98
22.7,10.1,30,83,86,0.54,1257,61,25,117,0,None,119,55.37442494518725,-3,84.5,63.18000000000001
20.3,15.5,22,75,78,1.02,1238,67,22,134,0,None,109,60.98519163291053,-3,76.5,136.68
8.9,12.6,31,85,87,0.56,1435,62,26,175,0,None,120,161.2357738923889,-2,86.0,98.00000000000001
17.4,14.7,21,98,89,1.47,1164,71,20,182,1,Gearbox,147,66.89651327786594,9,93.5,267.54
20.9,10.7,18,75,85,0.88,1502,77,23,215,0,None,114,71.86599432249076,-10,80.0,189.2
22.8,15.0,40,78,87,1.0,1176,68,34,281,0,None,97,51.57892474608564,-9,82.5,281.0
14.4,11.2,36,97,93,0.63,1970,65,20,213,0,None,150,136.8054605517635,4,95.0,134.19
22.9,18.4,21,89,89,1.5,1163,66,15,57,0,None,148,50.78600402357903,0,89.0,85.5
15.2,17.6,43,80,93,0.99,1741,71,33,245,0,None,107,114.53939832934321,-13,86.5,242.55
18.8,10.7,16,94,86,0.8,1417,75,31,94,0,None,118,75.3723003338828,8,90.0,75.2
24.6,18.4,25,73,78,0.69,942,74,24,235,0,None,103,38.29266736070432,-5,75.5,162.14999999999998
9.7,13.2,16,96,80,1.15,1068,79,26,112,0,None,124,110.10297927527911,16,88.0,128.79999999999998
8.4,13.5,19,86,79,0.94,1921,78,22,126,0,None,121,228.6902039402334,7,82.5,118.44
11.8,11.8,20,93,82,0.82,1802,62,18,130,0,None,139,152.71173499005508,11,87.5,106.6
8.3,18.4,39,86,85,0.51,1059,74,20,227,0,None,131,127.5902077226413,1,85.5,115.77
10.7,14.0,45,77,80,0.54,956,68,22,276,0,None,113,89.34571089185899,-3,78.5,149.04000000000002
19.9,10.5,41,89,85,1.19,1068,67,26,171,0,None,122,53.668314739540335,4,87.0,203.48999999999998
14.6,19.7,34,75,82,0.98,1542,70,21,243,0,None,115,105.61636601618767,-7,78.5,238.14
12.5,12.6,37,77,86,1.35,1597,75,21,107,0,None,121,127.75989779208177,-9,81.5,144.45000000000002
12.4,19.4,31,86,84,1.25,1317,68,26,74,0,None,118,106.20959176645826,2,85.0,92.5
8.9,13.0,28,82,84,1.07,1209,76,21,90,0,None,124,135.84254399714158,-2,83.0,96.30000000000001
13.9,18.3,36,92,85,1.06,1128,69,34,233,0,None,109,81.15102075466133,7,88.5,246.98000000000002
17.5,16.6,44,88,95,1.25,1383,61,24,118,0,None,135,79.02852626941356,-7,91.5,147.5
7.8,18.6,16,81,86,1.24,925,73,31,159,0,None,105,118.58959155180571,-5,83.5,197.16
24.5,19.8,24,80,89,0.83,910,76,29,38,0,None,111,37.142841982513474,-9,84.5,31.54
13.9,18.7,25,97,83,0.61,1778,66,18,64,0,None,144,127.91357704059206,14,90.0,39.04
24.0,14.0,27,71,82,1.27,1483,64,31,91,0,None,91,61.79164092014962,-11,76.5,115.57000000000001
7.7,18.1,34,91,93,0.72,1759,73,20,122,0,None,144,228.4412617645951,-2,92.0,87.84
20.3,17.1,30,82,90,1.29,1025,67,33,110,0,None,106,50.49258596424337,-8,86.0,141.9
17.4,10.6,16,81,87,1.12,1797,78,29,143,0,None,110,103.27580271505592,-6,84.0,160.16000000000003
21.4,19.3,27,90,82,0.86,1915,75,29,104,0,None,114,89.48593949255165,8,86.0,89.44
17.0,14.7,34,96,80,1.35,1487,69,21,122,1,Gearbox,134,87.47053678203719,16,88.0,164.70000000000002
24.3,11.3,30,92,80,1.19,1016,80,23,184,0,None,126,41.81068238243523,12,86.0,218.95999999999998
17.5,14.3,41,90,85,1.05,1036,67,30,83,0,None,115,59.199966171447905,5,87.5,87.15
20.7,16.0,27,85,92,0.8,1114,69,22,31,0,None,133,53.81639912251251,-7,88.5,24.8
22.6,15.7,15,84,93,1.49,1104,73,24,99,1,Generator,129,48.849535907284995,-9,88.5,147.51
19.3,15.7,24,84,90,1.34,1939,70,26,289,0,None,122,100.46626918846155,-6,87.0,387.26000000000005
15.5,12.6,19,74,86,0.64,1780,67,21,244,0,None,118,114.83863558797704,-12,80.0,156.16
10.5,16.3,23,87,80,1.31,1250,68,30,76,0,None,107,119.04750566904222,7,83.5,99.56
22.1,19.1,26,79,85,0.62,1798,77,20,124,0,None,124,81.35742925003201,-6,82.0,76.88
14.6,13.9,35,89,89,0.75,1749,64,16,205,0,None,146,119.79443849695994,0,89.0,153.75
17.4,16.3,25,86,87,1.46,1291,66,31,215,0,None,111,74.19535965783929,-1,86.5,313.9
6.6,12.4,42,98,85,1.37,933,64,22,147,1,Gearbox,139,141.3634221766331,13,91.5,201.39000000000001
14.9,10.5,24,83,84,1.11,910,70,32,208,0,None,103,61.07378451423858,-1,83.5,230.88000000000002
19.0,15.9,19,90,90,1.2,1258,63,27,276,0,None,126,66.21049146816239,0,90.0,331.2
16.7,10.5,20,88,92,0.59,950,63,32,191,0,None,116,56.88619348132127,-4,90.0,112.69
14.0,17.2,43,91,89,0.83,1033,77,23,212,0,None,134,73.7856615816703,2,90.0,175.95999999999998
9.5,16.7,29,78,94,0.82,1180,74,26,236,0,None,120,124.21039556800467,-16,86.0,193.51999999999998
11.2,13.7,27,78,91,0.53,1097,64,15,145,0,None,139,97.9463411193383,-13,84.5,76.85000000000001
19.0,14.1,17,87,84,1.2,1059,68,20,277,0,None,131,55.736812770098545,3,85.5,332.4
9.5,19.2,37,95,87,0.81,1188,78,32,69,0,None,118,125.05249994473691,8,91.0,55.89
17.4,10.1,36,92,85,1.13,1711,77,24,268,0,None,129,98.33327681995586,7,88.5,302.84
16.8,15.6,26,85,86,0.53,1389,73,28,101,0,None,115,82.67852221516534,-1,85.5,53.53
24.4,19.2,36,78,93,0.5,1630,66,21,63,0,None,129,66.80325131014291,-15,85.5,31.5
6.2,19.1,26,93,81,0.67,1922,67,32,155,0,None,110,309.99950000080645,12,87.0,103.85000000000001
7.2,15.8,17,98,75,1.2,901,73,27,199,0,None,119,125.13871508511794,23,86.5,238.79999999999998
15.1,13.8,37,76,89,1.1,1946,71,33,275,0,None,99,128.8740868383531,-13,82.5,302.5
15.5,11.0,44,94,79,0.7,1207,71,20,289,0,None,133,77.87091750263387,15,86.5,202.29999999999998
5.8,11.7,34,75,78,1.02,1216,68,30,52,0,None,93,209.65481093998116,-3,76.5,53.04
21.5,16.8,23,97,95,1.12,1592,62,15,168,0,None,162,74.04647718768503,2,96.0,188.16000000000003
14.9,10.2,23,89,80,1.44,1297,62,27,52,0,None,115,87.04692144501917,9,84.5,74.88
11.9,18.8,43,75,79,1.26,989,77,21,218,0,None,112,83.10917385783709,-4,77.0,274.68
11.4,15.9,24,71,79,0.64,1683,78,17,290,0,None,116,147.63144944609698,-8,75.0,185.6
22.2,10.5,38,91,83,0.77,1102,78,28,260,0,None,118,49.63961727945168,8,87.0,200.20000000000002
8.9,12.4,34,88,83,0.9,1922,69,16,46,0,None,139,215.9548135339174,5,85.5,41.4
8.2,15.9,33,88,88,0.61,1987,79,18,116,0,None,140,242.3167776624663,0,88.0,70.76
9.3,10.4,20,84,77,1.06,1099,77,22,123,0,None,117,118.1719159441764,7,80.5,130.38
17.5,17.8,16,88,88,1.41,1729,68,24,173,0,None,128,98.79994354288941,0,88.0,243.92999999999998
21.2,19.2,30,96,84,0.81,1991,64,33,150,0,None,114,93.91505004007074,12,90.0,121.50000000000001
11.6,19.6,45,99,79,1.48,1951,75,22,284,1,Gearbox,134,168.18951018145674,20,89.0,420.32
8.5,17.3,21,80,91,0.75,1521,75,16,81,0,None,139,178.94096595180477,-11,85.5,60.75
9.2,18.6,31,85,84,0.97,1243,78,34,152,0,None,101,135.10854879505567,1,84.5,147.44
17.4,16.1,35,78,89,0.84,913,61,32,125,0,None,103,52.471234211934366,-11,83.5,105.0
9.9,14.6,30,82,93,0.81,1888,67,20,127,0,None,135,190.70687807386054,-11,87.5,102.87
22.5,17.1,30,94,82,0.88,939,61,25,250,0,None,126,41.73331478519343,12,88.0,220.0
7.1,12.2,35,83,93,0.53,1534,64,18,261,0,None,140,216.05603372389618,-10,88.0,138.33
5.6,11.1,39,82,79,1.03,1105,68,34,32,0,None,93,197.32107621236392,3,80.5,32.96
6.8,17.6,25,96,79,1.24,1166,62,25,71,0,None,125,171.4703360730352,17,87.5,88.04
21.9,19.6,42,70,88,1.36,926,76,24,199,1,Blades,110,42.28308571548598,-18,79.0,270.64000000000004
18.0,15.8,30,96,77,0.82,941,64,32,261,0,None,109,52.27774873458404,19,86.5,214.01999999999998
24.2,14.8,35,75,84,1.05,1285,68,18,242,0,None,123,53.099151611920824,-9,79.5,254.10000000000002
11.7,15.3,18,78,79,1.39,1865,76,20,128,0,None,117,159.4015731610486,-1,78.5,177.92
9.3,14.8,30,81,86,1.3,1522,62,30,58,0,None,107,163.6557380045828,-5,83.5,75.4
16.2,14.4,15,96,91,0.96,1492,72,27,174,0,None,133,92.0987085810441,5,93.5,167.04
15.8,19.5,27,97,76,0.66,1582,79,18,185,0,None,137,100.12651890726652,21,86.5,122.10000000000001
16.8,14.8,17,90,83,1.06,1489,69,19,89,0,None,135,88.6308996244645,7,86.5,94.34
12.0,10.8,42,83,90,1.49,1235,65,33,244,0,None,107,102.91658090284925,-7,86.5,363.56
5.1,17.7,35,85,82,1.26,1868,79,31,249,0,None,105,366.2737916200165,3,83.5,313.74
5.7,13.9,39,87,76,1.35,1423,61,15,76,0,None,133,249.64868482686873,11,81.5,102.60000000000001
18.3,17.1,29,99,87,0.69,1728,66,34,40,0,None,118,94.4261779091924,12,93.0,27.599999999999998
15.5,15.8,41,99,77,1.4,1903,76,27,89,1,Gearbox,122,122.77411433928107,22,88.0,124.6
21.4,17.1,41,95,82,0.51,904,63,24,117,1,Blades,129,42.24297091449958,13,88.5,59.67
11.0,10.6,26,88,95,1.36,1426,62,22,72,1,Generator,139,129.6362457852311,-7,91.5,97.92
21.3,10.3,26,82,83,0.74,1565,69,23,196,0,None,119,73.47414390885262,-1,82.5,145.04
13.5,13.8,30,77,92,1.12,1453,67,25,146,0,None,119,107.6295499040371,-15,84.5,163.52
6.9,16.9,16,86,92,0.79,1893,76,19,286,0,None,140,274.3474284819877,-6,89.0,225.94
24.6,12.2,45,80,80,0.64,1934,67,18,294,1,Blades,124,78.61785422038446,0,80.0,188.16
15.2,14.3,26,72,87,0.75,1048,73,26,261,0,None,107,68.94732306097167,-15,79.5,195.75
17.6,19.8,29,84,94,0.97,1233,71,24,242,0,None,130,70.05677837683047,-10,89.0,234.73999999999998
18.4,12.1,38,87,87,1.42,1190,72,29,103,0,None,116,64.67387789463159,0,87.0,146.26
12.2,18.5,24,88,91,0.89,1446,70,25,186,0,None,129,118.52449301271065,-3,89.5,165.54
20.0,18.3,21,72,84,0.56,1320,63,23,259,0,None,110,65.9999670000165,-12,78.0,145.04000000000002
22.4,18.9,19,84,89,0.52,1295,61,22,71,0,None,129,57.81247419085974,-5,86.5,36.92
12.7,19.2,31,90,75,0.71,1487,71,27,123,0,None,111,117.08652197911657,15,82.5,87.33
18.1,15.1,15,99,91,0.55,1439,73,21,274,0,None,148,79.50271850678536,8,95.0,150.70000000000002
20.1,16.8,36,71,88,0.87,1412,75,31,181,0,None,97,70.2487212692929,-17,79.5,157.47
8.8,16.2,29,90,82,0.88,1025,74,31,32,0,None,110,116.47714036688595,8,86.0,28.16
11.7,13.1,31,72,83,1.47,1493,75,28,293,0,None,99,127.60672854125767,-11,77.5,430.71
7.2,12.8,23,75,82,0.81,965,60,23,74,0,None,111,134.02759162834496,-7,78.5,59.940000000000005
17.0,13.4,20,75,85,1.1,1578,64,27,183,0,None,106,92.82347480972071,-10,80.0,201.3
21.0,12.2,36,80,77,1.32,1586,75,27,256,0,None,103,75.52377356010783,3,78.5,337.92
17.2,17.6,21,95,92,1.01,1187,62,29,283,0,None,129,69.0115877839606,3,93.5,285.83
8.6,19.6,38,96,85,1.2,1049,64,23,252,0,None,135,121.97660235278798,11,90.5,302.4
15.9,18.7,21,81,76,1.47,1778,73,23,84,0,None,111,111.82382904161696,5,78.5,123.48
21.7,12.2,33,83,86,0.82,1747,76,33,40,0,None,103,80.50687534245377,-3,84.5,32.8
11.1,10.5,34,77,94,0.57,1941,63,17,206,0,None,137,174.8647073290925,-17,85.5,117.41999999999999
21.7,17.6,30,83,77,0.93,1391,71,18,108,0,None,124,64.10135294868527,6,80.0,100.44000000000001
20.7,13.9,45,78,77,1.04,1247,64,35,230,1,Blades,85,60.241516791537784,1,77.5,239.20000000000002
5.4,18.2,26,75,83,1.08,1233,64,27,202,0,None,104,228.3329104946102,-8,79.0,218.16000000000003
9.8,17.8,41,75,90,1.24,1098,70,24,163,0,None,117,112.04070199928367,-15,82.5,202.12
15.9,16.3,20,93,87,1.4,1285,73,17,185,1,Gearbox,146,80.81755923423948,6,90.0,259.0
19.4,12.6,25,74,84,1.0,1041,71,28,298,0,None,102,53.659766154759716,-10,79.0,298.0
22.6,11.0,19,88,95,0.64,1859,62,31,266,0,None,121,82.25660077141558,-7,91.5,170.24
17.8,12.5,33,75,79,0.9,1282,66,26,106,0,None,102,72.02243144807223,-4,77.0,95.4
12.6,15.1,34,95,91,0.66,1502,79,16,143,0,None,154,119.20625459821065,4,93.0,94.38000000000001
8.7,19.8,29,78,77,0.68,973,73,25,148,0,None,105,111.8389519092507,1,77.5,100.64
20.2,10.6,37,71,79,0.5,1209,73,18,162,0,None,114,59.851455519081426,-8,75.0,81.0
9.1,12.0,41,84,81,1.43,1146,64,24,100,0,None,117,125.93392754513458,3,82.5,143.0
18.9,16.3,38,100,92,1.25,1876,79,21,84,0,None,150,99.25920674116047,8,96.0,105.0
8.6,13.0,22,94,84,0.6,1098,64,18,247,0,None,142,127.67427014619751,10,89.0,148.2
6.8,18.6,25,87,83,1.42,1775,65,16,57,0,None,138,261.0290278984884,4,85.0,80.94
10.0,11.4,26,76,85,1.37,1211,70,27,53,0,None,107,121.0998789001211,-9,80.5,72.61
10.7,19.6,21,74,88,1.41,1132,70,26,285,0,None,110,105.79429365019286,-14,81.0,401.84999999999997
17.9,19.1,26,95,83,0.6,911,61,18,254,0,None,142,50.89382631629815,12,89.0,152.4
8.2,18.9,22,94,94,0.58,1221,75,33,206,0,None,122,148.90225743627144,0,94.0,119.47999999999999
23.6,11.7,45,84,78,0.57,977,62,32,234,1,Blades,98,41.3982875430985,6,81.0,133.38
16.1,13.3,38,83,85,1.47,1298,61,20,124,0,None,128,80.62106793722488,-2,84.0,182.28
14.8,18.0,41,92,83,1.16,958,70,25,228,0,None,125,64.7296859934554,9,87.5,264.47999999999996
13.7,18.1,43,86,89,0.68,971,61,25,31,0,None,125,70.87586067455426,-3,87.5,21.080000000000002
16.3,17.1,35,82,94,1.43,1290,64,19,87,1,Generator,138,79.14105574168359,-12,88.0,124.41
5.4,14.5,20,78,81,0.94,1393,68,23,284,0,None,113,257.96248525465694,-3,79.5,266.96
24.8,13.1,38,74,94,1.29,1266,72,28,68,0,None,112,51.048366512755436,-20,84.0,87.72
16.2,19.6,15,88,92,1.14,926,76,25,48,0,None,130,57.16045854292683,-4,90.0,54.72
5.7,11.4,18,95,91,1.15,1096,66,23,99,0,None,140,192.2803644204133,4,93.0,113.85
16.8,10.4,16,92,76,0.94,1933,69,24,145,0,None,120,115.05945532175278,16,84.0,136.29999999999998
13.7,10.1,19,91,94,0.89,1529,79,28,161,0,None,129,111.6057579520015,-3,92.5,143.29
5.5,17.8,38,98,92,0.66,1839,68,33,160,0,None,124,334.3630284308574,6,95.0,105.60000000000001
23.5,10.6,42,82,89,0.57,956,74,33,102,1,Blades,105,40.680833752836705,-7,85.5,58.13999999999999
5.2,15.4,23,74,78,1.43,908,65,32,120,0,None,88,174.61504881721382,-4,76.0,171.6
16.6,13.7,19,73,83,1.44,1760,72,24,91,0,None,108,106.02403251564306,-10,78.0,131.04
24.2,11.5,23,99,92,1.14,1323,76,35,226,0,None,121,54.66939889694261,7,95.5,257.64
9.8,17.4,34,88,84,0.89,1306,78,18,176,0,None,136,133.2651701375815,4,86.0,156.64000000000001
10.1,10.6,26,94,84,0.53,1162,79,24,130,0,None,130,115.0493910402069,10,89.0,68.9
5.0,13.2,44,86,80,0.95,1077,66,26,237,0,None,114,215.3995692008616,6,83.0,225.14999999999998
6.3,15.6,19,82,76,1.16,1811,64,34,178,0,None,90,287.4598611748236,6,79.0,206.48
5.9,14.0,45,76,85,0.8,968,76,25,226,0,None,111,164.0675185296296,-9,80.5,180.8
21.5,12.6,15,96,90,0.84,1448,73,28,95,0,None,130,67.34880588427633,6,93.0,79.8
21.7,19.3,29,72,78,0.97,1296,68,20,298,0,None,110,59.72347478180886,-6,75.0,289.06
19.5,19.3,23,97,93,0.99,1203,61,25,107,0,None,140,61.69227605524305,4,95.0,105.92999999999999
12.1,14.2,32,76,86,1.24,1737,66,28,178,0,None,106,143.55360036892532,-10,81.0,220.72
21.4,13.9,18,70,91,1.0,1867,62,20,225,0,None,121,87.24294988647202,-21,80.5,225.0
15.8,13.1,41,73,88,1.35,1114,70,25,135,0,None,111,70.50628448969336,-15,80.5,182.25
11.1,18.6,19,97,78,0.98,985,77,28,212,0,None,119,88.7386587940011,19,87.5,207.76
13.7,15.7,33,72,93,0.53,1313,66,21,168,0,None,123,95.83934610266708,-21,82.5,89.04
6.3,10.9,16,81,89,0.64,1384,67,24,62,0,None,122,219.68219098064927,-8,85.0,39.68
23.9,18.5,24,78,76,1.22,958,76,31,115,0,None,92,40.08366523696016,2,77.0,140.29999999999998
17.4,15.3,19,71,87,0.95,1417,69,26,146,0,None,106,81.43673480647426,-16,79.0,138.7
19.6,14.2,44,86,85,0.96,1946,73,19,209,0,None,133,99.28566362976345,1,85.5,200.64
18.5,13.4,15,100,92,1.48,1324,64,19,104,1,Gearbox,154,71.56752888241682,8,96.0,153.92
18.4,11.0,26,96,77,1.07,1890,65,29,249,0,None,115,102.71733547970899,19,86.5,266.43
5.3,19.6,24,75,87,0.62,1833,73,21,91,0,None,120,345.848404059615,-12,81.0,56.42
15.5,17.4,35,97,81,0.93,1380,62,15,198,0,None,148,89.03220062438669,16,89.0,184.14000000000001
21.4,11.3,17,84,80,1.06,1677,64,32,296,0,None,100,78.36444936240684,4,82.0,313.76
5.9,15.1,39,78,75,0.54,1130,66,15,151,0,None,123,191.52509911000152,3,76.5,81.54
24.1,15.6,29,89,82,0.86,1049,64,26,36,0,None,119,43.52695289338054,7,85.5,30.96
13.5,11.7,29,77,83,1.47,902,80,19,241,0,None,122,66.81476532239606,-6,80.0,354.27
10.8,14.3,22,96,84,1.25,981,65,31,290,0,None,118,90.83324922847294,12,90.0,362.5
15.6,16.5,30,89,90,0.87,1591,79,18,242,0,None,143,101.9871141108243,-1,89.5,210.54
21.0,12.8,26,74,83,0.76,1874,77,32,244,0,None,93,89.23805274378441,-9,78.5,185.44
14.5,13.3,22,87,79,0.78,1976,67,26,138,0,None,114,136.27576808567719,8,83.0,107.64
17.9,11.2,20,85,83,1.33,1431,71,18,290,0,None,132,79.94408941670983,2,84.0,385.70000000000005
15.0,14.1,37,84,76,0.9,1055,67,28,236,0,None,104,70.3332864444757,8,80.0,212.4
17.6,15.8,19,81,94,1.34,900,74,16,142,1,Generator,143,51.13633458162808,-13,87.5,190.28
7.8,11.2,20,84,76,1.41,1983,67,27,53,0,None,106,254.23044329430348,8,80.0,74.72999999999999
5.8,16.1,32,88,79,0.96,1800,69,30,35,0,None,107,310.34429250984056,9,83.5,33.6
7.7,14.0,22,92,84,1.45,1476,74,25,232,1,Gearbox,126,191.68806274277566,8,88.0,336.4
10.7,16.8,29,98,94,0.8,1170,68,18,118,0,None,156,109.34569220028767,4,96.0,94.4
10.1,13.1,32,71,79,0.76,1469,74,19,219,0,None,112,145.44540054910837,-8,75.0,166.44
17.3,15.7,23,87,83,0.61,1822,67,18,239,0,None,134,105.31785819776982,4,85.0,145.79
14.1,16.1,25,93,95,0.75,1512,68,23,243,0,None,142,107.23396650073299,-2,94.0,182.25
5.8,16.9,21,73,87,1.27,1995,66,19,89,0,None,122,343.9649241984066,-14,80.0,113.03
5.7,17.6,29,97,87,0.9,1017,80,21,39,0,None,142,178.42073961273752,10,92.0,35.1
6.8,11.4,45,77,94,0.65,1981,70,18,110,0,None,135,291.32310099543975,-17,85.5,71.5
12.1,19.7,26,95,85,0.61,1543,64,19,122,0,None,142,127.52055576813574,10,90.0,74.42
5.1,18.4,35,90,75,0.99,1525,71,34,164,0,None,97,299.0190215313304,15,82.5,162.35999999999999
14.9,15.6,34,87,76,1.04,1295,69,15,290,0,None,133,86.91269334718568,11,81.5,301.6
12.2,18.9,39,96,89,1.29,945,76,25,56,0,None,135,77.45895290249763,7,92.5,72.24000000000001
16.1,13.8,36,99,79,1.21,1736,79,24,192,0,None,130,107.8260199838385,20,89.0,232.32
19.4,10.3,15,100,85,0.67,1203,62,21,36,0,None,143,62.01027731429005,15,92.5,24.12
10.0,17.3,24,90,86,0.78,1285,80,31,218,0,None,114,128.4998715001285,4,88.0,170.04
8.1,19.4,41,80,88,1.19,1487,63,19,215,0,None,130,183.58002027157994,-8,84.0,255.85
10.6,11.6,31,96,77,0.68,963,65,33,81,0,None,107,90.84897089719728,19,86.5,55.080000000000005
5.0,16.4,18,90,90,1.3,912,76,29,142,0,None,122,182.39963520072962,0,90.0,184.6
7.4,18.1,23,80,93,1.16,1015,63,28,264,0,None,117,137.16197680813946,-13,86.5,306.23999999999995
20.0,19.1,24,98,80,1.04,1709,76,34,213,0,None,110,85.44995727502136,18,89.0,221.52
9.5,12.8,41,92,83,1.14,1110,73,32,107,0,None,111,116.84198227159762,9,87.5,121.97999999999999
24.9,11.3,32,84,90,0.6,1466,76,25,152,0,None,124,58.875478363261706,-6,87.0,91.2
8.4,12.5,33,84,80,1.05,1104,71,27,106,0,None,110,131.42841496617265,4,82.0,111.30000000000001
20.8,15.8,26,100,86,0.95,1213,80,31,258,0,None,124,58.31727965515401,14,93.0,245.1
19.1,19.2,17,81,88,1.01,942,72,19,190,0,None,131,49.31934590610162,-7,84.5,191.9
11.4,15.8,17,73,93,0.84,1303,68,28,299,0,None,110,114.29814535250408,-20,83.0,251.16
11.6,19.2,28,86,82,0.97,1050,79,20,234,0,None,128,90.51716334727298,4,84.0,226.98
16.3,17.7,20,97,85,1.38,1514,61,16,140,1,Gearbox,150,92.88337859915423,12,91.0,193.2
22.0,16.0,18,88,79,0.84,1820,70,35,77,0,None,97,82.72723512398403,9,83.5,64.67999999999999
12.7,10.2,23,94,81,0.54,1866,73,29,163,0,None,117,146.92901816612743,13,87.5,88.02000000000001
6.2,13.3,37,72,77,0.76,1927,67,29,116,0,None,91,310.8059503129834,-5,74.5,88.16
12.5,10.6,17,90,79,0.95,1036,62,24,129,0,None,121,82.87993369605304,11,84.5,122.55
9.1,13.2,28,72,82,1.03,1468,68,19,262,0,None,116,161.31850404559995,-10,77.0,269.86
23.8,10.6,40,87,83,0.93,1026,76,33,278,0,None,104,43.109225584358995,4,85.0,258.54
18.9,11.7,23,85,89,1.33,1237,71,28,72,0,None,118,65.44970082026413,-4,87.0,95.76
6.0,14.1,24,98,84,1.42,1154,75,20,74,1,Gearbox,142,192.33301277831205,14,91.0,105.08
10.9,15.1,42,74,76,0.99,914,74,18,151,0,None,114,83.8531340796935,-2,75.0,149.49
6.0,12.2,35,70,90,0.58,1925,66,30,253,0,None,100,320.8327986120023,-20,80.0,146.73999999999998
21.6,17.3,39,74,86,0.92,1760,65,19,161,0,None,122,81.48144375859084,-12,80.0,148.12
23.1,15.9,24,75,94,0.68,1471,76,19,86,0,None,131,63.679626112715965,-19,84.5,58.480000000000004
7.2,16.9,45,78,88,0.78,1279,63,17,191,0,None,132,177.63864216855254,-10,83.0,148.98000000000002
13.8,17.3,19,94,86,1.33,1353,71,30,196,1,Gearbox,120,98.04340721492231,8,90.0,260.68
23.6,17.3,44,81,81,1.04,1126,79,28,236,1,Blades,106,47.711844189896524,0,81.0,245.44
7.9,19.4,42,95,80,1.33,1965,71,23,119,1,Gearbox,129,248.73386236219955,15,87.5,158.27
10.8,12.4,32,78,80,1.49,1214,76,19,123,0,None,120,112.407303326571,-2,79.0,183.27
11.1,12.7,33,96,83,1.05,982,65,26,154,0,None,127,88.46838876721733,13,89.5,161.70000000000002
5.6,10.9,38,70,78,1.41,1521,61,28,128,0,None,92,271.6066578452539,-8,74.0,180.48
5.7,15.9,24,98,92,1.18,1724,67,20,297,0,None,150,302.4556097270005,6,95.0,350.46
24.1,14.0,31,92,91,0.6,1969,71,21,291,0,None,141,81.70121091236061,1,91.5,174.6
16.4,15.0,42,82,90,0.92,1584,73,19,286,0,None,134,96.5853069601787,-8,86.0,263.12
11.1,11.7,17,87,76,1.16,1103,71,22,291,0,None,119,99.36927984749563,11,81.5,337.56
12.6,16.5,42,98,76,1.21,1330,69,20,140,0,None,134,105.55547178137161,22,87.0,169.4
19.3,16.2,37,87,88,1.36,1248,80,25,141,0,None,125,64.66317893099537,-1,87.5,191.76000000000002
12.3,12.6,38,77,90,1.14,921,74,34,142,0,None,99,74.87798790407487,-13,83.5,161.88
9.6,14.7,17,87,76,0.59,1331,79,21,258,0,None,121,138.64568891074072,11,81.5,152.22
7.0,18.9,21,96,81,0.64,1780,64,23,126,0,None,131,254.28535102092712,15,88.5,80.64
19.6,17.7,43,100,78,0.83,1346,80,22,34,0,None,134,68.67343435028859,22,89.0,28.22
8.6,12.3,19,88,80,0.79,1837,74,19,76,0,None,130,213.60440278557817,8,84.0,60.040000000000006
6.4,18.8,34,75,85,0.72,1717,79,34,285,0,None,92,268.28083081120184,-10,80.0,205.2
13.5,10.7,38,93,77,1.12,1691,72,25,199,0,None,120,125.2591664746915,16,85.0,222.88000000000002
5.8,14.1,22,100,80,0.93,1319,63,27,99,0,None,126,227.4134010113776,20,90.0,92.07000000000001
24.3,10.8,36,84,86,1.18,959,67,19,186,0,None,132,39.46500433538916,-2,85.0,219.48
17.5,19.2,17,82,85,0.89,1871,61,31,259,0,None,105,106.91422462044308,-3,83.5,230.51
8.1,10.4,30,87,92,0.77,1602,63,32,33,0,None,115,197.77753360798323,-5,89.5,25.41
8.4,11.5,25,75,78,1.05,1000,80,25,108,0,None,103,119.04747732443175,-3,76.5,113.4
16.4,19.2,34,99,82,0.6,990,78,21,283,0,None,139,60.365816850111685,17,90.5,169.79999999999998
12.1,15.8,42,95,93,1.49,1576,78,20,219,1,Gearbox,148,130.24782624146593,2,94.0,326.31
20.5,18.0,19,73,91,1.16,1364,60,17,178,0,None,130,66.53655290899859,-18,82.0,206.48
15.9,10.2,29,98,87,0.62,1110,69,23,277,0,None,139,69.81127684825356,11,92.5,171.74
13.7,14.2,28,98,90,1.12,1163,76,27,165,0,None,134,84.89044898507375,8,94.0,184.8
24.3,19.8,25,79,84,0.57,1324,65,24,140,0,None,115,54.4855742857719,-5,81.5,79.8
12.8,15.8,29,89,93,1.01,1725,68,25,52,0,None,132,134.76551971443772,-4,91.0,52.52
13.0,18.5,41,73,87,0.79,1117,64,33,282,0,None,94,85.92301082845322,-14,80.0,222.78
18.3,19.6,44,73,89,1.2,1673,74,20,165,0,None,122,91.4207150706475,-16,81.0,198.0
21.2,16.9,15,85,88,0.99,1097,74,27,267,0,None,119,51.74525861072707,-3,86.5,264.33
17.5,13.3,37,71,88,1.29,1740,66,18,232,0,None,123,99.42851461227737,-17,79.5,299.28000000000003
19.0,13.1,33,96,88,0.73,1890,70,28,83,0,None,128,99.47363185598324,8,92.0,60.589999999999996
12.5,10.7,45,98,76,1.16,1387,69,17,287,0,None,140,110.95991123207102,22,87.0,332.91999999999996
14.6,14.3,18,72,87,1.19,1605,76,18,127,0,None,123,109.93143155381401,-15,79.5,151.13
8.9,19.2,39,71,91,0.98,1193,74,18,174,0,None,126,134.04479320809753,-20,81.0,170.52
18.6,14.8,43,77,75,1.36,1920,61,28,226,0,None,96,103.22575095389733,2,76.0,307.36
9.4,19.1,42,98,93,0.65,1368,63,29,226,0,None,133,145.53176007259566,5,95.5,146.9
5.0,18.2,32,93,94,1.26,1446,77,15,133,0,None,157,289.1994216011568,-1,93.5,167.58
23.7,19.8,25,90,78,0.63,1188,79,32,138,0,None,104,50.12656112803328,12,84.0,86.94
11.1,19.5,34,93,86,0.66,1113,73,31,123,0,None,117,100.27017993677484,7,89.5,81.18
8.9,17.1,24,76,77,0.7,1150,67,19,240,0,None,115,129.21333796254163,-1,76.5,168.0
10.4,18.7,27,78,81,1.16,1423,64,17,277,0,None,125,136.82679151270048,-3,79.5,321.32
11.6,17.5,28,80,87,1.14,1051,75,27,249,0,None,113,90.60337016950848,-7,83.5,283.85999999999996
14.5,17.0,24,88,81,0.95,1327,73,32,262,0,None,105,91.51717826401499,7,84.5,248.89999999999998
6.4,17.2,25,88,82,0.81,1320,78,22,144,0,None,126,206.24967773487853,6,85.0,116.64000000000001
6.1,17.2,15,76,90,1.11,1376,78,34,293,0,None,98,225.57340069934315,-14,83.0,325.23
10.9,13.8,24,83,86,0.64,1364,66,34,185,0,None,101,125.13749987385333,-3,84.5,118.4
10.9,14.2,29,91,85,1.13,1202,76,15,296,0,None,146,110.27512818795579,6,88.0,334.47999999999996
7.4,12.9,20,79,81,0.51,1303,65,28,285,0,None,104,176.08084313399576,-2,80.0,145.35
13.1,11.5,39,72,89,0.64,1893,76,22,56,0,None,117,144.50370648572024,-17,80.5,35.84
10.7,14.6,31,76,83,1.21,941,63,18,293,0,None,123,87.94384304313735,-7,79.5,354.53
5.5,19.0,39,75,93,1.37,997,67,30,88,1,Generator,108,181.27239768654968,-18,84.0,120.56
22.7,16.5,19,89,87,0.58,1922,62,29,146,0,None,118,84.6695662248607,2,88.0,84.67999999999999
22.7,10.6,40,72,86,1.14,1198,66,16,48,0,None,126,52.77530714744179,-14,79.0,54.72
9.2,18.1,44,97,91,0.56,1235,66,18,113,0,None,152,134.2389845228429,6,94.0,63.28000000000001
8.3,19.4,26,73,85,1.38,1278,73,17,95,0,None,124,153.97571810154446,-12,79.0,131.1
15.9,18.3,24,88,81,0.89,1014,74,27,262,0,None,115,63.77354479651271,7,84.5,233.18
17.6,17.3,34,98,78,1.24,1746,72,21,49,0,None,134,99.20448908835847,20,88.0,60.76
24.2,11.5,34,72,86,0.67,1079,75,26,69,0,None,106,44.586758435223786,-14,79.0,46.230000000000004
12.5,13.5,18,81,83,1.36,1672,69,29,47,0,None,106,133.7598929920856,-2,82.0,63.92
17.4,15.7,43,80,83,0.93,1156,73,22,149,0,None,119,66.43674342715896,-3,81.5,138.57
22.6,10.8,29,80,82,0.71,1650,67,22,183,0,None,118,73.00881725273572,-2,81.0,129.93
14.0,11.1,38,88,88,1.07,1969,70,30,163,0,None,116,140.64275668374523,0,88.0,174.41
7.4,19.3,26,78,85,0.79,1461,63,22,214,0,None,119,197.4321656322086,-7,81.5,169.06
12.5,17.0,23,71,86,0.79,1251,72,22,157,0,None,113,100.07991993606406,-15,78.5,124.03
7.7,12.8,18,99,81,0.61,1316,64,27,166,0,None,126,170.90886894952084,18,90.0,101.25999999999999
5.3,13.3,23,92,87,0.71,1322,69,16,210,0,None,147,249.43349163492147,5,89.5,149.1
20.0,13.8,45,74,83,1.3,1038,73,22,184,0,None,113,51.89997405001298,-9,78.5,239.20000000000002
9.8,10.8,35,84,90,1.02,1801,69,18,110,0,None,138,183.77532267824216,-6,87.0,112.2
5.0,17.4,39,72,86,0.85,1317,64,33,209,0,None,92,263.39947320105364,-14,79.0,177.65
22.4,11.8,44,71,81,1.43,1690,73,22,221,1,Blades,108,75.44639489000228,-10,76.0,316.03
13.9,18.1,17,71,78,1.3,1197,77,24,211,0,None,101,86.11504596039859,-7,74.5,274.3
9.8,18.5,20,93,89,0.81,1292,70,17,170,0,None,148,131.8366001667345,4,91.0,137.70000000000002
10.3,16.4,43,83,82,0.61,1876,71,25,188,0,None,115,182.1357454992762,1,82.5,114.67999999999999
9.8,17.7,32,95,76,0.68,1367,68,28,263,0,None,115,139.48965358198615,19,85.5,178.84
8.9,11.7,34,79,93,1.18,1289,72,16,272,0,None,140,144.83129794236186,-14,86.0,320.96
21.8,15.8,28,93,83,1.06,1245,70,22,206,0,None,132,57.11006554584149,10,88.0,218.36
8.4,16.8,39,72,90,1.48,1882,75,26,232,0,None,110,224.04735232458057,-18,81.0,343.36
16.2,16.6,31,89,84,0.51,1365,65,35,42,0,None,103,84.25920724740294,5,86.5,21.42
6.5,11.2,40,81,93,1.38,1865,70,30,80,1,Generator,114,286.9226355036377,-12,87.0,110.39999999999999
24.0,13.4,45,78,76,0.51,1230,66,26,273,1,Blades,102,51.24997864584223,2,77.0,139.23
17.1,13.3,34,94,80,0.92,1976,62,19,243,0,None,136,115.55548797924679,14,87.0,223.56
23.1,15.7,31,72,86,1.42,1453,68,34,48,0,None,90,62.90040567082006,-14,79.0,68.16
13.0,17.7,26,98,81,1.16,1081,79,19,116,0,None,141,83.15378218939831,17,89.5,134.56
21.2,15.7,21,94,90,1.08,1366,69,18,240,0,None,148,64.43393187078685,4,92.0,259.20000000000005
22.1,17.5,35,81,89,0.81,1650,71,24,176,0,None,122,74.6605997010861,-8,85.0,142.56
19.1,11.0,17,100,76,1.47,1877,75,30,42,1,Gearbox,116,98.27219985748698,24,88.0,61.74
6.9,18.8,44,76,87,0.67,1040,80,17,126,0,None,129,150.72441923997212,-11,81.5,84.42
5.3,15.4,34,82,92,0.77,1514,68,19,67,0,None,136,285.65983837766345,-10,87.0,51.59
8.4,10.4,44,97,81,0.95,1486,70,27,62,0,None,124,176.90455130410558,16,89.0,58.9
7.4,16.4,23,100,78,0.63,1261,79,15,74,0,None,148,170.4051751281417,22,89.0,46.62
19.5,15.2,43,77,90,0.92,1349,69,28,214,0,None,111,69.17945170284528,-13,83.5,196.88
16.1,12.2,33,92,93,0.54,1235,76,16,78,0,None,153,76.70802688942429,-1,92.5,42.120000000000005
15.5,17.6,39,79,88,1.42,1233,69,22,112,0,None,123,79.54833577526725,-9,83.5,159.04
10.1,19.3,20,93,92,0.82,1487,65,23,68,0,None,139,147.22757700239902,1,92.5,55.76
8.1,13.2,30,74,95,1.13,966,79,28,76,0,None,113,119.25911202578763,-21,84.5,85.88
9.1,14.9,32,80,85,1.37,1429,74,22,190,0,None,121,157.03279446945663,-5,82.5,260.3
13.0,11.3,27,72,94,1.32,1257,77,17,207,1,Generator,132,96.69223331366669,-22,83.0,273.24
19.8,19.3,23,85,82,1.37,1411,62,18,223,0,None,131,71.26259027141906,3,83.5,305.51000000000005
10.1,13.2,42,91,90,1.22,1972,74,24,62,0,None,133,195.24733143828573,1,90.5,75.64
19.0,11.9,18,81,93,0.69,1715,73,26,206,0,None,122,90.26311038783663,-12,87.0,142.14
14.8,14.8,20,88,85,0.87,1848,70,34,228,0,None,105,124.86478049676994,3,86.5,198.35999999999999
22.7,10.4,25,87,88,1.01,1309,63,26,118,0,None,123,57.665172834725624,-1,87.5,119.18
9.7,12.5,43,79,94,0.84,1676,68,29,201,0,None,115,172.78332702749793,-15,86.5,168.84
14.0,10.7,32,85,80,1.46,1409,72,19,298,0,None,127,100.6427852551534,5,82.5,435.08
6.9,11.3,26,72,82,1.31,1557,74,35,252,0,None,84,225.65184688138135,-10,77.0,330.12
11.7,11.1,27,84,90,1.3,1382,62,18,58,0,None,138,118.11955716277167,-6,87.0,75.4
15.1,18.7,40,84,82,0.86,1045,69,26,69,0,None,114,69.2052521819522,2,83.0,59.339999999999996
19.7,19.3,16,71,85,1.25,1942,69,34,252,0,None,88,98.5786301631319,-14,78.0,315.0
9.0,14.7,15,85,76,1.11,1677,76,24,262,0,None,113,186.33312629652636,9,80.5,290.82000000000005
9.4,16.3,16,92,86,0.88,1561,61,33,161,0,None,112,166.06365312377326,6,89.0,141.68
17.6,17.0,29,84,88,0.81,1517,76,27,224,0,None,118,86.19313284481088,-4,86.0,181.44
12.6,13.9,32,89,77,1.29,1695,76,32,279,0,None,102,134.52370275896607,12,83.0,359.91
14.6,13.7,34,86,80,1.1,1486,74,29,130,0,None,108,101.78075220496424,6,83.0,143.0
21.7,16.8,37,94,84,0.54,1138,78,27,88,0,None,124,52.442372146372286,10,89.0,47.52
15.0,13.8,21,85,91,0.52,908,69,17,173,0,None,142,60.533292977804685,-6,88.0,89.96000000000001
18.0,15.8,23,80,75,1.34,1321,62,21,252,0,None,113,73.38884811730661,5,77.5,337.68
18.1,15.2,22,95,82,0.59,1520,67,17,135,0,None,143,83.97785415588167,13,88.5,79.64999999999999
21.1,15.2,19,72,75,1.02,1309,72,26,89,0,None,95,62.037885290101755,-3,73.5,90.78
17.8,18.3,22,79,85,1.11,1487,66,24,224,0,None,116,83.53927891051747,-6,82.0,248.64000000000001
6.3,17.0,33,88,85,1.42,1631,73,24,221,0,None,125,258.88847795479694,3,86.5,313.82
11.8,19.6,26,96,90,1.01,1791,61,21,133,0,None,144,151.7795323902268,6,93.0,134.33
24.8,17.9,38,72,75,0.69,1229,61,31,179,0,None,85,49.55643163047112,-3,73.5,123.50999999999999
8.9,11.5,31,73,90,0.76,1596,60,24,292,0,None,115,179.3256412071447,-17,81.5,221.92000000000002
16.7,17.4,21,78,93,0.55,1881,80,21,290,0,None,129,112.63466309301612,-15,85.5,159.5
21.9,16.7,29,80,81,0.72,1068,65,20,170,0,None,121,48.76710101958858,-1,80.5,122.39999999999999
16.7,16.5,33,95,82,1.32,1660,76,21,251,1,Gearbox,135,99.40113808315085,13,88.5,331.32
12.4,14.8,41,99,75,1.26,1906,78,32,295,0,None,110,153.70955346003754,24,87.0,371.7
6.6,10.6,40,71,84,0.58,1638,63,22,171,0,None,111,248.1814421493301,-13,77.5,99.17999999999999
12.2,19.5,28,70,87,0.98,1002,64,20,100,0,None,117,82.13108022042606,-17,78.5,98.0
8.6,18.5,34,96,77,0.8,1211,68,33,188,0,None,107,140.81378975140728,19,86.5,150.4
24.2,14.9,24,74,88,1.15,1108,70,33,289,0,None,96,45.78510504747725,-14,81.0,332.34999999999997
19.3,11.6,34,80,82,1.46,1904,71,29,77,0,None,104,98.65279862549293,-2,81.0,112.42
20.0,18.2,42,78,88,1.13,1991,68,32,92,0,None,102,99.54995022502489,-10,83.0,103.96
13.7,14.3,34,78,80,1.25,1376,72,32,135,0,None,94,100.4378828920563,-2,79.0,168.75
7.2,13.9,24,80,90,0.9,1886,75,29,157,0,None,112,261.94408063322135,-10,85.0,141.3
10.3,16.7,34,80,86,0.53,1049,74,24,289,0,None,118,101.84456131595988,-6,83.0,153.17000000000002
10.2,17.6,42,89,86,0.92,904,61,34,236,0,None,107,88.62736409081953,3,87.5,217.12
14.7,10.6,19,89,85,1.01,1525,72,22,86,0,None,130,103.7414260262408,4,87.0,86.86
14.2,17.7,29,86,92,0.99,1986,74,31,64,0,None,116,139.8590564372842,-6,89.0,63.36
13.7,17.3,25,96,86,0.73,1519,64,20,171,0,None,142,110.87583147749528,10,91.0,124.83
14.9,15.9,22,95,78,0.97,1979,72,28,106,0,None,117,132.81870280623974,17,86.5,102.82
24.7,13.4,27,77,88,1.22,1396,62,32,52,0,None,101,56.51819574162116,-11,82.5,63.44
11.0,11.6,27,86,85,0.81,1320,73,29,144,0,None,113,119.99989090919009,1,85.5,116.64000000000001
17.3,11.0,21,94,76,1.13,1923,72,29,237,0,None,112,111.15600511213577,18,85.0,267.81
9.8,10.0,27,96,87,0.65,954,65,24,128,0,None,135,97.34683944200057,9,91.5,83.2
14.3,12.1,34,78,77,0.78,1259,78,33,56,0,None,89,88.04189647419827,1,77.5,43.68
9.0,14.1,16,85,89,1.38,1388,76,21,127,0,None,132,154.22205086438794,-4,87.0,175.26
16.2,12.4,45,86,88,1.13,996,75,33,293,0,None,108,61.481443529973134,-2,87.0,331.09
10.3,13.1,24,91,85,0.59,1469,69,16,190,0,None,144,142.62122075609633,6,88.0,112.1
5.7,13.9,34,80,90,0.76,1313,65,27,120,0,None,116,230.3504730693455,-10,85.0,91.2
21.3,13.1,24,79,81,1.49,1381,76,27,137,0,None,106,64.83565031190126,-2,80.0,204.13
7.6,17.2,27,91,84,0.77,1655,64,20,91,0,None,135,217.76287136464296,7,87.5,70.07000000000001
12.4,14.9,31,82,75,1.08,977,70,30,107,0,None,97,78.79025904011368,7,78.5,115.56
14.5,10.2,33,70,95,1.05,1958,68,19,278,0,None,127,135.03438963145544,-25,82.5,291.90000000000003
13.6,12.3,38,98,76,0.9,1475,64,23,75,0,None,128,108.4558026060275,22,87.0,67.5
19.5,17.1,39,74,77,0.53,1823,72,33,155,0,None,85,93.48713154506075,-3,75.5,82.15
16.9,13.0,31,74,85,0.78,1250,80,23,224,0,None,113,73.96445327547144,-11,79.5,174.72
10.9,19.2,17,95,83,1.45,1245,70,32,163,1,Gearbox,114,114.22007869717551,12,89.0,236.35
6.0,17.1,32,80,86,0.52,1894,70,17,213,0,None,132,315.6661405564324,-6,83.0,110.76
20.4,12.9,29,80,92,1.22,1029,67,17,99,0,None,138,50.441151744533464,-12,86.0,120.78
12.1,15.2,21,89,78,1.39,1014,65,19,132,0,None,129,83.80158363505485,11,83.5,183.48
22.8,16.7,15,72,88,1.26,1667,66,18,96,0,None,124,73.11400302017411,-16,80.0,120.96000000000001
12.9,11.9,24,77,75,0.82,1413,78,35,192,0,None,82,109.53479881023348,2,76.0,157.44
19.4,12.5,23,72,91,1.02,1689,79,17,140,0,None,129,87.06181079288105,-19,81.5,142.8
23.8,15.1,29,79,91,1.37,1376,77,18,278,1,Generator,134,57.815101758360605,-12,85.0,380.86
18.0,19.2,38,96,83,1.48,1133,61,18,172,1,Gearbox,143,62.94440947532807,13,89.5,254.56
13.3,13.4,28,97,78,0.6,1687,72,27,125,0,None,121,126.84200989322564,19,87.5,75.0
16.3,14.0,44,79,91,0.62,943,71,25,100,0,None,120,57.852725243726844,-12,85.0,62.0
15.9,11.9,22,76,93,1.46,1393,75,29,191,1,Generator,111,87.61000779244793,-17,84.5,278.86
16.7,15.9,22,74,77,1.37,1405,76,22,260,0,None,107,84.13168614869093,-3,75.5,356.20000000000005
7.9,17.4,33,82,87,0.71,986,69,16,273,0,None,137,124.80996859497647,-5,84.5,193.82999999999998
19.0,14.4,42,95,94,1.47,1166,66,22,116,1,Gearbox,145,61.36838875347961,1,94.5,170.52
7.9,17.5,35,96,88,0.71,1186,62,30,235,0,None,124,150.1263922450731,8,92.0,166.85
5.3,13.0,35,71,91,0.59,1882,72,31,54,0,None,100,355.09366963458564,-20,81.0,31.86
17.5,17.1,39,76,80,1.18,1464,65,29,98,0,None,98,83.65709505308854,-4,78.0,115.64
7.3,12.6,35,76,77,1.04,1638,79,23,32,0,None,107,224.3832542695147,-1,76.5,33.28
20.4,17.8,38,95,83,0.74,960,61,27,225,0,None,124,47.05880046137233,12,89.0,166.5
22.3,18.3,41,84,83,1.43,1014,79,18,232,1,Blades,131,45.47083162742976,1,83.5,331.76
23.9,18.0,15,81,91,0.9,1520,70,20,101,0,None,132,63.59829974966538,-10,86.0,90.9
18.3,12.2,42,99,83,0.9,1819,72,20,218,0,None,142,99.39885278751214,16,91.0,196.20000000000002
14.6,16.9,21,98,80,1.13,958,72,17,92,0,None,144,65.61639341342917,18,89.0,103.96
12.0,15.4,42,83,93,0.73,1982,75,34,100,0,None,108,165.1665290278925,-10,88.0,73.0
14.8,19.9,23,74,91,1.09,1874,62,24,53,0,None,117,126.62153606652969,-17,82.5,57.77
8.8,13.6,29,75,88,0.86,1860,78,32,107,0,None,99,211.3633961779589,-13,81.5,92.02
12.0,17.7,43,73,79,1.2,910,76,19,42,0,None,114,75.83327013894156,-6,76.0,50.4
19.4,13.7,18,90,79,0.75,1347,77,30,295,0,None,109,69.43295390053923,11,84.5,221.25
9.3,14.0,37,87,85,0.69,1775,70,31,222,0,None,110,190.8600098279464,2,86.0,153.17999999999998
10.3,11.1,27,87,86,0.75,1734,74,15,290,0,None,143,168.34935111713483,1,86.5,217.5
20.0,12.4,16,73,80,1.44,1280,69,16,138,0,None,121,63.999968000016004,-7,76.5,198.72
8.6,11.6,43,94,77,1.35,1865,63,33,165,1,Gearbox,105,216.86021295324076,17,85.5,222.75000000000003
9.9,11.6,19,86,82,1.33,1600,66,26,80,0,None,116,161.61599836767843,4,84.0,106.4
5.4,10.1,38,73,84,1.28,1993,66,21,235,0,None,115,369.07339060483224,-11,78.5,300.8
19.4,17.9,27,92,76,1.14,1268,63,19,66,0,None,130,65.36079105113863,16,84.0,75.24
17.4,14.7,39,99,86,0.6,1608,65,31,110,0,None,123,92.41373999210346,13,92.5,66.0
18.9,18.0,38,83,75,0.82,1367,70,19,200,0,None,120,72.32800405925713,8,79.0,164.0
9.3,16.1,34,73,78,1.06,1612,68,32,243,0,None,87,173.33314695360542,-5,75.5,257.58000000000004
18.7,18.3,43,73,78,0.61,1186,67,27,214,0,None,97,63.422425977312315,-5,75.5,130.54
16.9,15.0,18,71,89,0.53,1321,78,28,206,0,None,104,78.16563422151822,-18,80.0,109.18
12.3,10.9,39,93,85,0.59,1925,76,24,233,0,None,130,156.50393780167659,8,89.0,137.47
13.8,16.2,35,91,92,0.61,1218,60,16,59,0,None,151,88.26080560811188,-1,91.5,35.99
16.4,16.8,24,88,80,0.61,1583,71,26,250,0,None,116,96.52433138760283,8,84.0,152.5
14.9,16.3,31,93,79,0.69,1910,74,29,265,0,None,114,128.18783343098428,14,86.0,182.85
17.8,18.0,34,100,91,1.0,1429,61,15,80,0,None,161,80.28085377480124,9,95.5,80.0
8.6,17.3,37,82,84,0.79,1665,62,16,216,0,None,134,193.6044260413651,-2,83.0,170.64000000000001
15.8,14.3,21,91,80,1.36,1723,66,33,147,1,Gearbox,105,109.05056389204817,11,85.5,199.92000000000002
14.0,18.2,18,81,83,1.38,1499,72,29,131,0,None,106,107.07135209189137,-2,82.0,180.77999999999997
14.2,16.9,18,81,84,1.42,1317,78,31,290,0,None,103,92.7464135588637,-3,82.5,411.79999999999995
14.4,11.2,24,96,86,0.97,1789,70,16,140,0,None,150,124.23602483609386,10,91.0,135.79999999999998
22.6,15.4,20,87,76,1.27,1510,80,23,245,0,None,117,66.81412972826118,11,81.5,311.15
21.4,17.3,31,74,80,1.09,1028,79,30,144,0,None,94,48.03736073020527,-6,77.0,156.96
17.6,15.5,28,82,84,0.64,1862,73,17,169,0,None,132,105.79539443443497,-2,83.0,108.16
19.3,19.5,42,94,86,1.14,1227,69,19,118,0,None,142,63.5750965932142,8,90.0,134.51999999999998
5.9,11.0,37,98,78,1.34,1443,74,25,122,1,Gearbox,126,244.57585665109042,20,88.0,163.48000000000002
19.9,17.2,21,88,79,0.85,1135,76,33,92,0,None,101,57.03514721851899,9,83.5,78.2
14.7,18.2,16,82,90,1.25,1442,79,22,202,0,None,128,98.09517136382901,-8,86.0,252.5
11.4,17.0,36,78,91,1.27,1042,75,32,208,0,None,105,91.4034285934837,-13,84.5,264.16
7.8,13.9,40,83,77,1.14,1523,68,15,82,0,None,130,195.2561599280001,6,80.0,93.47999999999999
6.5,13.9,36,87,95,1.38,1475,70,19,140,1,Generator,144,226.922727811188,-8,91.0,193.2
5.9,15.9,34,70,84,0.64,1800,61,21,281,0,None,112,305.08422867079884,-14,77.0,179.84
8.2,14.0,22,78,87,1.34,1516,61,29,185,0,None,107,184.8778233197277,-9,82.5,247.9
5.6,18.8,30,90,87,1.11,1350,66,27,58,0,None,123,241.07099808750345,3,88.5,64.38000000000001
19.7,11.1,37,90,82,1.36,1413,76,20,153,0,None,132,71.72585191581122,8,86.0,208.08
10.0,16.4,21,90,86,1.03,1565,66,27,203,0,None,122,156.49984350015652,4,88.0,209.09
12.4,11.3,29,98,87,0.83,1824,62,33,60,0,None,119,147.09665556721325,11,92.5,49.8
21.5,15.4,19,87,90,1.4,946,67,24,114,0,None,129,43.99997953489324,-3,88.5,159.6
7.3,17.2,31,78,88,1.38,1919,66,29,115,0,None,108,262.87635222417504,-10,83.0,158.7
21.7,11.7,32,94,84,0.77,992,80,22,187,0,None,134,45.71426464780431,10,89.0,143.99
17.8,17.0,31,82,79,1.24,1279,79,29,170,0,None,103,71.85389221691449,3,80.5,210.8
11.8,11.4,29,77,76,0.59,1270,75,32,128,0,None,89,107.6270274347225,1,76.5,75.52
7.4,16.2,33,87,88,0.59,1485,77,26,33,0,None,123,200.67540449269663,-1,87.5,19.47
6.8,15.1,45,79,85,1.01,1290,65,23,267,0,None,118,189.7056033741127,-6,82.0,269.67
11.7,13.0,34,82,94,0.54,1141,71,30,178,0,None,116,97.5212841698426,-12,88.0,96.12
7.8,11.1,38,91,77,0.93,1168,80,34,181,0,None,100,149.74339776487466,14,84.0,168.33
10.4,17.4,21,100,76,1.29,1984,66,16,135,0,None,144,190.76904733745448,24,88.0,174.15
6.1,13.8,31,89,79,1.39,1820,80,25,74,0,None,118,298.3601666226777,10,84.0,102.86
16.9,10.9,15,78,83,0.75,1786,64,19,298,0,None,123,105.6804108399936,-5,80.5,223.5
7.9,17.7,16,73,79,0.58,1361,72,20,78,0,None,112,172.27826293890766,-6,76.0,45.239999999999995
20.1,12.3,25,81,84,1.13,1930,76,28,77,0,None,109,96.01985272644143,-3,82.5,87.00999999999999
9.4,17.4,29,71,82,0.76,969,72,34,189,0,None,85,103.0849967180886,-11,76.5,143.64000000000001
21.0,15.6,32,84,95,0.52,1038,66,32,261,0,None,115,49.428547891167675,-11,89.5,135.72
8.8,11.9,42,90,94,0.63,1171,76,20,207,0,None,144,133.06803060451068,-4,92.0,130.41
19.4,10.8,38,85,82,1.44,1606,64,15,134,0,None,137,82.7834624827513,3,83.5,192.95999999999998
11.7,15.9,24,96,91,1.38,1084,69,27,155,1,Gearbox,133,92.6494934619714,5,93.5,213.89999999999998
16.7,10.3,37,85,80,1.33,1270,66,26,219,0,None,113,76.04785865397686,5,82.5,291.27000000000004
5.8,10.7,31,84,76,0.84,1095,70,24,40,0,None,112,188.79277794348633,8,80.0,33.6
14.9,17.0,38,79,76,1.21,1780,68,25,66,0,None,105,119.46300707180734,3,77.5,79.86
8.0,15.4,27,95,76,1.46,1900,64,27,225,1,Gearbox,117,237.4997031253711,19,85.5,328.5
14.7,13.3,18,97,90,1.07,1835,75,23,110,0,None,141,124.82984705452583,7,93.5,117.7
7.8,15.4,34,99,82,0.83,930,64,18,259,0,None,145,119.23061637100466,17,90.5,214.97
13.7,15.9,32,99,91,1.3,1249,71,20,185,0,None,150,91.16781666582726,8,95.0,240.5
7.2,15.7,44,99,92,0.93,1601,76,16,116,0,None,159,222.36080227666352,7,95.5,107.88000000000001
9.4,16.4,20,91,81,1.08,901,70,16,96,0,None,140,95.85096186067886,10,86.0,103.68
16.9,19.4,35,87,81,1.04,1721,78,32,50,0,None,104,101.83425926966908,6,84.0,52.0
24.5,13.9,29,75,81,0.72,1856,69,18,218,0,None,120,75.75507112037914,-6,78.0,156.96
14.0,13.0,26,93,85,0.5,985,79,16,181,0,None,146,70.35709260207672,8,89.0,90.5
18.7,10.4,39,92,75,1.5,1374,60,32,278,1,Gearbox,103,73.47589653695373,17,83.5,417.0
15.8,11.5,39,95,75,0.92,1233,76,34,275,0,None,102,78.03792529245234,20,85.0,253.0
15.0,11.1,36,84,90,0.78,1942,74,19,60,0,None,136,129.4665803556131,-6,87.0,46.800000000000004
6.3,13.4,18,97,91,1.27,1257,72,30,255,0,None,128,199.5234928198527,6,94.0,323.85
7.9,16.1,25,92,79,1.09,1539,66,18,42,0,None,135,194.8098799874937,13,85.5,45.78
22.7,10.5,16,75,87,1.38,910,72,29,144,0,None,104,40.08808806692156,-12,81.0,198.71999999999997
13.2,17.3,25,76,79,1.28,1820,72,29,291,0,None,97,137.87868342523984,-3,77.5,372.48
17.3,14.0,34,94,90,0.78,932,63,24,243,0,None,136,53.872801229594664,4,92.0,189.54000000000002
15.6,19.6,31,83,83,1.09,1526,78,33,108,0,None,100,97.82045011509608,0,83.0,117.72000000000001
12.6,15.7,36,77,91,1.0,1715,71,17,72,0,None,134,136.1110030865055,-14,84.0,72.0
12.8,17.7,32,83,94,1.46,1336,62,25,111,1,Generator,127,104.37491845709495,-11,88.5,162.06
16.1,18.6,32,75,86,0.74,935,68,27,104,0,None,107,58.07449809037385,-11,80.5,76.96
7.8,18.9,30,97,93,0.78,1891,64,30,118,0,None,130,242.4355866210428,4,95.0,92.04
12.7,15.2,26,72,76,1.42,1303,63,18,239,0,None,112,102.59834441075245,-4,74.0,339.38
13.9,14.0,28,81,84,0.96,1413,79,26,192,0,None,113,101.6546031261848,-3,82.5,184.32
24.7,15.6,18,87,85,0.96,1794,73,24,134,0,None,124,72.63154954188278,2,86.0,128.64
12.0,14.0,40,96,83,1.37,1627,66,23,73,1,Gearbox,133,135.58322034731637,13,89.5,100.01
17.9,12.4,42,93,81,0.8,1258,74,22,43,0,None,130,70.27929034676518,12,87.0,34.4
7.7,13.2,38,71,89,1.2,1495,76,35,241,0,None,90,194.15559200572469,-18,80.0,289.2
6.3,12.3,33,95,86,1.22,1003,66,18,212,0,None,145,159.20609649825954,9,90.5,258.64
22.4,12.7,32,89,77,0.94,1429,80,30,191,0,None,106,63.7946143774043,12,83.0,179.54
19.6,10.9,29,74,94,0.83,1371,78,23,260,0,None,122,69.94894390360004,-20,84.0,215.79999999999998
11.3,14.3,22,89,93,1.25,1736,76,28,247,0,None,126,153.62818262992687,-4,91.0,308.75
15.1,12.4,27,95,82,0.76,1780,74,35,49,0,None,107,117.880716635287,13,88.5,37.24
7.7,14.5,45,88,80,1.32,1859,61,25,101,0,None,118,241.42825788537937,8,84.0,133.32
19.1,17.9,19,100,88,0.92,1843,60,31,264,0,None,126,96.4920960774366,12,94.0,242.88000000000002
6.4,14.5,31,85,76,0.52,1998,63,17,180,0,None,127,312.18701220779343,9,80.5,93.60000000000001
20.1,19.5,41,90,85,1.07,1678,78,26,80,1,Blades,123,83.48254553107186,5,87.5,85.60000000000001
15.9,11.5,29,72,88,0.69,1583,64,23,169,0,None,114,99.55968581151836,-16,80.0,116.60999999999999
10.6,18.5,33,94,83,0.97,1062,74,29,157,0,None,119,100.18858472775027,11,88.5,152.29
22.3,12.5,40,89,94,1.31,1415,80,16,288,1,Generator,151,63.45288634399716,-5,91.5,377.28000000000003
24.7,19.3,31,87,89,0.69,1374,79,24,36,0,None,128,55.62750784311424,-2,88.0,24.839999999999996
10.1,12.3,37,91,94,0.71,1708,68,25,194,0,None,135,169.10874345668967,-3,92.5,137.73999999999998
21.1,17.5,25,87,93,0.97,1202,74,32,49,0,None,116,56.96679764606746,-6,90.0,47.53
20.0,10.6,37,93,78,0.98,1858,75,23,279,0,None,125,92.89995355002323,15,85.5,273.42
19.9,16.3,16,88,88,0.95,1142,71,21,245,0,None,134,57.38690583572571,0,88.0,232.75
24.1,12.2,20,86,87,1.19,1432,70,23,215,0,None,127,59.41906248171681,-1,86.5,255.85
14.7,16.7,34,74,76,0.77,1939,64,24,56,0,None,102,131.9046721736924,-2,75.0,43.120000000000005
18.5,16.4,28,84,81,0.76,1278,74,20,234,0,None,125,69.08104373997635,3,82.5,177.84
21.5,19.2,40,86,86,0.52,1701,66,16,274,0,None,140,79.11624227151522,0,86.0,142.48000000000002
14.6,16.3,25,89,86,0.88,1269,66,35,52,0,None,105,86.9177486864735,3,87.5,45.76
14.6,14.1,38,84,91,0.7,1466,65,30,285,0,None,115,100.41089012952732,-7,87.5,199.5
11.4,11.9,19,74,87,1.09,1753,61,35,277,0,None,91,153.77179493702198,-13,80.5,301.93
20.6,16.6,43,75,84,0.68,1796,77,28,155,1,Blades,103,87.1844236968817,-9,79.5,105.4
18.7,11.2,28,92,90,1.39,1827,77,33,248,1,Gearbox,116,97.70048251311096,2,91.0,344.71999999999997
14.0,18.3,22,90,86,1.35,1010,74,24,144,0,None,128,72.1428056122817,4,88.0,194.4
13.4,12.5,39,78,93,1.27,1840,79,22,95,0,None,127,137.3133303631863,-15,85.5,120.65
6.5,15.2,43,83,93,1.31,1061,73,35,242,1,Generator,106,163.23051810689523,-10,88.0,317.02000000000004
5.1,16.0,43,79,87,1.46,1200,73,18,137,0,None,130,235.2936562869485,-8,83.0,200.01999999999998
15.6,13.6,22,75,86,0.82,1968,78,19,101,0,None,123,126.1537652860479,-11,80.5,82.82
13.3,16.6,35,80,89,1.48,1059,64,28,242,0,None,113,79.62400028270655,-9,84.5,358.15999999999997
20.9,12.5,31,78,90,1.39,1176,69,20,109,0,None,128,56.26791566128438,-12,84.0,151.51
15.9,10.3,37,72,90,0.86,1269,74,24,30,0,None,114,79.81127055894933,-18,81.0,25.8
23.7,19.6,30,85,87,1.36,1787,65,34,287,0,None,104,75.4008120671679,-2,86.0,390.32000000000005
8.9,13.2,29,84,90,1.4,1253,65,20,64,0,None,134,140.78635866701273,-6,87.0,89.6
24.8,17.1,41,91,78,0.54,1809,78,25,103,1,Blades,119,72.94351897438752,13,84.5,55.620000000000005
11.0,15.1,41,89,91,1.38,1126,80,30,39,1,Generator,120,102.36354330586973,-2,90.0,53.81999999999999
17.8,16.7,39,80,81,0.93,1561,68,16,220,0,None,129,87.6965799457416,-1,80.5,204.60000000000002
15.0,11.1,36,85,93,1.31,1956,65,16,55,1,Generator,146,130.39991306672462,-8,89.0,72.05
12.2,15.2,35,86,78,0.61,945,68,30,236,0,None,104,77.45895290249763,8,82.0,143.96
7.8,13.9,17,98,75,0.67,1899,66,33,288,0,None,107,243.46122633176114,23,86.5,192.96
7.7,14.5,37,99,75,1.48,1081,76,27,236,1,Gearbox,120,140.38942806567783,24,87.0,349.28
19.2,19.7,34,94,79,0.92,1539,78,16,203,0,None,141,80.15620825197487,15,86.5,186.76000000000002
12.6,11.4,24,87,77,1.3,954,68,24,261,0,None,116,75.71422562363047,10,82.0,339.3
24.2,17.5,40,98,86,1.25,1528,72,29,237,0,None,126,63.140469776665384,12,92.0,296.25
11.5,13.3,40,75,84,1.29,1577,62,28,207,0,None,103,137.13031553885605,-9,79.5,267.03000000000003
24.7,12.9,43,91,87,1.26,1788,69,19,89,1,Blades,140,72.3886346604718,4,89.0,112.14
9.1,12.7,28,84,79,1.41,1358,60,16,176,0,None,131,149.23060524109314,5,81.5,248.16
7.1,13.5,32,74,90,1.09,1907,73,33,295,0,None,98,268.5911709983507,-16,82.0,321.55
11.3,13.6,42,72,87,0.93,1307,64,20,289,0,None,119,115.66361445697835,-15,79.5,268.77000000000004
22.7,12.7,25,84,79,1.43,1001,78,35,126,0,None,93,44.096896873613716,5,81.5,180.17999999999998
15.4,16.7,39,77,83,0.86,1325,73,17,106,0,None,126,86.0389051695421,-6,80.0,91.16
7.7,10.5,45,78,89,1.13,1237,79,17,72,0,None,133,160.64914201410127,-11,83.5,81.35999999999999
9.0,13.3,35,80,89,1.36,1391,79,28,229,0,None,113,154.5553838273513,-9,84.5,311.44
11.2,12.8,45,92,86,1.42,1120,63,20,127,1,Gearbox,138,99.99991071436544,6,89.0,180.34
16.8,17.5,30,75,95,1.45,1307,70,34,66,1,Generator,102,77.79757273954003,-20,85.0,95.7
11.6,11.5,20,92,78,1.16,1875,64,20,144,0,None,130,161.6377916915589,14,85.0,167.04
19.9,19.4,20,93,85,1.22,1618,69,27,47,0,None,124,81.30649180578303,8,89.0,57.339999999999996
17.3,11.7,37,88,87,1.0,1118,69,23,251,0,None,129,64.62424010159532,1,87.5,251.0
22.5,13.7,15,77,95,0.78,958,75,17,207,0,None,138,42.577758854329396,-18,86.0,161.46
15.0,12.0,35,72,86,0.52,1138,80,29,180,0,None,100,75.86661608892261,-14,79.0,93.60000000000001
11.6,12.9,20,82,84,0.72,1350,73,31,291,0,None,104,116.3792100179224,-2,83.0,209.51999999999998
24.9,17.6,45,95,93,1.48,1304,76,32,192,1,Gearbox,124,52.3694568797362,2,94.0,284.15999999999997
12.1,14.8,20,73,85,1.31,1833,68,25,118,0,None,108,151.48747810952224,-12,79.0,154.58
13.6,11.6,32,92,94,0.98,1545,61,35,160,0,None,116,113.60285764495762,-2,93.0,156.8
21.2,10.5,35,84,90,0.84,1827,70,31,217,0,None,112,86.17920463245065,-6,87.0,182.28
6.8,12.3,40,97,78,0.56,1999,78,24,64,0,None,127,293.9701559262413,19,87.5,35.84
12.7,19.5,29,81,78,0.51,1219,65,17,197,0,None,125,95.9841763904123,3,79.5,100.47
6.7,18.5,43,91,81,1.26,1425,65,20,270,0,None,132,212.68624972201533,10,86.0,340.2
7.8,14.4,29,92,76,1.49,1676,62,30,216,1,Gearbox,108,214.87151939548798,16,84.0,321.84
5.1,14.8,23,76,86,0.75,1463,80,33,198,0,None,96,286.86218262317135,-10,81.0,148.5
5.2,19.0,33,75,92,0.77,1260,68,28,84,0,None,111,242.30722633225707,-17,83.5,64.68
12.6,15.9,35,73,83,1.43,1798,66,23,162,0,None,110,142.6982994457941,-10,78.0,231.66
21.2,18.8,30,91,88,1.1,1882,79,22,94,0,None,135,88.77354303134763,3,89.5,103.4
16.7,14.9,37,86,95,0.67,1206,76,22,89,0,None,137,72.21552561944574,-9,90.5,59.63
17.7,12.0,28,73,79,0.55,1210,78,25,200,0,None,102,68.3615432985631,-6,76.0,110.00000000000001
15.4,17.3,15,79,82,1.06,1524,79,30,38,0,None,101,98.96097470066577,-3,80.5,40.28
21.4,15.3,23,74,75,0.95,1798,77,18,118,0,None,113,84.01865232773257,-1,74.5,112.1
22.6,16.7,43,73,80,0.93,1472,80,15,140,1,Blades,123,65.13271454304666,-7,76.5,130.20000000000002
22.0,11.6,38,79,91,1.47,966,73,17,64,1,Generator,136,43.9090709504223,-12,85.0,94.08
21.2,16.5,21,73,88,0.76,1225,65,28,146,0,None,105,57.78299161179641,-15,80.5,110.96000000000001
8.7,13.8,17,78,91,0.99,1453,63,32,234,0,None,105,167.01130228585947,-13,84.5,231.66
16.9,13.3,26,87,84,0.71,1710,72,23,195,0,None,125,101.18337208084493,3,85.5,138.45
16.6,16.7,40,87,90,0.82,1752,67,22,123,0,None,133,105.5421050951174,-3,88.5,100.86
15.6,15.9,18,75,87,1.27,1728,63,15,126,0,None,132,110.76915976335913,-12,81.0,160.02
14.6,16.5,31,76,82,0.7,1004,76,16,201,0,None,126,68.76707618693412,-6,79.0,140.7
6.8,19.7,23,96,83,1.18,1578,67,30,244,0,None,119,232.05848226693786,13,89.5,287.91999999999996
7.0,17.0,37,75,86,0.63,1368,69,17,246,0,None,127,195.4282922452968,-11,80.5,154.98
23.0,16.4,15,71,94,0.69,1245,72,32,123,0,None,101,54.13041124764729,-23,82.5,84.86999999999999
17.6,16.1,23,77,94,0.52,1810,68,31,253,0,None,109,102.84085065860758,-17,85.5,131.56
10.2,14.0,35,87,95,1.13,1294,77,31,251,0,None,120,126.86262072292088,-8,91.0,283.63
10.6,18.4,31,70,75,1.49,1101,80,29,249,0,None,87,103.8678265397863,-5,72.5,371.01
17.2,13.8,38,100,89,1.16,1665,68,15,31,0,None,159,96.80226930100622,11,94.5,35.96
13.1,17.0,20,77,93,1.42,1049,64,24,294,1,Generator,122,80.07627475093531,-16,85.0,417.47999999999996
13.8,12.9,31,77,90,1.03,1223,66,18,100,0,None,131,88.6231241861419,-13,83.5,103.0
6.2,11.5,21,92,83,1.18,1389,73,22,280,0,None,131,224.03189672274723,9,87.5,330.4
7.8,11.3,34,77,89,1.43,1056,62,26,297,0,None,114,135.3844418148182,-12,83.0,424.71
12.9,16.3,19,82,84,0.59,1216,73,30,206,0,None,106,94.26349281899782,-2,83.0,121.53999999999999
19.0,13.3,19,86,89,1.1,1606,71,20,208,0,None,135,84.52627130196248,-3,87.5,228.8
6.0,12.8,25,71,91,1.08,1513,61,22,155,0,None,118,252.16624638958936,-20,81.0,167.4
11.7,15.9,27,95,92,0.53,1829,68,19,35,0,None,149,156.32465271397206,3,93.5,18.55
18.9,10.3,30,85,90,0.66,1055,65,35,55,0,None,105,55.82007628567393,-5,87.5,36.300000000000004
20.8,12.5,32,79,78,1.05,1850,63,34,78,0,None,89,88.94226493160339,1,78.5,81.9
8.8,13.4,29,82,94,1.0,983,79,28,114,0,None,120,111.70441851770623,-12,88.0,114.0
19.6,17.1,16,72,79,0.84,1718,66,31,249,0,None,89,87.65301650356301,-7,75.5,209.16
24.1,15.5,25,92,82,1.2,1128,70,29,296,0,None,116,46.804959831966876,10,87.0,355.2
23.1,18.6,17,86,84,0.86,1893,72,32,135,0,None,106,81.94801647272014,2,85.0,116.1
20.8,13.3,19,97,89,1.27,946,73,34,140,0,None,118,45.4807473650253,8,93.0,177.8
19.2,13.0,18,84,89,1.31,1538,68,34,50,0,None,105,80.10412494576826,-5,86.5,65.5
9.7,10.3,20,95,94,1.14,914,65,26,171,0,None,137,94.22670698277632,1,94.5,194.93999999999997
17.7,19.5,39,76,79,0.78,1710,71,34,233,0,None,87,96.6101149095396,-3,77.5,181.74
17.9,15.0,34,72,84,1.3,937,76,23,55,0,None,110,52.346339471318736,-12,78.0,71.5
13.1,15.0,30,98,79,0.75,1700,78,19,270,0,None,139,129.7708933046616,19,88.5,202.5
14.9,19.2,37,78,88,0.8,1789,72,20,160,0,None,126,120.06703351205805,-10,83.0,128.0
18.9,12.9,44,95,79,1.11,1885,71,24,48,0,None,126,99.73539696539844,16,87.0,53.28
24.0,13.3,28,78,92,1.19,1295,79,20,169,0,None,130,53.95831085070381,-14,85.0,201.10999999999999
10.9,16.6,26,75,95,0.87,1497,64,18,84,0,None,134,137.339323541905,-20,85.0,73.08
9.9,17.9,44,92,81,1.09,1707,60,23,31,0,None,127,172.4240682585169,11,86.5,33.79
17.0,17.0,38,93,90,0.75,1803,70,27,199,0,None,129,106.05876114190521,3,91.5,149.25
7.6,17.9,38,95,86,1.29,1761,61,34,288,0,None,113,231.7102214339192,9,90.5,371.52
16.7,15.8,33,96,82,1.49,1833,61,27,116,1,Gearbox,124,109.76041331711778,14,89.0,172.84
6.8,18.6,30,84,79,1.2,1887,61,30,165,0,None,103,277.49959191236485,5,81.5,198.0
14.8,15.5,32,82,89,0.82,1615,72,29,185,0,None,113,109.12154789084602,-7,85.5,151.7
17.4,12.3,35,93,78,0.85,1091,73,23,89,0,None,125,62.70111339016472,15,85.5,75.64999999999999
6.4,15.4,26,87,81,0.53,1817,65,19,235,0,None,130,283.9058063971775,6,84.0,124.55000000000001
9.1,17.1,38,99,93,1.15,1410,69,21,153,0,None,150,154.94488467595093,6,96.0,175.95
11.7,16.5,42,81,85,1.1,956,68,33,176,0,None,100,81.70933187236592,-4,83.0,193.60000000000002
12.4,12.4,32,71,92,1.45,1589,70,18,289,1,Generator,127,128.1450579475339,-21,81.5,419.05
18.5,10.4,26,88,90,0.9,1700,64,17,164,0,None,144,91.89184222062583,-2,89.0,147.6
15.6,12.5,36,81,83,1.43,1404,76,32,70,0,None,100,89.9999423077293,-2,82.0,100.1
12.6,19.8,20,80,79,1.26,1457,66,26,210,0,None,107,115.63482886124694,1,79.5,264.6
14.0,11.8,44,87,77,0.79,1505,67,29,212,0,None,106,107.49992321434057,10,82.0,167.48000000000002
5.3,14.6,35,98,94,0.52,1178,73,32,49,0,None,128,222.26373157786497,4,96.0,25.48
20.4,16.4,17,78,81,1.23,1311,80,22,145,0,None,115,64.26467438006158,-3,79.5,178.35
5.8,18.8,31,81,88,1.0,1788,64,30,66,0,None,109,308.27533055977494,-7,84.5,66.0
21.6,17.6,38,97,90,1.46,933,67,28,238,1,Gearbox,131,43.19442444702572,7,93.5,347.48
15.8,19.1,23,97,79,0.52,1513,67,15,127,0,None,146,95.75943306364995,18,88.0,66.04
15.6,16.0,17,77,89,1.02,935,71,29,90,0,None,108,59.935859015474996,-12,83.0,91.8
19.1,18.7,30,91,75,1.29,1122,77,22,156,0,None,122,58.74342474166244,16,83.0,201.24
22.2,12.6,40,82,83,1.29,1310,75,19,263,0,None,127,59.0089824283863,-1,82.5,339.27
23.9,14.3,23,98,82,1.17,1105,64,34,75,0,None,112,46.23429027853964,16,90.0,87.75
15.9,18.4,37,92,94,0.89,1833,74,30,212,0,None,126,115.28294636292682,-2,93.0,188.68
8.0,13.3,27,85,95,0.57,1857,63,15,194,0,None,150,232.12470984411272,-10,90.0,110.57999999999998
22.6,18.7,17,95,81,0.8,1068,64,30,76,0,None,116,47.2566162581344,14,88.0,60.800000000000004
5.8,13.6,24,100,87,1.15,1882,68,32,77,0,None,123,324.4821991686222,13,93.5,88.55
21.1,13.6,24,83,90,1.27,1153,67,22,44,0,None,129,54.64452386515456,-7,86.5,55.88
18.6,13.1,42,81,79,1.32,913,77,22,188,0,None,116,49.085995115056384,2,80.0,248.16000000000003
23.1,15.5,44,88,89,1.27,1711,80,23,203,1,Blades,131,74.06923200466147,-1,88.5,257.81
22.9,11.3,21,90,80,0.82,1470,64,24,44,0,None,122,64.19211170650145,10,85.0,36.08
6.1,10.4,28,91,78,1.19,1448,73,23,275,0,None,123,237.37666003826226,13,84.5,327.25
17.2,19.0,44,84,92,1.47,903,72,25,179,1,Generator,126,52.49996947676193,-8,88.0,263.13
7.5,19.3,27,80,85,0.64,1976,75,34,209,0,None,97,263.4663153782462,-5,82.5,133.76
6.6,10.8,25,95,81,1.23,1816,74,16,201,0,None,144,275.1510982559118,14,88.0,247.23
14.0,15.5,18,99,83,0.91,1964,66,35,112,0,None,112,140.28561408170424,16,91.0,101.92
7.0,15.4,38,96,83,0.72,1168,77,32,187,0,None,115,166.85690449013646,13,89.5,134.64
19.6,13.7,28,90,90,0.82,1564,70,31,284,0,None,118,79.79587765516446,0,90.0,232.88
24.4,15.7,34,81,93,0.67,1721,79,24,253,0,None,126,70.53275797837789,-12,87.0,169.51000000000002
16.4,14.6,30,89,85,1.32,1784,71,17,70,0,None,140,108.78042147535277,4,87.0,92.4
9.7,14.9,20,73,81,0.89,1760,66,27,132,0,None,100,181.44311191431763,-8,77.0,117.48
21.9,17.6,20,86,90,1.44,1530,78,33,59,0,None,110,69.86298179772521,-4,88.0,84.96
22.1,15.3,43,93,93,1.47,935,77,24,154,1,Gearbox,138,42.30767316394879,0,93.0,226.38
19.7,13.2,42,78,77,1.47,1993,79,16,53,0,None,123,101.16746133631405,1,77.5,77.91
17.3,15.8,33,85,91,0.66,1026,78,15,130,0,None,146,59.30632410039069,-6,88.0,85.8
22.4,16.4,15,72,86,0.85,1099,65,17,174,0,None,124,49.062478097108,-14,79.0,147.9
8.3,16.6,28,95,92,0.81,1807,76,27,230,0,None,133,217.71058107158908,3,93.5,186.3
23.6,16.2,31,81,85,1.42,1011,72,35,108,0,None,96,42.83896489874368,-4,83.0,153.35999999999999
23.9,16.6,28,87,92,0.59,1135,68,29,41,0,None,121,47.48951987886198,-5,89.5,24.189999999999998
22.4,13.1,43,81,86,1.09,922,60,18,113,1,Blades,131,41.16069591040362,-5,83.5,123.17000000000002
10.0,14.5,16,88,78,0.99,1072,74,32,75,0,None,102,107.19989280010721,10,83.0,74.25
22.2,16.7,35,92,75,1.48,1625,77,28,78,1,Gearbox,111,73.1981652260517,17,83.5,115.44
15.0,17.5,24,80,87,1.46,1297,72,21,275,0,None,125,86.46660902226066,-7,83.5,401.5
16.9,14.3,32,86,87,0.92,1049,66,25,56,0,None,123,62.070969188775635,-1,86.5,51.52
21.8,13.7,35,94,79,0.94,1190,61,23,121,0,None,127,54.587130923334435,15,86.5,113.74
5.6,17.2,28,91,92,0.88,1729,73,32,55,0,None,119,308.74944866169886,-1,91.5,48.4
12.3,12.2,19,72,92,1.29,1513,68,34,76,0,None,96,123.0080300747723,-20,82.0,98.04
21.3,10.1,31,87,91,0.6,1424,70,17,113,0,None,144,66.85442870684098,-4,89.0,67.8
21.3,14.7,43,81,94,0.62,951,71,18,148,1,Blades,139,44.647866362504054,-13,87.5,91.76
22.0,11.7,31,91,85,1.2,1463,75,17,172,0,None,142,66.49996977274101,6,88.0,206.4
8.4,13.8,19,71,89,0.52,1430,71,23,183,0,None,114,170.23789257393742,-18,80.0,95.16
19.1,12.9,40,80,93,1.17,1387,71,34,263,0,None,105,72.6177630273492,-13,86.5,307.71
7.9,17.8,22,73,84,0.63,1436,70,35,172,0,None,87,181.77192180769393,-11,78.5,108.36
20.7,13.3,26,98,87,1.29,982,69,27,49,0,None,131,47.439590608893425,11,92.5,63.21
9.9,16.4,28,96,85,1.24,1926,72,24,238,0,None,133,194.5452580350929,11,90.5,295.12
19.8,16.7,25,99,95,0.68,1237,60,21,118,0,None,152,62.47471592186064,4,97.0,80.24000000000001
14.1,14.6,27,89,84,1.26,1618,74,15,140,0,None,143,114.75169166546691,5,86.5,176.4
24.7,10.8,39,94,81,1.29,1295,66,20,114,0,None,135,52.42912857120301,13,87.5,147.06
16.6,17.0,22,88,88,1.43,1261,67,18,37,0,None,140,75.96380966035562,0,88.0,52.91
17.7,10.8,29,85,81,1.22,1697,72,15,129,0,None,136,95.87565204765421,4,83.0,157.38
12.4,11.0,16,95,92,1.37,1361,65,33,153,1,Gearbox,121,109.75797600163226,3,93.5,209.61
19.7,12.0,30,93,93,1.14,1577,73,17,252,0,None,152,80.05072078643616,0,93.0,287.28
14.9,12.8,18,92,82,1.13,1202,63,29,235,0,None,116,80.67108679792833,10,87.0,265.54999999999995
5.4,18.5,23,97,82,1.18,1192,73,33,104,0,None,113,220.74033196234822,15,89.5,122.72
17.2,16.7,25,98,77,0.91,1119,74,18,115,0,None,139,65.05810171040599,21,87.5,104.65
21.6,13.9,17,83,80,0.73,1231,74,20,133,0,None,123,56.99071435615076,3,81.5,97.09
9.7,19.8,26,78,76,0.91,971,75,20,68,0,None,114,100.10298958454683,2,77.0,61.88
9.4,12.4,30,85,90,1.09,986,70,17,190,0,None,141,104.89350543244103,-5,87.5,207.10000000000002
17.2,16.1,28,73,79,1.19,1838,77,33,63,0,None,86,106.8604029881378,-6,76.0,74.97
21.4,18.5,23,98,77,0.96,1208,65,32,193,0,None,111,56.44857175300386,21,87.5,185.28
10.0,18.0,24,100,78,0.83,1492,68,23,61,0,None,132,149.1998508001492,22,89.0,50.629999999999995
23.6,10.9,34,90,83,0.75,1446,79,30,111,0,None,113,61.27116047832183,7,86.5,83.25
23.5,17.0,37,92,83,0.68,1598,76,25,183,0,None,125,67.9999710638421,9,87.5,124.44000000000001
9.0,12.6,32,80,93,0.98,1613,75,29,109,0,None,115,179.22202308664103,-13,86.5,106.82
10.3,13.6,44,96,81,1.21,1303,74,29,163,0,None,119,126.50473154880432,15,88.5,197.23
19.0,14.9,43,97,89,1.33,1047,62,31,107,1,Gearbox,124,55.10523415513992,8,93.0,142.31
24.0,17.9,18,72,93,0.85,1095,79,33,113,0,None,99,45.62498098959126,-21,82.5,96.05
19.2,11.7,23,74,92,1.11,1295,66,31,107,0,None,104,67.4478815375617,-18,83.0,118.77000000000001
13.9,11.1,41,78,79,0.98,1516,63,29,73,0,None,99,109.06466973764768,-1,78.5,71.53999999999999
8.4,11.5,16,91,81,1.47,1576,60,27,151,1,Gearbox,118,187.61882426330445,10,86.0,221.97
14.2,12.2,33,76,76,1.38,1926,68,19,100,0,None,114,135.63370730020614,0,76.0,138.0
17.1,10.6,44,77,85,1.38,1236,73,21,119,0,None,120,72.28065948499444,-8,81.0,164.22
11.6,19.3,35,81,83,1.08,1020,68,17,177,0,None,130,87.93095868020804,-2,82.0,191.16000000000003
15.2,13.2,18,88,86,0.94,1491,76,20,251,0,None,134,98.09204072892058,2,87.0,235.94
7.6,11.8,37,99,84,1.15,973,64,26,267,0,None,131,128.02614733401668,15,91.5,307.04999999999995
14.0,16.4,26,94,90,0.66,1082,63,34,189,0,None,116,77.28565908167208,4,92.0,124.74000000000001
6.8,17.9,43,87,88,1.38,1510,65,18,81,0,None,139,222.0584969727986,-1,87.5,111.77999999999999
6.0,17.5,24,71,84,0.77,1917,61,24,242,0,None,107,319.49946750088753,-13,77.5,186.34
22.1,17.2,29,86,76,1.33,1115,77,30,41,0,None,102,50.45246585861273,10,81.0,54.53
9.1,10.5,37,76,82,0.8,1299,63,31,290,0,None,96,142.74709588231224,-6,79.0,232.0
16.5,17.8,23,79,81,1.02,1387,68,19,252,0,None,122,84.06055511481509,-2,80.0,257.04
8.0,15.0,20,78,77,1.27,1949,69,19,200,0,None,117,243.62469546913067,1,77.5,254.0
10.3,16.5,15,80,81,0.89,1709,65,27,77,0,None,107,165.9221690076029,-1,80.5,68.53
12.2,19.6,30,72,95,0.86,1265,78,33,159,0,None,101,103.68843959963968,-23,83.5,136.74
7.9,18.1,43,87,91,1.39,1199,75,31,223,1,Generator,116,151.7719597823294,-4,89.0,309.96999999999997
5.9,18.3,23,71,91,0.57,1470,61,23,232,0,None,116,249.15212008115242,-20,81.0,132.23999999999998
22.5,11.8,16,90,92,1.34,1320,69,28,224,1,Generator,126,58.66664059260418,-2,91.0,300.16
5.2,14.8,34,92,92,1.43,1578,63,20,62,1,Gearbox,144,303.4609548827791,0,92.0,88.66
6.2,19.5,17,85,82,1.06,1488,73,24,52,0,None,119,239.99961290385016,3,83.5,55.120000000000005
21.1,15.8,30,93,81,1.2,937,70,26,231,0,None,122,44.40756189215076,12,87.0,277.2
10.6,11.0,26,99,82,1.36,982,76,28,88,1,Gearbox,125,92.64142203639432,17,90.5,119.68
19.5,17.3,29,80,91,0.94,1047,74,23,124,0,None,125,53.69228015780505,-11,85.5,116.55999999999999
7.9,10.4,20,89,91,1.38,1616,76,16,237,1,Generator,148,204.5567030927809,-2,90.0,327.06
9.7,17.4,18,80,75,0.87,1975,78,34,285,0,None,87,203.6080375174871,5,77.5,247.95
16.5,18.8,37,83,94,0.81,1398,64,34,138,0,None,109,84.7272213774416,-11,88.5,111.78
24.8,14.3,22,71,81,1.48,1064,72,29,75,0,None,94,42.90320850677076,-10,76.0,111.0
6.5,14.1,39,72,88,0.53,1571,63,20,169,0,None,120,241.69193585856024,-16,80.0,89.57000000000001
13.0,13.0,38,94,88,0.82,1588,65,27,139,0,None,128,122.1537521894214,6,91.0,113.97999999999999
5.9,18.8,21,74,77,0.96,1731,65,21,215,0,None,109,293.38933323841826,-3,75.5,206.4
9.0,15.5,42,91,89,0.81,1681,67,29,166,0,None,122,186.77757024714418,2,90.0,134.46
23.1,15.8,20,91,86,0.78,1657,76,22,122,0,None,133,71.73157067897372,5,88.5,95.16
6.9,16.6,39,100,87,0.87,1697,66,26,93,0,None,135,245.94167254830066,13,93.5,80.91
22.1,13.0,28,91,84,0.9,1801,75,16,102,0,None,143,81.49317579494307,7,87.5,91.8
8.6,14.3,20,74,91,0.57,1885,60,35,51,0,None,95,219.18579164442835,-17,82.5,29.069999999999997
22.2,17.4,43,89,88,1.28,904,72,28,75,1,Blades,121,40.72070237806199,1,88.5,96.0
15.8,19.9,44,86,79,0.67,1633,66,34,203,0,None,97,103.35436496559178,7,82.5,136.01000000000002
22.6,10.3,30,98,90,0.54,1935,75,30,92,0,None,128,85.61943114184463,8,94.0,49.68000000000001
8.0,10.4,29,91,85,1.09,1734,80,26,135,0,None,124,216.74972906283867,6,88.0,147.15
20.2,14.3,42,86,76,1.17,990,71,30,292,1,Blades,102,49.0098767277838,10,81.0,341.64
18.6,16.6,33,89,83,1.26,1710,71,24,238,0,None,124,91.9354344433148,6,86.0,299.88
15.9,13.9,23,83,83,0.59,1178,79,34,35,0,None,98,74.08800371823665,0,83.0,20.65
21.2,20.0,28,85,91,0.67,1102,67,30,117,0,None,116,51.98110755608134,-6,88.0,78.39
18.0,12.0,40,92,80,0.68,1124,68,17,84,0,None,138,62.444409753105695,12,86.0,57.120000000000005
22.5,10.1,41,72,84,1.09,1969,74,34,280,1,Blades,88,87.51107221730123,-12,78.0,305.20000000000005
12.6,11.9,43,88,76,1.39,1625,70,27,107,0,None,110,128.96815161257808,12,82.0,148.73
16.8,18.9,24,73,93,1.21,1976,75,24,152,0,None,118,117.61897760775142,-20,83.0,183.92
22.4,11.5,35,96,84,0.81,1832,68,31,268,0,None,118,81.785677774251,12,90.0,217.08
9.3,14.8,17,98,92,1.35,1917,74,20,213,1,Gearbox,150,206.12881061418213,6,95.0,287.55
14.7,14.2,37,93,89,1.17,1510,75,34,142,0,None,114,102.72101855713024,4,91.0,166.14
24.2,16.7,32,92,81,1.19,1284,73,18,134,0,None,137,53.05782931494657,11,86.5,159.45999999999998
14.5,10.5,22,98,89,1.46,1712,64,21,175,1,Gearbox,145,118.06888409042477,9,93.5,255.5
10.1,16.6,35,77,84,1.45,920,70,33,272,0,None,95,91.08901872374385,-7,80.5,394.4
12.0,13.5,19,77,82,0.89,1608,79,27,63,0,None,105,133.99988833342638,-5,79.5,56.07
22.7,19.3,25,84,88,1.14,1952,62,32,223,0,None,108,85.99115154574822,-4,86.0,254.21999999999997
24.1,18.5,27,70,90,0.7,1830,74,19,193,0,None,122,75.93357845079731,-20,80.0,135.1
24.0,14.0,38,99,89,0.91,1108,76,31,56,0,None,126,46.16664743056357,10,94.0,50.96
19.0,19.9,24,71,84,0.77,1041,74,19,37,0,None,117,54.789444847660604,-13,77.5,28.490000000000002
15.2,10.5,16,88,80,0.87,1809,62,30,158,0,None,108,119.01307959665817,8,84.0,137.46
8.7,17.9,20,81,91,1.18,959,61,18,247,0,None,136,110.2297583565996,-10,86.0,291.46
7.5,14.3,33,73,82,0.71,1995,70,22,129,0,None,111,265.99964533380626,-9,77.5,91.58999999999999
6.2,14.3,15,71,87,0.68,1414,66,25,161,0,None,108,228.0641482836318,-16,79.0,109.48
5.4,11.7,39,78,77,0.88,1920,68,33,39,0,None,89,355.5548971205609,1,77.5,34.32
22.6,15.1,42,73,90,0.6,1792,65,30,126,1,Blades,103,79.2920003132742,-17,81.5,75.6
21.2,10.8,30,98,94,1.31,1667,76,21,108,1,Gearbox,150,78.63203838111397,4,96.0,141.48000000000002
16.4,16.2,36,77,84,1.46,1126,77,24,273,0,None,113,68.65849472043006,-7,80.5,398.58
25.0,12.4,29,73,86,1.3,994,60,22,142,0,None,115,39.75998409600636,-13,79.5,184.6
24.1,17.2,24,93,93,1.03,1621,76,34,276,0,None,118,67.26138287909424,0,93.0,284.28000000000003
18.1,16.1,20,82,91,1.17,1109,73,18,220,0,None,137,61.27068438083735,-9,86.5,257.4
14.3,17.5,31,95,94,1.31,1812,69,33,242,1,Gearbox,123,126.71319810265867,1,94.5,317.02000000000004
8.0,17.5,43,95,80,0.57,974,62,32,108,0,None,111,121.74984781269023,15,87.5,61.559999999999995
15.3,12.0,42,100,84,0.92,1476,73,18,247,0,None,148,96.47052518266328,16,92.0,227.24
8.2,10.0,43,94,84,0.64,1364,65,20,32,0,None,138,166.34126055943835,10,89.0,20.48
13.0,13.7,44,76,84,0.59,1917,71,29,187,0,None,102,147.46142502967305,-8,80.0,110.33
23.9,19.2,20,88,93,1.26,1888,64,29,110,0,None,123,78.99578284695279,-5,90.5,138.6
11.8,15.8,19,86,79,1.36,1692,78,20,163,0,None,125,143.38970899177204,7,82.5,221.68
8.1,17.3,28,85,93,0.58,1731,67,28,106,0,None,122,213.70343987229649,-8,89.0,61.48
16.6,18.8,36,79,86,0.68,1677,74,29,109,0,None,107,101.02403552768943,-7,82.5,74.12
17.0,19.1,28,76,86,0.72,1642,70,16,222,0,None,130,96.58817847754207,-10,81.0,159.84
8.9,15.3,42,92,83,1.36,1997,78,23,230,1,Gearbox,129,224.3817703575614,9,87.5,312.8
8.9,15.4,37,73,86,1.41,1710,65,33,150,0,None,93,192.13461557908363,-13,79.5,211.5
24.8,18.5,34,71,91,1.26,1940,79,33,271,0,None,96,78.22577490896172,-20,81.0,341.46
9.9,18.1,17,81,85,1.3,1381,75,28,207,0,None,110,139.49480859110244,-4,83.0,269.1
21.8,17.0,20,92,91,0.84,1998,74,28,106,0,None,127,91.65133410489261,1,91.5,89.03999999999999
14.4,16.0,28,96,83,0.91,1576,77,32,178,0,None,115,109.4443684414108,13,89.5,161.98000000000002
13.7,16.2,44,86,79,0.78,1895,73,22,100,0,None,121,138.32106691892926,7,82.5,78.0
10.9,13.6,25,95,83,1.46,1000,62,16,180,1,Gearbox,146,91.74303509813294,12,89.0,262.8
20.5,18.4,34,71,89,1.23,1572,74,32,222,0,None,96,76.68288942298076,-18,80.0,273.06
22.6,16.2,45,84,92,0.84,1992,69,21,50,1,Blades,134,88.1415539196664,-8,88.0,42.0
10.2,12.2,23,74,90,0.64,973,71,28,198,0,None,108,95.39206334111438,-16,82.0,126.72
6.9,12.4,20,87,82,0.69,1942,68,25,259,0,None,119,281.4488674654095,5,84.5,178.70999999999998
7.7,18.6,31,98,87,0.7,1060,63,18,114,0,None,149,137.66215888031314,11,92.5,79.8
20.9,16.3,32,70,82,1.11,1996,70,23,272,0,None,106,95.50234664959491,-12,76.0,301.92
13.7,14.0,43,90,89,1.4,1218,61,20,82,0,None,139,88.90504459485797,1,89.5,114.8
7.6,11.9,16,94,84,1.37,1773,61,15,51,1,Gearbox,148,233.28916672478064,10,89.0,69.87
11.8,16.1,27,92,90,0.57,930,71,25,127,0,None,132,78.81349253093853,2,91.0,72.39
15.3,11.8,24,71,75,1.21,1215,64,26,268,0,None,94,79.41171280280209,-4,73.0,324.28
22.0,14.7,32,75,82,0.67,1564,72,21,117,0,None,115,71.0908767768742,-7,78.5,78.39
17.8,16.8,15,73,93,0.81,1150,64,21,151,0,None,124,64.60670527713187,-20,83.0,122.31
8.5,15.7,36,73,81,1.04,1737,76,24,60,0,None,106,204.35270076152852,-8,77.0,62.400000000000006
8.2,19.2,30,92,83,1.34,1643,63,27,40,1,Gearbox,121,200.36560931023257,9,87.5,53.6
13.2,10.4,36,83,91,0.74,1990,69,34,124,0,None,106,150.75746154737763,-8,87.0,91.76
6.5,12.8,28,92,77,1.37,1543,69,25,81,1,Gearbox,119,237.38425017807666,15,84.5,110.97000000000001
20.1,10.6,29,81,81,1.23,1745,72,34,54,0,None,94,86.81587720603123,0,81.0,66.42
13.0,11.9,42,74,90,1.17,982,68,34,106,0,None,96,75.53840343199737,-16,82.0,124.02
11.9,11.2,21,92,94,0.63,947,73,27,109,0,None,132,79.57976505902096,-2,93.0,68.67
15.2,17.3,22,89,91,0.97,1540,75,26,73,0,None,128,101.31572281860342,-2,90.0,70.81
19.2,13.7,32,73,78,0.78,1984,62,16,170,0,None,119,103.33327951391692,-5,75.5,132.6
16.4,19.3,35,98,92,1.09,1196,61,19,48,0,None,152,72.92678480074099,6,95.0,52.32000000000001
21.0,10.2,26,79,85,1.17,902,74,35,218,0,None,94,42.952360498875954,-6,82.0,255.05999999999997
17.6,16.5,31,90,91,0.57,1275,77,30,249,0,None,121,72.44314065730644,-1,90.5,141.92999999999998
20.8,19.7,22,71,80,1.14,1713,70,28,183,0,None,95,82.35572963666844,-9,75.5,208.61999999999998
18.9,11.8,19,83,82,1.0,1782,73,26,283,0,None,113,94.28566439911937,1,82.5,283.0
8.9,14.4,22,99,93,1.34,1759,66,29,199,1,Gearbox,134,197.64022737053105,6,96.0,266.66
6.0,17.0,42,97,93,1.29,989,77,29,208,0,None,132,164.833058611569,4,95.0,268.32
23.1,16.3,39,77,81,0.91,1748,75,19,238,0,None,120,75.67096291300307,-4,79.0,216.58
23.9,15.7,19,96,77,1.48,990,72,31,154,1,Gearbox,111,41.422576810637324,19,86.5,227.92
19.5,13.3,16,79,94,1.09,1986,66,24,147,0,None,125,101.8461016173838,-15,86.5,160.23000000000002
19.5,17.3,18,96,81,1.46,1308,69,29,292,1,Gearbox,119,67.07688867851863,15,88.5,426.32
10.4,16.5,24,92,77,1.22,1663,66,22,53,0,None,125,159.90369240029577,15,84.5,64.66
15.8,11.6,39,81,82,0.91,1433,69,27,46,0,None,109,90.69614512902207,-1,81.5,41.86
24.8,19.6,25,97,81,0.73,1165,61,30,215,0,None,118,46.9757875097631,16,89.0,156.95
22.1,15.6,21,85,77,0.97,1572,62,27,299,0,None,108,71.1311895333984,8,81.0,290.03
11.1,15.3,27,80,95,1.44,918,64,28,161,1,Generator,119,82.70262819583046,-15,87.5,231.84
11.0,18.5,19,78,81,0.63,1456,78,19,237,0,None,121,132.36351603316726,-3,79.5,149.31
14.7,16.4,29,98,80,0.96,943,69,25,78,0,None,128,64.14961622475087,18,89.0,74.88
13.1,10.7,35,93,83,0.85,1525,70,20,175,0,None,136,116.41212487624055,10,88.0,148.75
12.4,15.1,26,80,83,1.37,1403,71,22,82,0,None,119,113.14507004429835,-3,81.5,112.34
17.5,17.8,20,78,84,1.3,1884,70,31,41,0,None,100,107.65708133881067,-6,81.0,53.300000000000004
5.2,17.0,29,76,93,1.05,1963,62,16,142,0,None,137,377.49927403985765,-17,84.5,149.1
20.3,19.7,38,77,76,0.92,1616,66,20,113,0,None,113,79.60587211533394,1,76.5,103.96000000000001
19.8,10.2,17,73,94,1.18,1104,61,31,226,0,None,105,55.75754759719818,-21,83.5,266.68
21.6,12.6,17,85,88,1.45,1476,61,32,215,0,None,109,68.33330169754551,-3,86.5,311.75
21.8,15.5,25,71,89,0.6,902,62,19,40,0,None,122,41.37612780911569,-18,80.0,24.0
16.3,16.2,27,70,78,1.4,1745,78,18,144,0,None,112,107.05514904592083,-8,74.0,201.6
20.6,12.7,21,89,82,0.79,945,64,31,158,0,None,109,45.87376413894945,7,85.5,124.82000000000001
14.8,18.3,16,73,76,0.5,1788,61,29,179,0,None,91,120.81072918193973,-3,74.5,89.5
24.0,11.6,22,95,88,1.24,1191,60,26,204,0,None,131,49.624979322925284,7,91.5,252.96
8.8,10.0,28,73,82,1.29,1175,72,24,59,0,None,107,133.5225755425278,-9,77.5,76.11
23.3,19.5,17,86,86,0.8,999,72,33,240,0,None,106,42.87551807917679,0,86.0,192.0
10.2,13.9,36,90,90,1.28,1654,65,21,166,0,None,138,162.1567037679375,0,90.0,212.48000000000002
7.1,19.6,32,77,86,1.3,1303,66,28,152,0,None,107,183.52086828046723,-9,81.5,197.6
13.8,12.8,28,97,76,1.18,999,67,34,295,0,None,105,72.39125189039719,21,86.5,348.09999999999997
17.3,10.6,31,84,76,0.54,1253,67,18,126,0,None,124,72.42770379901515,8,80.0,68.04
9.6,17.7,35,79,92,1.17,1914,76,19,279,0,None,133,199.3747923179247,-13,85.5,326.43
16.1,18.4,45,97,80,1.43,938,79,17,246,1,Gearbox,143,58.26083337836436,17,88.5,351.78
21.2,14.9,38,96,82,1.12,1636,72,20,213,0,None,138,77.1697749199175,14,89.0,238.56000000000003
10.1,10.7,31,91,79,0.87,1451,68,26,154,0,None,118,143.66322409581772,12,85.0,133.98
16.6,16.5,38,79,89,1.06,1557,66,22,244,0,None,124,93.79512421980468,-10,84.0,258.64
11.8,11.8,29,82,83,1.49,1331,77,26,41,0,None,113,112.79651457922493,-1,82.5,61.089999999999996
15.6,18.5,24,91,84,0.97,1430,62,25,125,0,None,125,91.66660790602057,7,87.5,121.25
18.3,12.7,23,76,88,1.34,1735,69,26,183,0,None,112,94.80869136137083,-12,82.0,245.22000000000003
12.0,18.5,27,85,87,0.64,1431,73,34,159,0,None,104,119.24990062508282,-2,86.0,101.76
24.9,14.3,15,92,90,0.56,1314,65,19,196,0,None,144,52.77106314415135,2,91.0,109.76
16.3,16.0,20,90,90,0.89,1203,63,28,290,0,None,124,73.80363570329098,0,90.0,258.1
21.5,17.9,19,92,84,0.64,1396,73,24,241,0,None,128,64.93020235804542,8,88.0,154.24
19.5,10.4,44,97,79,0.83,1533,72,29,89,0,None,118,78.61534429982343,18,88.0,73.86999999999999
22.1,18.2,17,99,79,1.22,1312,72,27,238,0,None,124,59.36648897443938,20,89.0,290.36
8.5,11.4,30,84,89,0.95,1891,80,30,145,0,None,113,222.47032650549824,-5,86.5,137.75
9.5,13.6,43,72,80,0.82,1996,66,26,69,0,None,100,210.10504199469264,-8,76.0,56.58
14.7,14.7,33,95,84,1.39,1125,80,29,233,1,Gearbox,121,76.5305601832924,11,89.5,323.87
22.0,19.0,30,74,77,0.51,1609,61,30,88,0,None,91,73.1363303925771,-3,75.5,44.88
9.0,10.2,37,77,77,1.31,1127,61,19,277,0,None,116,125.22208308657436,0,77.0,362.87
24.4,15.6,26,90,80,1.12,1495,77,33,157,0,None,104,61.27046669243169,10,85.0,175.84
7.6,16.4,21,92,77,0.55,1333,66,29,31,0,None,111,175.39450605986048,15,84.5,17.05
8.5,13.2,40,91,80,0.53,1170,67,17,70,0,None,137,137.64689688600367,11,85.5,37.1
8.3,12.9,17,83,86,0.67,1276,61,32,95,0,None,105,153.7347545364403,-3,84.5,63.650000000000006
16.7,14.9,39,98,90,1.48,1036,60,19,151,1,Gearbox,150,62.03589099647246,8,94.0,223.48
23.4,11.9,18,95,76,0.59,987,73,27,245,0,None,117,42.17946915407301,19,85.5,144.54999999999998
10.1,14.7,34,90,87,1.24,1395,70,21,67,0,None,135,138.11867513002463,3,88.5,83.08
16.1,17.7,29,83,82,0.9,1797,75,27,58,0,None,111,111.6148375063121,1,82.5,52.2
8.5,18.5,45,84,80,0.74,1651,65,33,134,0,None,98,194.23506560580518,4,82.0,99.16
17.6,13.9,27,75,76,1.08,1555,77,33,229,0,None,85,88.35222252714628,-1,75.5,247.32000000000002
7.5,16.2,44,93,82,0.87,1363,65,31,79,0,None,113,181.73309102254532,11,87.5,68.73
14.8,10.0,27,96,91,0.81,1415,69,31,97,0,None,125,95.60804350807871,5,93.5,78.57000000000001
18.1,15.5,35,95,86,0.74,924,67,25,100,0,None,131,51.04969555265439,9,90.5,74.0
16.6,19.8,34,86,91,0.96,1934,77,32,246,0,None,113,116.50595391207595,-5,88.5,236.16
7.8,13.1,18,95,83,0.67,1242,76,24,164,0,None,130,159.23056508901914,12,89.0,109.88000000000001
8.2,15.9,37,94,92,1.35,1906,69,19,139,1,Gearbox,148,232.43874092836475,2,93.0,187.65
18.4,17.6,21,95,78,1.09,1688,67,33,229,0,None,107,91.73908057658666,17,86.5,249.61
21.2,16.1,27,99,91,0.56,1518,76,24,279,0,None,142,71.6037398095567,8,95.0,156.24
23.2,14.2,38,94,85,0.96,1390,64,27,204,0,None,125,59.91376727854859,9,89.5,195.84
21.3,11.5,43,78,90,1.13,1255,79,28,58,1,Blades,112,58.92016013138022,-12,84.0,65.53999999999999
24.5,14.6,32,95,80,1.36,1602,66,17,132,1,Gearbox,141,65.38772841317208,15,87.5,179.52
13.2,12.9,31,81,85,0.52,1967,69,22,242,0,None,122,149.01503862497074,-4,83.0,125.84
11.6,17.0,30,85,90,0.96,1785,76,22,120,0,None,131,153.87917769036406,-5,87.5,115.19999999999999
5.6,14.4,39,94,85,1.21,1330,76,29,62,0,None,121,237.49957589361452,9,89.5,75.02
14.0,18.5,45,80,84,0.7,1430,74,29,299,0,None,106,102.14278418372558,-4,82.0,209.29999999999998
18.0,11.9,34,71,91,0.72,1415,62,35,188,0,None,92,78.61106743829588,-20,81.0,135.35999999999999
21.3,14.2,26,92,78,0.99,1185,65,30,258,0,None,110,55.63377669775742,14,85.0,255.42
10.3,15.6,22,97,85,1.38,1832,74,19,250,1,Gearbox,144,177.86390498650002,12,91.0,345.0
15.3,11.3,21,98,91,0.9,1662,77,22,209,0,None,145,108.62737998210459,7,94.5,188.1
18.2,15.9,41,94,92,0.98,1557,63,18,145,0,None,150,85.54940354428378,2,93.0,142.1
16.0,12.9,45,98,77,1.14,1377,80,32,61,0,None,111,86.06244621097112,21,87.5,69.53999999999999
10.5,12.3,36,95,92,0.81,1163,72,32,290,0,None,123,110.76179927447689,3,93.5,234.9
20.9,11.4,44,71,75,1.37,1604,76,33,218,1,Blades,80,76.74637476250012,-4,73.0,298.66
8.5,13.5,25,80,92,1.46,1160,76,28,174,1,Generator,116,136.4704276818498,-12,86.0,254.04
23.1,19.3,34,80,80,1.15,910,62,20,67,0,None,120,39.39392234029336,0,80.0,77.05
24.1,10.3,30,77,87,1.14,973,67,33,222,0,None,98,40.37342723094306,-10,82.0,253.07999999999998
12.3,18.5,29,94,75,1.17,1663,69,20,43,0,None,129,135.20314211126657,19,84.5,50.309999999999995
12.5,14.0,34,86,90,0.69,1315,65,23,240,0,None,130,105.19991584006733,-4,88.0,165.6
19.9,15.6,24,95,84,1.23,1127,74,15,299,0,None,149,56.63313737028273,11,89.5,367.77
14.1,15.1,34,88,92,0.85,1162,71,27,267,0,None,126,82.41128907000775,-4,90.0,226.95
5.6,19.3,35,88,86,1.49,1444,80,24,229,0,None,126,257.85668239878146,2,87.0,341.21
23.4,17.7,40,82,92,1.25,1896,64,28,133,0,None,118,81.02560639931352,-10,87.0,166.25
13.6,19.8,37,94,87,1.08,1196,71,34,145,0,None,113,87.94111180800603,7,90.5,156.60000000000002
9.1,17.9,25,90,90,1.41,1621,78,16,47,0,None,148,178.13167238277762,0,90.0,66.27
16.1,13.0,29,80,90,1.47,1808,61,17,166,0,None,136,112.29806689561062,-10,85.0,244.01999999999998
9.4,19.6,19,100,80,1.32,1438,70,26,247,1,Gearbox,128,152.9785606611057,20,90.0,326.04
9.1,19.8,23,84,87,1.26,930,64,35,52,0,None,101,102.19768989264848,-3,85.5,65.52
15.9,11.2,31,79,92,0.56,1776,79,21,298,0,None,129,111.69804295720569,-13,85.5,166.88000000000002
12.8,19.0,18,91,93,1.21,1867,73,26,261,0,None,132,145.8592610474523,-2,92.0,315.81
16.5,16.6,32,77,83,0.84,934,65,19,196,0,None,122,56.606026299378,-6,80.0,164.64
24.9,19.2,27,95,81,1.43,1028,80,26,90,1,Gearbox,124,41.28512398187792,14,88.0,128.7
22.2,19.2,16,90,88,1.11,996,64,19,250,0,None,140,44.86484465547538,2,89.0,277.5
5.2,18.9,28,96,91,0.87,1143,67,19,259,0,None,149,219.8072696014046,5,93.5,225.33
6.0,18.9,23,80,76,0.84,1446,74,22,120,0,None,112,240.9995983340028,4,78.0,100.8
17.2,11.2,17,96,77,1.05,937,71,34,115,0,None,105,54.47671251353924,19,86.5,120.75
17.5,11.4,24,85,91,0.99,1086,76,28,198,0,None,120,62.05710739593863,-6,88.0,196.02
22.6,11.2,24,72,84,0.89,1348,73,22,179,0,None,112,59.64599130708349,-12,78.0,159.31
17.6,10.9,26,76,88,0.71,1596,72,28,106,0,None,108,90.68176665808713,-12,82.0,75.25999999999999
9.6,13.5,26,77,91,1.3,1901,67,19,298,0,None,130,198.02062706184682,-14,84.0,387.40000000000003
14.4,16.8,28,93,90,0.93,1813,66,28,115,0,None,127,125.90269034535393,3,91.5,106.95
21.2,13.5,18,76,91,0.6,959,62,33,203,0,None,101,45.23582771894919,-15,83.5,121.8
23.5,17.2,15,87,85,0.59,1964,68,34,270,0,None,104,83.57443252151808,2,86.0,159.29999999999998
9.7,18.2,37,90,78,0.74,1194,76,27,123,0,None,114,123.09265660550867,12,84.0,91.02
15.8,16.7,25,93,84,1.05,1300,66,33,185,0,None,111,82.2784289377032,9,88.5,194.25
8.2,14.7,33,94,94,0.65,982,78,23,140,0,None,142,119.75595151713232,0,94.0,91.0
14.9,13.0,24,92,81,0.72,1930,76,33,198,0,None,107,129.5301144093192,11,86.5,142.56
6.8,11.2,45,76,83,1.0,1501,80,22,177,0,None,115,220.7349695073978,-7,79.5,177.0
23.8,14.9,24,86,90,0.72,1468,75,29,80,0,None,118,61.6806463526696,-4,88.0,57.599999999999994
17.8,17.2,33,79,77,1.36,917,61,33,143,0,None,90,51.516824990547754,2,78.0,194.48000000000002
22.1,15.5,22,93,90,1.09,904,72,26,165,0,None,131,40.90495886653445,3,91.5,179.85000000000002
25.0,17.2,31,92,80,0.59,1650,66,20,207,0,None,132,65.99997360001056,12,86.0,122.13
8.7,13.4,32,77,80,0.64,1431,79,29,189,0,None,99,164.4825695602649,-3,78.5,120.96000000000001
18.9,10.7,20,89,87,0.7,1458,74,17,132,0,None,142,77.14281632655222,2,88.0,92.39999999999999
22.7,17.7,19,72,80,1.13,1615,76,22,243,0,None,108,71.14534310777837,-8,76.0,274.59
16.5,12.2,44,93,88,0.61,1061,71,33,201,0,None,115,64.3029913315204,5,90.5,122.61
17.8,16.2,42,93,93,0.54,1998,79,30,193,0,None,126,112.24712795105171,0,93.0,104.22000000000001
13.2,18.0,35,80,83,1.23,989,63,16,225,0,None,131,74.92418566349572,-3,81.5,276.75
18.5,11.4,41,94,94,0.98,1195,68,26,296,0,None,136,64.59455967861639,0,94.0,290.08
12.9,16.0,18,96,94,1.35,1663,70,20,293,1,Gearbox,150,128.9146287483498,2,95.0,395.55
14.5,16.9,37,76,79,1.29,1468,71,15,289,0,None,125,101.24130948875208,-3,77.5,372.81
7.1,17.5,24,81,84,0.77,1006,76,20,103,0,None,125,141.68994128177286,-3,82.5,79.31
5.2,11.5,31,78,95,0.69,1752,75,30,41,0,None,113,336.92242899532886,-17,86.5,28.29
6.1,18.3,38,81,78,1.02,1967,61,23,66,0,None,113,322.4584877729709,3,79.5,67.32000000000001
8.9,10.9,16,83,85,0.58,1420,74,20,171,0,None,128,159.55038252766008,-2,84.0,99.17999999999999
14.1,15.2,36,85,84,1.13,1178,65,35,69,0,None,99,83.54604003826948,1,84.5,77.97
5.4,14.4,28,71,91,0.51,1018,68,27,80,0,None,108,188.51816941079738,-20,81.0,40.8
8.1,12.2,28,72,78,1.3,1126,69,19,45,0,None,112,139.01217405904438,-6,75.0,58.5
20.6,13.0,42,90,79,1.39,1242,74,19,87,1,Blades,131,60.29123286833356,11,84.5,120.92999999999999
20.2,11.6,41,83,79,1.5,1107,74,17,192,1,Blades,128,54.80195306834007,4,81.0,288.0
20.8,14.3,17,73,78,0.84,1653,68,27,225,0,None,97,79.47111563888672,-5,75.5,189.0
23.4,10.4,34,82,80,1.06,925,76,33,255,0,None,96,39.52989763679589,2,81.0,270.3
7.4,18.9,28,84,86,1.36,1350,62,32,190,0,None,106,182.4321859024515,-2,85.0,258.40000000000003
8.3,11.6,19,89,89,0.96,1312,65,34,244,0,None,110,158.0720987083148,0,89.0,234.23999999999998
11.7,18.9,41,74,83,0.83,1866,68,15,103,0,None,127,159.48704317346738,-9,78.5,85.49
23.3,18.6,17,100,84,0.55,1200,64,26,86,0,None,132,51.50212381883098,16,92.0,47.300000000000004
20.5,14.5,16,84,91,0.89,1541,79,33,232,0,None,109,75.17069503868535,-7,87.5,206.48
11.5,15.0,21,90,86,0.58,905,79,33,97,0,None,110,78.69558374297065,4,88.0,56.26
6.8,13.0,24,97,87,0.86,1909,63,20,249,0,None,144,280.73488127223345,10,92.0,214.14
17.3,20.0,17,71,85,0.84,1600,68,25,297,0,None,106,92.48549567312389,-14,78.0,249.48
10.1,16.7,34,88,91,1.15,1773,80,17,287,0,None,145,175.54438064912807,-3,89.5,330.04999999999995
15.6,19.5,28,86,79,0.87,1526,60,20,234,0,None,125,97.82045011509608,7,82.5,203.58
23.8,14.1,27,72,95,0.88,1797,61,35,242,0,None,97,75.50416995623111,-23,83.5,212.96
16.5,18.8,19,91,93,0.79,993,77,27,42,0,None,130,60.18178170801109,-2,92.0,33.18
23.5,14.5,28,77,83,1.11,1682,68,35,189,0,None,90,71.57443762789889,-6,80.0,209.79000000000002
12.9,18.7,27,91,83,0.89,1064,75,15,198,0,None,144,82.48055621662309,8,87.0,176.22
17.7,11.3,27,81,92,1.45,1534,72,34,216,1,Generator,105,86.66661770247588,-11,86.5,313.2
22.9,16.4,22,93,84,1.39,1984,74,22,286,1,Gearbox,133,86.6375167521761,9,88.5,397.53999999999996
16.8,16.8,18,98,85,0.74,1099,64,17,116,0,None,149,65.41662772819778,13,91.5,85.84
17.3,16.6,23,96,90,0.9,1182,71,17,234,0,None,152,68.32365992852027,6,93.0,210.6
19.3,14.5,35,84,83,1.13,1132,73,22,162,0,None,123,58.6528193508708,1,83.5,183.05999999999997
22.6,16.8,17,77,84,0.52,1353,71,24,262,0,None,113,59.8672301472433,-7,80.5,136.24
6.8,12.4,26,100,76,0.73,1437,79,17,285,0,None,142,211.32321864232554,24,88.0,208.04999999999998
11.7,16.0,30,90,78,0.79,1076,60,32,161,0,None,104,91.96573336262107,12,84.0,127.19000000000001
13.0,15.5,44,82,84,0.9,931,64,25,205,0,None,116,71.6153295266696,-2,83.0,184.5
23.2,13.2,40,84,76,1.39,1276,61,22,83,0,None,116,54.99997629311367,8,80.0,115.36999999999999
24.1,17.8,42,74,81,0.6,1320,79,25,160,1,Blades,105,54.771761505493146,-7,77.5,96.0
7.4,10.8,40,85,84,0.57,1321,65,25,230,0,None,119,178.5132722793618,1,84.5,131.1
7.4,11.7,33,75,77,1.16,1631,75,17,213,0,None,118,220.40510756066547,-2,76.0,247.07999999999998
23.7,14.7,41,81,76,0.86,1394,63,16,207,1,Blades,125,58.81854058289427,5,78.5,178.02
10.9,18.9,32,85,75,0.68,1019,61,29,223,0,None,102,93.48615276499747,10,80.0,151.64000000000001
9.8,15.8,26,98,85,1.2,1926,64,25,126,0,None,133,196.5304117036615,13,91.5,151.2
5.7,18.4,26,89,78,0.74,1671,66,15,114,0,None,137,293.1573804256484,11,83.5,84.36
10.5,15.2,32,81,89,1.07,1134,69,28,107,0,None,114,107.9998971429551,-8,85.0,114.49000000000001
18.9,17.9,39,73,85,0.91,1929,60,29,175,0,None,100,102.063438061673,-12,79.0,159.25
13.5,13.3,19,92,75,0.86,1991,72,34,80,0,None,99,147.48137223602058,17,83.5,68.8
15.3,18.2,16,84,76,1.22,1117,73,28,246,0,None,104,73.00648823105344,8,80.0,300.12
23.3,14.0,39,72,93,1.11,1319,66,21,277,0,None,123,56.60941776419838,-21,82.5,307.47
7.3,15.6,34,90,77,1.01,976,65,20,95,0,None,127,133.6984469884288,13,83.5,95.95
6.4,11.8,40,81,90,0.63,1431,64,24,113,0,None,123,223.5934006353115,-9,85.5,71.19
22.0,19.2,44,82,80,1.09,1766,64,17,229,1,Blades,128,80.27269078514055,2,81.0,249.61
20.5,17.0,23,95,81,1.19,1894,73,25,133,0,None,126,92.39019883404936,14,88.0,158.26999999999998
10.3,18.6,21,74,75,1.31,1500,72,22,123,0,None,105,145.63092657191595,-1,74.5,161.13
11.5,12.1,25,80,86,0.8,1259,78,32,260,0,None,102,109.47816567116028,-6,83.0,208.0
11.2,10.7,41,81,84,0.76,1532,77,29,35,0,None,107,136.7855921557213,-3,82.5,26.6
18.0,13.4,15,70,90,1.25,1027,72,20,76,0,None,120,57.0555238580423,-20,80.0,95.0
6.2,15.2,15,95,93,0.97,1819,63,25,48,0,None,138,293.386623569962,2,94.0,46.56
14.8,18.0,22,95,86,0.91,1473,66,29,32,0,None,123,99.52695977908122,9,90.5,29.12
7.7,14.0,26,90,94,0.66,1981,70,18,170,0,None,148,257.2723931527362,-4,92.0,112.2
21.4,12.7,24,97,78,0.93,1341,68,34,111,0,None,107,62.66352211984948,19,87.5,103.23
12.6,13.7,40,78,82,1.23,1619,61,17,157,0,None,126,128.49196151431627,-4,80.0,193.10999999999999
15.6,17.0,36,77,92,0.95,1274,67,34,36,0,None,101,81.66661431627288,-15,84.5,34.199999999999996
5.6,13.4,40,72,86,1.37,1062,64,15,51,0,None,128,189.6425184955027,-14,79.0,69.87
6.2,19.8,27,88,86,0.5,1730,71,25,60,0,None,124,279.03180801321287,2,87.0,30.0
18.5,11.7,33,85,84,0.68,1640,79,21,154,0,None,127,88.6486007304861,1,84.5,104.72000000000001
20.3,17.5,30,94,75,1.11,1758,63,34,112,0,None,101,86.60094256111203,19,84.5,124.32000000000001
19.2,15.9,29,84,77,1.17,1978,77,32,48,0,None,97,103.02077967667726,7,80.5,56.16
19.7,12.3,24,76,77,0.78,1993,65,33,76,0,None,87,101.16746133631405,-1,76.5,59.28
7.1,17.5,36,94,79,1.44,1922,74,25,172,1,Gearbox,123,270.70384407909285,15,86.5,247.67999999999998
18.9,14.5,31,84,77,0.83,1884,72,17,141,0,None,127,99.68248694048312,7,80.5,117.03
8.6,16.8,17,99,77,0.91,1232,64,20,79,0,None,136,143.25564737715422,22,88.0,71.89
7.0,16.6,15,86,88,1.48,1415,67,26,46,0,None,122,202.14256836775948,-2,87.0,68.08
20.1,11.1,16,74,77,0.98,951,71,23,63,0,None,105,47.313409296811294,-3,75.5,61.74
22.8,18.4,17,96,84,1.11,1653,78,22,35,0,None,136,72.49996820176833,12,90.0,38.85
19.3,16.8,26,96,76,1.04,1501,64,21,53,0,None,130,77.77198042902569,20,86.0,55.120000000000005
21.1,17.8,24,83,80,0.68,1678,67,20,177,0,None,123,79.52602866064991,3,81.5,120.36000000000001
24.8,14.5,20,71,93,1.49,1649,80,26,238,1,Generator,112,66.49190867261747,-22,82.0,354.62
7.7,12.0,30,71,76,0.56,1199,76,29,209,0,None,89,155.71408348820327,-5,73.5,117.04
24.3,13.3,44,81,93,1.48,1407,68,29,117,1,Generator,116,57.90121074024249,-12,87.0,173.16
17.0,19.0,20,91,90,0.97,1016,63,16,120,0,None,149,59.76467072666428,1,90.5,116.39999999999999
21.3,19.4,23,80,93,0.69,993,70,16,180,0,None,141,46.619696422677734,-13,86.5,124.19999999999999
18.0,14.8,29,70,91,0.67,1406,72,17,83,0,None,127,78.11106771607349,-21,80.5,55.61000000000001
16.4,13.0,34,95,92,1.16,1511,65,15,276,0,None,157,92.13409016214015,3,93.5,320.15999999999997
19.1,17.3,33,99,77,1.21,1251,74,24,104,0,None,128,65.49734790714768,22,88.0,125.84
11.4,17.7,31,80,92,1.4,968,71,16,244,1,Generator,140,84.91220621736296,-12,86.0,341.59999999999997
23.5,18.2,37,72,85,0.74,1628,67,24,37,0,None,109,69.27656626529095,-13,78.5,27.38
7.3,10.3,40,79,82,0.93,1645,66,22,297,0,None,117,225.3421570655383,-3,80.5,276.21000000000004
11.4,10.1,45,94,78,1.47,1253,66,16,74,1,Gearbox,140,109.91218428755764,16,86.0,108.78
5.6,13.6,29,86,75,0.93,901,76,17,225,0,None,127,160.89256983469676,11,80.5,209.25
10.4,11.5,45,82,88,0.96,1599,70,30,289,0,None,110,153.7498521636037,-6,85.0,277.44
9.4,18.0,37,80,90,0.79,978,66,29,189,0,None,112,104.04244250803988,-10,85.0,149.31
6.0,15.3,35,73,83,1.37,1146,76,21,289,0,None,114,190.99968166719722,-10,78.0,395.93
14.8,18.3,34,80,78,0.87,1173,60,18,266,0,None,122,79.25670320493026,2,79.0,231.42
14.4,11.8,42,84,78,1.14,1190,80,22,292,0,None,118,82.63883150081146,6,81.0,332.88
6.6,16.3,43,90,78,0.68,1578,78,25,147,0,None,118,239.09054683250483,12,84.0,99.96000000000001
10.2,15.8,20,78,76,1.12,987,75,25,142,0,None,104,96.76461101508725,2,77.0,159.04000000000002
24.1,13.4,30,97,82,1.43,1610,65,15,283,1,Gearbox,149,66.80495153321513,15,89.5,404.69
7.2,15.2,43,85,87,1.28,1433,78,27,109,0,None,118,199.02750135069257,-2,86.0,139.52
11.1,15.9,26,82,84,0.57,1284,76,28,259,0,None,110,115.67557146344915,-2,83.0,147.63
5.7,18.9,22,88,78,1.13,1565,76,28,94,0,None,110,274.5609218229442,10,83.0,106.21999999999998
8.0,10.6,18,75,91,1.06,1861,64,28,231,0,None,110,232.6247092191135,-16,83.0,244.86
19.0,18.2,33,73,81,0.84,1498,72,34,199,0,None,86,78.84206376733486,-8,77.0,167.16
12.3,19.8,36,80,87,1.34,1072,78,29,156,0,None,109,87.15440068747911,-7,83.5,209.04000000000002
14.0,17.3,21,71,80,1.29,1514,70,21,195,0,None,109,108.14277989801437,-9,75.5,251.55
8.1,17.4,35,81,87,1.15,1399,71,31,65,0,None,106,172.7158361532887,-6,84.0,74.75
18.6,12.2,42,90,78,1.24,1935,68,24,70,0,None,120,104.03220213322466,12,84.0,86.8
20.0,15.2,22,94,88,0.69,1553,73,16,269,0,None,150,77.64996117501941,6,91.0,185.60999999999999
8.6,17.1,19,87,86,1.42,939,77,28,60,0,None,117,109.18591955125635,1,86.5,85.19999999999999
5.9,16.0,40,91,85,1.17,1033,70,23,287,0,None,130,175.08444900940847,6,88.0,335.78999999999996
6.6,13.9,42,95,79,0.97,1486,79,34,97,0,None,106,225.15117401337272,16,87.0,94.09
18.1,19.4,21,93,86,0.69,1775,68,22,191,0,None,135,98.06624416229604,7,89.5,131.79
7.7,15.1,37,80,93,1.18,1005,62,16,37,0,None,141,130.5193110138818,-13,86.5,43.66
14.9,19.7,33,87,78,0.6,1522,60,34,85,0,None,97,102.14758245128695,9,82.5,51.0
8.1,15.6,22,78,89,0.82,1398,72,32,125,0,None,103,172.59237951558086,-11,83.5,102.5
8.4,17.9,40,87,77,1.07,1299,76,35,296,0,None,94,154.64267304443686,10,82.0,316.72
5.1,17.4,29,83,82,1.15,990,77,19,99,0,None,127,194.1172664367325,1,82.5,113.85
11.4,16.6,36,81,89,0.52,1868,79,15,103,0,None,140,163.85950538639878,-8,85.0,53.56
6.8,10.1,24,76,86,0.51,1740,71,34,276,0,None,94,255.88197664415202,-10,81.0,140.76
12.9,10.8,39,87,89,0.61,1913,64,30,96,0,None,116,148.29445868646613,-2,88.0,58.56
17.0,15.8,23,92,94,1.27,1084,74,32,169,0,None,122,63.76466837372449,-2,93.0,214.63
12.4,19.1,26,87,94,1.07,1530,78,15,286,0,None,151,123.38699726855059,-7,90.5,306.02000000000004
19.1,16.0,27,72,93,1.11,921,64,28,235,0,None,109,48.21987004195285,-21,82.5,260.85
19.8,12.4,21,98,85,1.1,1095,67,29,40,0,None,125,55.30300237222102,13,91.5,44.0
18.9,13.2,41,70,82,0.54,1768,76,22,59,0,None,108,93.54492405030474,-12,76.0,31.860000000000003
23.7,16.2,18,97,81,0.67,1216,65,24,133,0,None,130,51.307995228694,16,89.0,89.11
9.7,16.0,32,93,87,1.23,1117,78,18,266,0,None,144,115.15452045925727,6,90.0,327.18
8.8,19.6,39,73,84,1.15,1496,77,17,159,0,None,123,169.99980681840134,-11,78.5,182.85
17.2,15.3,32,77,95,0.95,1621,70,31,281,0,None,110,94.24413125341206,-18,86.0,266.95
16.9,13.6,25,80,86,0.52,1571,80,31,163,0,None,104,92.95852487661251,-6,83.0,84.76
15.2,15.2,38,97,82,0.92,1009,66,20,181,0,None,139,66.38153527530575,15,89.5,166.52
5.1,17.9,30,99,88,0.75,1923,79,31,235,0,None,125,377.058084199835,11,93.5,176.25
16.1,15.4,20,73,76,1.2,1095,66,22,159,0,None,105,68.01238011653409,-3,74.5,190.79999999999998
23.7,13.3,25,82,77,1.32,1918,74,21,186,0,None,117,80.92823589525912,5,79.5,245.52
11.7,13.4,33,74,88,1.0,1432,75,31,244,0,None,100,122.39305778371131,-14,81.0,244.0
24.4,17.6,35,78,77,0.9,1013,73,29,157,0,None,97,41.51637642771458,1,77.5,141.3
12.1,10.7,31,99,90,0.77,1063,71,28,292,0,None,133,87.85116706515119,9,94.5,224.84
7.8,12.7,23,100,76,0.59,1374,73,31,283,0,None,114,176.1536203158714,24,88.0,166.97
13.0,11.5,33,84,87,0.87,1998,60,32,180,0,None,107,153.69218946754657,-3,85.5,156.6
14.9,19.4,25,75,89,1.18,1874,78,34,137,0,None,96,125.77172766998143,-14,82.0,161.66
17.6,10.9,22,86,91,1.17,1978,71,27,179,0,None,123,112.38629978051148,-5,88.5,209.42999999999998
15.1,17.6,43,80,93,0.91,1400,70,17,156,0,None,139,92.71517038730438,-13,86.5,141.96
15.7,16.3,24,98,81,1.47,1648,71,22,261,1,Gearbox,135,104.96808600758854,17,89.5,383.67
5.5,16.3,25,95,89,1.44,1471,71,18,239,1,Gearbox,148,267.4540591744379,6,92.0,344.15999999999997
10.1,17.6,42,79,77,1.38,933,75,17,118,0,None,122,92.37614616223154,2,78.0,162.83999999999997
11.2,14.0,19,71,92,0.94,1056,62,35,77,0,None,93,94.28563010211599,-21,81.5,72.38
24.7,14.0,33,100,93,1.25,1214,79,19,285,0,None,155,49.14977767215479,7,96.5,356.25
10.9,12.9,39,91,90,1.43,1244,79,30,88,1,Gearbox,121,114.12833566207738,1,90.5,125.83999999999999
22.9,16.0,23,83,81,1.24,1664,60,31,262,0,None,102,72.66372372763156,2,82.0,324.88
11.1,19.3,40,79,76,0.82,1693,70,25,184,0,None,105,152.5223851149684,3,77.5,150.88
6.9,19.2,38,70,83,0.57,1396,75,15,248,0,None,123,202.31854736442412,-13,76.5,141.35999999999999
10.0,17.0,30,75,80,1.46,1317,66,30,144,0,None,95,131.6998683001317,-5,77.5,210.24
10.5,19.1,19,70,86,1.49,1095,73,34,155,0,None,88,104.28561496608098,-16,78.0,230.95
24.6,19.6,44,88,83,1.19,945,73,30,218,1,Blades,111,38.41461853064287,5,85.5,259.42
18.5,18.0,34,90,78,0.82,1544,64,26,266,0,None,116,83.45941434626252,12,84.0,218.11999999999998
23.6,14.1,31,93,92,1.37,1283,64,27,288,1,Gearbox,131,54.364383743905194,1,92.5,394.56000000000006
21.7,14.8,42,76,92,1.45,1424,75,18,251,1,Generator,132,65.62208957507393,-16,84.0,363.95
16.6,19.3,28,73,91,1.01,1891,74,33,280,0,None,98,113.91559402675058,-18,82.0,282.8
18.5,16.7,32,90,79,0.81,1634,77,27,218,0,None,115,88.32427658147212,11,84.5,176.58
17.5,18.2,41,85,84,0.91,1757,78,20,174,0,None,129,100.39994262860421,1,84.5,158.34
18.3,11.2,27,96,78,0.57,1098,63,17,166,0,None,140,59.99996721313267,18,87.0,94.61999999999999
10.3,11.9,38,86,88,1.07,902,76,20,77,0,None,134,87.57273051191213,-2,87.0,82.39
13.2,13.4,23,83,91,0.88,1049,73,30,36,0,None,114,79.4696367654267,-8,87.0,31.68
16.9,11.9,36,85,87,1.38,1745,73,34,122,0,None,104,103.25437677255813,-2,86.0,168.35999999999999
5.7,19.1,30,93,86,0.78,1388,65,20,87,0,None,139,243.50834472220225,7,89.5,67.86
14.7,12.2,20,71,89,0.51,1135,77,21,140,0,None,118,77.21083182936611,-18,80.0,71.4
22.2,15.6,19,98,77,1.24,1958,80,31,162,0,None,113,88.198158469298,21,87.5,200.88
14.8,10.9,29,91,80,0.51,1435,63,30,127,0,None,111,96.95939394635543,11,85.5,64.77
16.0,11.5,36,97,81,1.05,1306,75,17,172,0,None,144,81.62494898440688,16,89.0,180.6
9.0,12.5,33,99,86,0.68,1975,68,33,143,0,None,119,219.44420061755488,13,92.5,97.24000000000001
20.9,19.8,41,77,95,1.11,1047,64,20,261,1,Blades,132,50.095669810684306,-18,86.0,289.71000000000004
12.2,18.0,27,87,92,0.7,1560,63,30,61,0,None,119,127.8687476485675,-5,89.5,42.699999999999996
24.1,16.7,40,85,80,1.0,1724,64,28,182,0,None,109,71.53524002687135,5,82.5,182.0
24.9,19.2,16,86,80,0.84,1935,77,24,86,0,None,118,77.71081216433247,6,83.0,72.24
23.3,19.6,26,71,84,0.68,1817,71,17,46,0,None,121,77.98279914901325,-13,77.5,31.28
6.7,14.5,17,97,94,1.11,1218,78,33,279,0,None,125,181.7907734466068,3,95.5,309.69000000000005
11.7,13.3,43,99,78,0.58,1186,78,26,204,0,None,125,101.36743472868828,21,88.5,118.32
23.9,13.2,29,91,94,1.44,1007,63,17,296,1,Gearbox,151,42.133873584153314,-3,92.5,426.24
21.1,10.4,24,78,79,1.28,1084,73,25,39,0,None,107,51.37438323488946,-1,78.5,49.92
23.2,12.8,30,94,93,1.42,1703,61,17,224,1,Gearbox,153,73.40514077364622,1,93.5,318.08
16.5,13.6,31,92,92,0.54,1218,65,22,239,0,None,140,73.81813707991692,0,92.0,129.06
14.6,10.4,40,87,93,0.5,1386,63,17,109,0,None,146,94.93144182777958,-6,90.0,54.5
7.1,18.8,31,75,93,0.86,1659,77,20,157,0,None,128,233.66164273008067,-18,84.0,135.02
21.8,18.5,28,76,79,1.12,1631,67,31,279,0,None,93,74.81647944198191,-3,77.5,312.48
19.9,12.5,44,88,91,0.74,1772,80,20,183,0,None,139,89.04518138433097,-3,89.5,135.42
6.2,18.0,44,74,89,1.05,964,63,28,90,0,None,107,155.4836201877094,-15,81.5,94.5
9.2,18.0,16,92,93,1.11,1529,65,20,214,0,None,145,166.1954715266614,-1,92.5,237.54000000000002
16.1,13.4,36,76,85,0.65,1881,73,27,57,0,None,107,116.83222557004622,-9,80.5,37.050000000000004
18.7,17.0,26,97,83,1.27,1310,79,30,67,0,None,120,70.05343847409708,14,90.0,85.09
7.8,12.9,35,97,90,1.44,1111,75,17,170,1,Gearbox,153,142.43571482600663,7,93.5,244.79999999999998
9.9,10.7,34,79,80,1.14,976,63,32,61,0,None,95,98.58575900428383,-1,79.5,69.53999999999999
8.9,15.0,25,73,91,1.45,1934,68,33,120,1,Generator,98,217.30312662570043,-18,82.0,174.0
9.4,14.4,45,88,81,0.75,904,80,22,180,0,None,125,96.1701104573293,7,84.5,135.0
23.4,11.4,26,83,76,0.54,1771,61,33,84,0,None,93,75.68372834028705,7,79.5,45.36
19.3,14.9,34,74,86,0.75,1191,66,17,194,0,None,126,61.70981258558933,-12,80.0,145.5
19.7,19.5,39,86,92,1.15,1167,62,24,125,0,None,130,59.2385486098738,-6,89.0,143.75
20.9,17.3,19,100,89,1.1,1073,76,18,296,0,None,153,51.3396883542161,11,94.5,325.6
12.1,17.4,24,72,95,0.77,1113,77,34,113,0,None,99,91.98339505504542,-23,83.5,87.01
20.3,17.6,21,78,78,0.91,1465,67,30,40,0,None,96,72.16745213426003,0,78.0,36.4
24.6,17.4,38,86,82,0.87,1863,67,27,138,0,None,114,75.7316765318388,4,84.0,120.06
19.0,10.2,39,94,83,1.45,1304,76,16,65,1,Gearbox,145,68.63154282550377,11,88.5,94.25
13.3,19.2,23,71,76,0.81,1720,63,18,267,0,None,111,129.32321103517967,-5,73.5,216.27
19.3,18.3,15,92,76,0.69,1171,76,22,202,0,None,124,60.673543692464406,16,84.0,139.38
23.0,12.7,28,74,76,1.07,1895,62,20,192,0,None,110,82.39126852553542,-2,75.0,205.44
7.6,15.5,36,95,83,0.62,1905,66,21,54,0,None,136,250.6575649242567,12,89.0,33.48
10.3,16.2,34,91,92,1.01,1019,70,34,159,0,None,115,98.93194278452157,-1,91.5,160.59
23.4,11.3,28,84,89,1.19,1823,62,31,56,0,None,111,77.90594961284205,-5,86.5,66.64
23.9,12.5,24,95,84,1.44,1672,61,16,65,1,Gearbox,147,69.95812972463192,11,89.5,93.6
14.7,10.2,29,92,80,1.39,1333,65,16,176,1,Gearbox,140,90.68021042162557,12,86.0,244.64
12.5,18.6,15,93,75,1.34,1818,72,16,223,1,Gearbox,136,145.4398836480931,18,84.0,298.82
10.7,10.2,17,79,79,0.89,1894,76,29,187,0,None,100,177.009180365252,0,79.0,166.43
15.0,13.2,20,89,83,1.39,1446,75,25,230,0,None,122,96.39993573337618,6,86.0,319.7
23.7,10.8,34,74,82,1.22,1460,71,18,95,0,None,120,61.603349534451674,-8,78.0,115.89999999999999
8.0,17.8,22,95,80,0.94,1675,73,34,213,0,None,107,209.37473828157715,15,87.5,200.22
13.4,19.2,28,86,95,1.06,1169,71,19,250,0,None,143,87.2387408666113,-9,90.5,265.0
23.2,15.6,34,95,84,0.94,984,71,29,275,0,None,121,42.413774821648786,11,89.5,258.5
12.0,11.4,40,76,80,0.7,1482,60,35,295,0,None,86,123.4998970834191,-4,78.0,206.5
20.4,15.6,31,74,83,0.95,1252,68,35,101,0,None,87,61.37251893503974,-9,78.5,95.94999999999999
12.8,17.7,20,91,81,1.31,1035,71,27,223,1,Gearbox,118,80.85931182866263,10,86.0,292.13
21.1,17.2,44,72,82,0.77,1054,72,18,218,1,Blades,118,49.95258296086115,-10,77.0,167.86
24.6,17.4,18,77,78,1.14,1134,70,35,266,0,None,85,46.097542236771446,-1,77.5,303.23999999999995
12.8,12.8,26,97,75,1.05,1272,74,30,181,0,None,112,99.3749223633419,22,86.0,190.05
21.9,10.7,43,74,85,1.42,1381,67,32,35,1,Blades,95,63.059331936378115,-11,79.5,49.699999999999996
24.8,11.5,33,81,85,1.25,1952,63,35,239,0,None,96,78.70964568159448,-4,83.0,298.75
24.7,19.6,35,98,78,0.86,1434,61,19,106,0,None,138,58.056656657224025,20,88.0,91.16
13.7,16.1,24,71,92,1.06,1905,71,21,73,0,None,121,139.05099339343548,-21,81.5,77.38000000000001
14.7,17.3,17,83,79,1.41,1501,70,20,138,0,None,122,102.1087740756639,4,81.0,194.57999999999998
11.1,19.0,26,94,90,0.73,1074,65,35,157,0,None,114,96.75666958858596,4,92.0,114.61
11.3,18.5,27,97,79,0.97,1827,64,28,109,0,None,120,161.6812728484311,18,88.0,105.73
14.8,12.2,23,92,81,0.72,918,72,21,49,0,None,131,62.02698511690195,11,86.5,35.28
9.0,10.6,21,97,80,0.92,1520,62,22,288,0,None,133,168.88870123477642,17,88.5,264.96000000000004
19.2,19.3,26,71,80,0.56,1276,63,24,198,0,None,103,66.45829871963609,-9,75.5,110.88000000000001
15.7,19.8,34,73,94,1.38,1382,65,24,123,1,Generator,119,88.02542163985883,-21,83.5,169.73999999999998
23.0,15.7,43,92,80,1.48,1777,78,18,204,1,Gearbox,136,77.26083597354958,12,86.0,301.92
21.2,18.9,36,93,85,1.07,906,74,32,122,0,None,114,42.735828898193915,8,89.0,130.54000000000002
11.4,12.3,38,88,90,1.05,1101,71,30,226,0,None,118,96.57886265012048,-2,89.0,237.3
15.1,11.1,24,92,81,1.46,1794,67,33,33,1,Gearbox,107,118.80786833916005,11,86.5,48.18
20.0,15.0,18,96,75,0.89,1500,68,26,184,0,None,119,74.99996250001875,21,85.5,163.76
8.9,18.1,24,86,90,1.12,1184,63,28,126,0,None,120,133.03355838926024,-4,88.0,141.12
5.6,16.5,27,98,81,1.34,1448,77,30,237,1,Gearbox,119,258.57096683755924,17,89.5,317.58000000000004
22.0,16.4,36,91,92,1.01,1343,64,27,234,0,None,129,61.045426797533274,-1,91.5,236.34
7.8,10.2,43,84,85,0.72,1746,75,29,143,0,None,111,223.84586686427326,-1,84.5,102.96
22.8,13.2,39,83,87,1.31,1732,65,26,151,0,None,118,75.96487896277239,-4,85.0,197.81
23.3,19.4,23,93,94,0.77,1409,75,23,100,0,None,141,60.47207705061071,-1,93.5,77.0
14.2,11.3,40,89,92,1.34,1203,66,35,237,1,Generator,111,84.71825019841536,-3,90.5,317.58000000000004
21.1,17.3,27,95,91,1.44,913,80,25,116,1,Gearbox,136,43.27012167292811,4,93.0,167.04
12.3,17.6,20,93,86,1.05,1420,78,32,261,0,None,115,115.44706061214585,7,89.5,274.05
22.2,17.3,29,86,78,0.55,1552,78,27,77,0,None,110,69.90987841897369,8,82.0,42.35
21.5,19.9,32,98,92,1.46,1566,64,20,75,1,Gearbox,150,72.83717542456957,6,95.0,109.5
6.6,14.1,38,91,77,1.33,1855,62,17,289,1,Gearbox,134,281.0601802118482,14,84.0,384.37
16.7,16.8,25,76,93,0.62,1414,79,33,191,0,None,103,84.67060798167188,-17,84.5,118.42
17.8,11.9,19,89,90,1.13,1692,69,22,244,0,None,135,95.05612637296271,-1,89.5,275.71999999999997
5.0,14.0,18,76,91,0.82,1040,78,21,83,0,None,125,207.99958400083202,-15,83.5,68.06
24.6,14.9,18,87,83,0.83,1740,70,30,241,0,None,110,70.7316785643583,4,85.0,200.03
13.1,12.1,44,94,77,1.08,1390,73,28,148,0,None,115,106.1067892314586,17,85.5,159.84
15.3,19.1,44,94,90,1.21,1664,75,28,152,0,None,128,108.75809885091579,4,92.0,183.92
8.9,17.2,44,90,95,0.51,1819,71,18,116,0,None,149,204.38179282944625,-5,92.5,59.160000000000004
17.2,12.8,24,93,92,0.65,1179,79,20,47,0,None,145,68.54647177530711,1,92.5,30.55
21.2,11.3,21,84,92,1.4,1633,61,25,121,1,Generator,126,77.02826555270494,-8,88.0,169.39999999999998
16.7,12.9,44,87,88,0.99,1036,77,32,275,0,None,111,62.03589099647246,-1,87.5,272.25
20.8,16.2,45,96,77,0.99,1023,74,24,38,1,Blades,125,49.18266866217853,19,86.5,37.62
19.6,18.3,17,85,92,1.34,1212,67,18,240,1,Generator,141,61.83670314453921,-7,88.5,321.6
9.8,15.0,38,81,79,0.63,1044,69,23,120,0,None,114,106.5305035403025,2,80.0,75.6
13.7,11.0,24,94,80,1.21,1398,69,21,157,0,None,132,102.04372113596999,14,87.0,189.97
8.0,12.5,42,72,90,1.01,1854,61,35,226,0,None,92,231.7497103128621,-18,81.0,228.26
5.8,13.5,18,99,89,1.24,982,71,23,276,0,None,142,169.3100529137019,10,94.0,342.24
6.3,16.4,42,80,76,1.18,1300,61,27,262,0,None,102,206.34887881130348,4,78.0,309.15999999999997
23.8,12.5,15,89,80,1.17,1129,70,26,63,0,None,117,47.436954858422325,9,84.5,73.71
24.7,12.3,31,91,91,1.36,1405,64,18,243,1,Gearbox,146,56.88256806373763,0,91.0,330.48
6.9,12.9,25,74,94,1.05,1598,77,18,187,0,None,132,231.59386725526485,-20,84.0,196.35
11.7,15.9,28,95,80,0.91,1838,61,15,57,0,None,145,157.0938828257412,15,87.5,51.870000000000005
7.3,14.9,28,87,90,0.7,926,66,18,61,0,None,141,126.84914130254617,-3,88.5,42.699999999999996
21.7,18.4,35,80,85,0.84,1525,68,30,78,0,None,105,70.27646531038465,-5,82.5,65.52
14.9,17.0,16,96,83,1.37,1659,72,28,251,1,Gearbox,123,111.3422071528811,13,89.5,343.87
17.4,16.7,36,89,93,0.84,1048,80,21,255,0,None,140,60.2298504426147,-4,91.0,214.2
15.8,11.5,16,94,86,1.49,1931,63,19,91,1,Gearbox,142,122.21511252208067,8,90.0,135.59
19.2,10.6,21,100,89,1.11,989,67,16,265,0,None,157,51.51038983833863,11,94.5,294.15000000000003
11.4,15.1,33,74,87,1.31,1252,74,21,217,0,None,119,109.82446506625871,-13,80.5,284.27000000000004
7.7,10.7,18,92,88,0.99,1162,67,22,293,0,None,136,150.9088949235131,4,90.0,290.07
5.4,13.6,45,93,85,1.15,975,65,32,118,0,None,114,180.55522119403483,8,89.0,135.7
13.9,10.3,39,96,86,1.49,1670,76,15,73,1,Gearbox,152,120.14379845769895,10,91.0,108.77
23.2,11.8,36,82,92,1.0,1462,64,20,148,0,None,134,63.01721421671801,-10,87.0,148.0
11.1,11.1,23,96,81,0.76,1370,67,34,48,0,None,109,123.42331223125025,15,88.5,36.480000000000004
8.9,18.0,16,89,90,1.15,1119,65,32,283,0,None,115,125.73019580876876,-1,89.5,325.45
23.5,13.5,44,72,80,1.42,1387,79,33,53,1,Blades,86,59.02125148031852,-8,76.0,75.25999999999999
7.1,10.8,19,71,76,0.52,1891,77,15,124,0,None,117,266.33765304555914,-5,73.5,64.48
6.0,12.7,40,84,93,1.49,1291,69,22,96,1,Generator,133,215.16630805615324,-9,88.5,143.04
22.6,16.8,21,94,83,1.04,1460,77,25,222,0,None,127,64.60174132666313,11,88.5,230.88
19.0,17.5,26,82,89,1.3,1922,74,17,103,0,None,137,101.1578414958729,-7,85.5,133.9
13.4,11.2,36,96,90,0.62,1660,67,17,227,0,None,152,123.88050456678764,6,93.0,140.74
20.0,17.8,43,85,91,0.79,946,64,22,90,0,None,132,47.299976350011825,-6,88.0,71.10000000000001
19.8,13.7,16,71,80,1.48,1266,67,33,100,0,None,85,63.93936164678705,-9,75.5,148.0
5.8,16.8,23,99,88,0.79,1974,70,23,213,0,None,141,340.3442407857918,11,93.5,168.27
18.5,16.7,38,85,90,0.91,1852,64,30,243,0,None,115,100.10805399564649,-5,87.5,221.13
17.8,17.9,20,90,77,0.78,1871,65,27,106,0,None,113,105.11230049870758,13,83.5,82.68
24.3,17.0,18,76,78,0.97,1927,73,33,207,0,None,88,79.30037888873296,-2,77.0,200.79
24.3,10.4,16,79,82,0.66,1597,74,22,251,0,None,117,65.7201375637294,-3,80.5,165.66
12.6,15.2,30,85,81,1.01,1758,69,18,198,0,None,130,139.52369879071526,4,83.0,199.98
16.8,11.7,38,96,91,0.8,1619,79,18,149,0,None,151,96.36899025655342,5,93.5,119.2
7.8,19.7,44,73,88,1.32,1481,66,19,188,0,None,123,189.87155144672892,-15,80.5,248.16000000000003
6.3,12.6,23,93,85,0.89,1472,78,31,55,0,None,116,233.6504227771067,8,89.0,48.95
13.7,14.2,19,87,77,1.29,914,65,26,218,0,None,112,66.71527976986879,10,82.0,281.22
18.8,12.0,27,85,77,1.14,1155,75,26,237,0,None,110,61.436137533969394,8,81.0,270.17999999999995
16.4,11.3,17,96,85,1.42,932,80,17,110,1,Gearbox,147,56.8292336407112,11,90.5,156.2
13.6,16.0,25,74,93,1.31,1395,77,19,31,1,Generator,129,102.57345399010737,-19,83.5,40.61
21.4,14.9,34,100,91,1.4,1693,70,19,281,1,Gearbox,153,79.11211256443339,9,95.5,393.4
20.9,13.7,20,96,93,1.03,1932,62,30,139,0,None,129,92.44014715782433,3,94.5,143.17000000000002
19.6,10.9,34,80,86,1.41,915,79,29,291,0,None,108,46.683649651199154,-6,83.0,410.31
6.5,17.4,44,84,79,0.65,1440,74,27,259,0,None,109,221.53812071058354,5,81.5,168.35
20.9,10.1,41,71,76,0.58,1670,77,17,176,1,Blades,113,79.90426798838853,-5,73.5,102.08
23.4,14.6,26,86,94,1.03,1634,71,18,102,0,None,144,69.82902998759403,-8,90.0,105.06
6.2,16.3,28,86,85,1.33,1728,70,20,223,0,None,131,278.7092278883421,1,85.5,296.59000000000003
13.0,14.3,28,98,92,0.71,1830,62,32,258,0,None,126,140.7691224852904,6,95.0,183.17999999999998
24.8,11.3,41,82,90,1.47,1906,61,29,190,1,Blades,114,76.85480771983559,-8,86.0,279.3
17.0,17.8,45,87,92,0.69,1098,72,33,183,0,None,113,64.58819730106042,-5,89.5,126.27
15.3,13.2,40,92,79,1.21,1951,64,16,91,0,None,139,127.51625652532253,13,85.5,110.11
8.5,11.3,32,88,89,1.42,1786,73,31,150,0,None,115,210.11739986188252,-1,88.5,213.0
16.3,15.5,18,75,89,1.47,1890,79,15,129,0,None,134,115.95084910990852,-14,82.0,189.63
13.8,10.2,44,75,86,1.16,1278,67,28,172,0,None,105,92.60862854447207,-11,80.5,199.51999999999998
7.5,13.2,41,74,92,1.07,1998,75,28,127,0,None,110,266.3996448004736,-18,83.0,135.89000000000001
14.3,17.5,40,77,95,0.59,913,78,20,87,0,None,132,63.846109198525035,-18,86.0,51.33
8.3,19.1,27,80,75,0.52,1858,77,30,246,0,None,95,223.8551519817446,5,77.5,127.92
19.6,15.9,28,92,84,1.49,1647,62,23,237,1,Gearbox,130,84.03056937215848,8,88.0,353.13
24.5,12.2,19,72,90,0.77,1052,74,28,276,0,None,106,42.93875798418041,-18,81.0,212.52
14.4,12.2,43,95,90,0.57,1814,66,28,221,0,None,129,125.9721347415731,5,92.5,125.96999999999998
17.6,16.0,43,78,84,1.04,1773,78,33,267,0,None,96,100.7385791258073,-6,81.0,277.68
13.6,14.1,23,88,92,0.81,1493,63,28,71,0,None,124,109.77933104460953,-4,90.0,57.510000000000005
7.8,11.8,36,87,89,0.86,1597,64,28,32,0,None,120,204.74332725214455,-2,88.0,27.52
24.4,17.9,21,75,86,0.85,1040,70,27,104,0,None,107,42.622933351256826,-11,80.5,88.39999999999999
7.6,12.0,27,79,80,0.75,1404,67,17,164,0,None,125,184.73659903079076,-1,79.5,123.0
7.2,13.2,24,79,82,1.47,944,67,21,179,0,None,119,131.1109290125986,-3,80.5,263.13
14.2,10.6,27,89,95,0.77,1535,68,24,43,0,None,136,108.0985154235807,-6,92.0,33.11
18.2,17.0,24,94,93,1.06,1397,63,20,100,0,None,147,76.75819958340682,1,93.5,106.0
12.1,12.8,25,100,89,0.74,994,62,18,269,0,None,153,82.14869243909716,11,94.5,199.06
8.9,12.3,39,73,92,1.26,1353,64,25,144,0,None,115,152.0223010985381,-19,82.5,181.44
21.4,13.0,24,98,78,0.73,1382,71,32,142,0,None,112,64.57940907504249,20,88.0,103.66
12.3,18.7,39,87,80,1.11,1711,68,28,148,0,None,111,139.10557796294475,7,83.5,164.28
8.9,15.2,32,81,93,1.33,959,73,29,100,1,Generator,116,107.75268791832818,-12,87.0,133.0
12.3,11.6,38,79,84,0.77,1575,74,18,281,0,None,127,128.04867638318993,-5,81.5,216.37
9.3,17.7,43,76,87,1.3,1464,73,31,179,0,None,101,157.4191855707682,-11,81.5,232.70000000000002
15.4,12.1,19,87,93,0.59,1202,65,17,43,0,None,146,78.05189736889781,-6,90.0,25.369999999999997
18.4,14.1,25,98,83,0.62,1719,72,21,264,0,None,139,93.42386226964008,15,90.5,163.68
21.0,15.7,17,75,85,0.9,1519,71,33,136,0,None,94,72.33329888890529,-10,80.0,122.4
9.6,15.8,27,83,77,0.91,1472,73,33,228,0,None,94,153.3331736112775,6,80.0,207.48000000000002
8.3,10.7,22,76,95,1.02,1948,65,17,199,0,None,137,234.6985124114308,-19,85.5,202.98
5.4,18.4,32,75,94,0.52,1796,80,18,260,0,None,133,332.59197668152467,-19,84.5,135.20000000000002
9.6,14.8,39,96,81,0.62,1127,80,22,296,0,None,133,117.39571104613434,15,88.5,183.52
5.5,19.9,30,78,92,0.51,1327,78,29,279,0,None,112,241.27228859583894,-14,85.0,142.29
11.9,17.2,25,77,90,1.45,1629,65,18,119,0,None,131,136.89064126836868,-13,83.5,172.54999999999998
7.9,19.9,20,97,78,0.81,1505,75,18,191,0,None,139,190.50608796697725,19,87.5,154.71
16.6,14.5,16,82,75,1.19,1374,63,26,165,0,None,105,82.77103447528043,7,78.5,196.35
12.7,11.4,35,70,75,1.11,1979,78,27,122,0,None,91,155.82664895539455,-5,72.5,135.42000000000002
6.9,17.3,16,92,76,1.22,1083,64,17,229,0,None,134,156.9562942662402,16,84.0,279.38
13.0,17.8,43,86,88,1.38,1272,69,23,64,0,None,128,97.84607857993956,-2,87.0,88.32
9.2,18.5,33,93,85,0.73,1336,73,30,75,0,None,118,145.21723345952887,8,89.0,54.75
18.6,13.0,26,87,95,0.93,975,67,22,176,0,None,138,52.41932665627599,-8,91.0,163.68
12.3,15.1,16,81,81,0.83,1415,65,20,220,0,None,122,115.04055687759603,0,81.0,182.6
7.9,18.6,27,72,90,0.58,1477,76,17,248,0,None,128,186.96178865596372,-18,81.0,143.84
12.0,18.6,41,96,83,0.53,1191,76,24,152,0,None,131,99.2499172917356,13,89.5,80.56
9.5,10.3,44,76,77,1.26,1958,70,34,71,0,None,85,206.10504620521453,-1,76.5,89.46
20.9,16.7,18,99,93,0.63,1489,66,27,73,0,None,138,71.24398505072486,6,96.0,45.99
24.7,16.0,38,77,83,0.52,1540,74,16,198,0,None,128,62.34815289548466,-6,80.0,102.96000000000001
5.5,10.8,23,95,93,0.94,1883,78,20,172,0,None,148,342.3630138854293,2,94.0,161.67999999999998
18.8,19.3,26,94,94,0.82,1202,76,30,211,0,None,128,63.936136204182866,0,94.0,173.01999999999998
10.3,14.5,31,84,91,0.57,1598,71,30,105,0,None,115,155.1454804412811,-7,87.5,59.849999999999994
6.3,16.7,45,82,76,0.55,1394,61,23,34,0,None,112,221.2694900484285,6,79.0,18.700000000000003
5.3,18.8,21,91,94,1.41,1309,78,16,183,1,Gearbox,153,246.98066607421498,-3,92.5,258.03
22.6,11.3,19,86,77,1.44,1315,78,26,231,0,None,111,58.18581496202877,9,81.5,332.64
12.1,18.6,33,89,94,0.98,926,65,30,274,0,None,123,76.52886237284102,-5,91.5,268.52
24.9,17.2,41,84,87,1.35,1803,74,22,297,1,Blades,127,72.40960947405243,-3,85.5,400.95000000000005
13.8,18.4,34,87,83,1.3,1544,67,31,100,0,None,108,111.88397689566891,4,85.0,130.0
8.8,14.9,25,76,89,1.08,1926,64,22,275,0,None,121,218.8633876552413,-13,82.5,297.0
20.5,10.3,44,72,85,1.25,1830,60,18,30,1,Blades,121,89.26824913743944,-13,78.5,37.5
23.5,16.7,45,81,91,1.43,1983,67,31,52,1,Generator,110,84.38294281576901,-10,86.0,74.36
21.3,13.7,38,84,85,1.07,937,64,18,169,0,None,133,43.990589675779496,-1,84.5,180.83
19.9,14.0,39,97,82,1.01,1613,60,20,97,0,None,139,81.05523565063535,15,89.5,97.97
11.7,14.4,38,82,82,0.5,1950,71,32,289,0,None,100,166.666524216646,0,82.0,144.5
6.3,14.9,23,83,82,1.04,1745,65,25,84,0,None,115,276.9836873274805,1,82.5,87.36
9.0,16.6,20,90,84,1.32,1249,72,18,279,0,None,138,138.77762358041824,6,87.0,368.28000000000003
13.9,17.3,32,76,77,1.26,1024,68,27,214,0,None,99,73.66901174891241,-1,76.5,269.64
24.1,17.8,44,96,88,1.15,1635,67,27,218,1,Blades,130,67.8422955011222,8,92.0,250.7
19.5,16.7,41,83,82,0.52,1624,68,26,163,0,None,113,83.28200857332894,1,82.5,84.76
21.6,18.0,18,98,86,1.43,1222,71,22,94,1,Gearbox,140,56.57404788238524,12,92.0,134.42
10.5,11.2,17,78,86,0.93,1786,77,23,236,0,None,118,170.09507609992752,-8,82.0,219.48000000000002
18.7,18.4,41,84,92,1.07,1595,73,30,101,0,None,116,85.2940720352556,-8,88.0,108.07000000000001
22.2,13.9,33,93,92,0.9,1356,62,34,106,0,None,117,61.081053567092994,1,92.5,95.4
14.6,15.3,24,87,95,0.85,1412,71,27,111,0,None,128,96.71226252584759,-8,91.0,94.35
13.6,14.3,32,90,80,1.01,1172,75,34,52,0,None,102,86.17640722322999,10,85.0,52.52
19.4,14.8,22,78,76,0.99,1492,66,19,140,0,None,116,76.9071768519707,2,77.0,138.6
16.2,12.9,43,80,83,0.86,1452,73,21,87,0,None,121,89.62957430273192,-3,81.5,74.82
24.9,11.7,40,85,93,1.3,1938,60,32,207,0,None,114,77.83129404365701,-8,89.0,269.1
13.5,11.0,44,76,87,0.55,1460,79,34,250,0,None,95,108.14806803846812,-11,81.5,137.5
8.5,14.5,21,74,82,0.62,1755,65,33,247,0,None,90,206.4703453290055,-8,78.0,153.14
14.4,11.3,40,95,90,0.58,1576,78,25,207,0,None,135,109.4443684414108,5,92.5,120.05999999999999
9.7,12.4,32,93,89,1.06,1148,64,31,230,0,None,120,118.35039345320264,4,91.0,243.8
16.2,11.3,25,98,89,0.91,955,78,19,281,0,None,149,58.95058089470316,9,93.5,255.71
7.5,11.1,29,88,85,0.95,1672,71,21,207,0,None,131,222.93303608928522,3,86.5,196.64999999999998
24.0,18.8,43,83,86,1.08,1783,64,35,176,1,Blades,99,74.29163571181846,-3,84.5,190.08
22.2,16.7,36,73,86,0.82,1862,66,19,206,0,None,121,83.87383609286663,-13,79.5,168.92
8.1,19.2,26,96,86,0.68,1652,77,20,81,0,None,142,203.95036549337595,10,91.0,55.080000000000005
8.4,16.4,45,84,79,0.81,1378,79,29,195,0,None,105,164.04742375306697,5,81.5,157.95000000000002
15.2,18.4,25,87,80,1.49,1442,78,28,117,0,None,111,94.86835863923774,7,83.5,174.33
20.5,15.6,39,79,82,1.45,1736,77,29,120,0,None,103,84.68288552054365,-3,80.5,174.0
9.4,14.6,39,86,92,1.46,1096,60,34,249,1,Generator,110,116.59562064295676,-6,89.0,363.53999999999996
6.2,15.3,37,93,84,0.53,1398,69,17,252,0,None,143,225.48350728466568,9,88.5,133.56
15.9,13.2,35,91,94,0.59,959,77,27,272,0,None,131,60.31442747520285,-3,92.5,160.48
18.8,16.6,18,100,91,0.55,1016,61,20,240,0,None,151,54.042524445465716,9,95.5,132.0
9.9,19.0,45,85,92,1.32,1154,74,23,186,1,Generator,131,116.56553882268805,-7,88.5,245.52
19.8,17.8,20,86,78,1.49,1593,70,21,72,0,None,122,80.45450482095715,8,82.0,107.28
24.0,14.6,33,72,78,1.04,1912,76,34,132,0,None,82,79.66663347223606,-6,75.0,137.28
7.7,19.5,22,82,80,1.2,1301,65,34,284,0,None,94,168.96081953140322,2,81.0,340.8
15.2,19.9,20,98,88,0.85,1450,78,25,257,0,None,136,95.39467408245127,10,93.0,218.45
6.1,14.9,32,81,85,1.27,1528,66,30,193,0,None,106,250.49139263706127,-4,83.0,245.11
9.1,18.6,40,93,78,1.16,1213,79,19,144,0,None,133,133.29655681697054,15,85.5,167.04
6.8,10.0,26,99,90,1.3,1659,73,22,44,0,None,145,243.97022945554494,9,94.5,57.2
13.1,10.7,17,74,85,1.0,1134,64,28,79,0,None,103,86.56481941616839,-11,79.5,79.0
21.4,10.2,34,80,90,0.69,1108,76,28,82,0,None,114,51.77567674033798,-10,85.0,56.58
16.5,17.7,38,84,93,0.98,1126,71,33,152,0,None,111,68.24238288340432,-9,88.5,148.96
9.5,10.8,24,77,93,0.81,1427,68,30,227,0,None,110,150.21036819961242,-16,85.0,183.87
5.8,10.2,36,70,81,1.19,1175,69,32,174,0,None,87,202.58585761059035,-11,75.5,207.06
16.1,11.5,17,84,78,0.64,1377,68,31,284,0,None,100,85.52789718764149,6,81.0,181.76
7.7,13.1,26,86,84,0.83,1315,74,20,135,0,None,130,170.77899898831302,2,85.0,112.05
11.9,14.6,29,89,77,0.51,1814,65,31,87,0,None,104,152.43684669172546,12,83.0,44.37
15.2,10.7,38,95,76,1.32,1141,70,19,221,1,Gearbox,133,75.0657400883289,19,85.5,291.72
23.1,15.0,25,78,95,0.91,1237,75,15,203,0,None,143,53.5497603680691,-17,86.5,184.73000000000002
6.6,12.5,29,72,94,1.28,1948,63,27,73,0,None,112,295.15106795292735,-22,83.0,93.44
18.4,12.7,34,73,82,0.6,1169,66,22,69,0,None,111,63.53257416707926,-9,77.5,41.4
5.3,18.2,34,85,91,0.69,1777,64,28,40,0,None,120,335.2823862596486,-6,88.0,27.599999999999998
17.6,19.9,31,98,79,1.35,1056,71,19,122,1,Gearbox,139,59.99996590911027,19,88.5,164.70000000000002
16.0,14.6,25,99,83,1.1,1545,68,20,43,0,None,142,96.56243964847522,16,91.0,47.300000000000004
21.2,13.2,35,76,90,0.51,1001,66,33,243,0,None,100,47.21695885992507,-14,83.0,123.93
15.6,19.3,40,75,86,1.41,1351,67,28,94,0,None,105,86.60250858813552,-11,80.5,132.54
12.1,15.0,20,81,91,1.48,1951,69,17,240,1,Generator,138,161.2395361656726,-10,86.0,355.2
9.9,17.3,25,84,95,1.16,1607,68,22,171,0,None,135,162.323068360537,-11,89.5,198.35999999999999
6.7,14.1,35,94,75,1.23,1128,74,28,290,0,None,113,168.35795767469006,19,84.5,356.7
15.7,12.0,38,93,93,0.63,1790,74,29,241,0,None,128,114.01266623397056,0,93.0,151.83
22.8,16.5,38,98,83,1.27,1620,61,25,97,0,None,131,71.05260041552613,15,90.5,123.19
15.3,16.6,35,96,83,0.6,1920,74,20,122,0,None,139,125.49011405874897,13,89.5,73.2
19.8,14.6,29,83,75,1.39,1152,64,28,59,0,None,102,58.181788797076365,8,79.0,82.00999999999999
11.0,12.7,34,71,92,1.0,1033,68,17,144,0,None,129,93.9090055372677,-21,81.5,144.0
14.0,18.3,19,77,90,0.64,1598,64,31,199,0,None,105,114.14277561230314,-13,83.5,127.36
11.5,12.8,21,88,93,0.59,1905,62,30,103,0,None,121,165.6520298678001,-5,90.5,60.769999999999996
7.2,16.6,43,85,78,0.94,1756,72,21,181,0,None,121,243.88855015479146,7,81.5,170.14
13.3,13.8,43,77,79,0.51,1352,79,16,40,0,None,124,101.65405890672263,-2,78.0,20.4
20.3,14.7,37,74,81,1.46,1375,67,17,292,0,None,121,67.73395678130208,-7,77.5,426.32
12.9,12.1,25,76,86,0.67,1266,74,24,149,0,None,114,98.13945880662108,-10,81.0,99.83000000000001
18.0,16.5,34,78,82,0.92,1909,69,19,188,0,None,122,106.0554966358352,-4,80.0,172.96
20.2,12.3,36,96,81,1.11,1793,64,24,197,0,None,129,88.76233229587511,15,88.5,218.67000000000002
11.5,14.9,30,91,79,1.17,1194,78,16,160,0,None,138,103.82599667304638,12,85.0,187.2
21.0,13.3,37,87,78,1.06,1253,69,24,259,0,None,117,59.66663825398179,9,82.5,274.54
11.8,19.6,16,71,84,0.68,1714,60,33,118,0,None,89,145.25411419142864,-13,77.5,80.24000000000001
10.1,19.8,23,95,84,0.97,1367,69,29,289,0,None,121,135.3464006471281,11,89.5,280.33
9.4,17.5,39,87,91,0.82,1571,60,16,280,0,None,146,167.12748177927472,-4,89.0,229.6
9.0,19.8,43,89,91,0.59,1071,76,17,142,0,None,146,118.99986777792469,-2,90.0,83.78
19.7,11.1,41,72,89,0.89,1809,67,25,119,0,None,111,91.82736455463728,-17,80.5,105.91
22.8,19.9,36,94,92,1.11,1512,72,20,63,0,None,146,66.31576038782438,2,93.0,69.93
9.6,11.0,20,95,77,0.6,1808,75,24,130,0,None,124,188.33313715298215,18,86.0,78.0
6.7,14.2,26,97,84,0.66,1686,61,30,141,0,None,121,251.64141546057394,13,90.5,93.06
11.3,12.4,17,86,81,0.59,1372,70,23,289,0,None,121,121.41582175590995,5,83.5,170.51
18.2,19.5,34,82,80,0.5,1649,73,21,185,0,None,120,90.60434582178802,2,81.0,92.5
12.4,16.4,28,72,89,1.44,966,69,33,267,0,None,95,77.90316298132018,-17,80.5,384.47999999999996
16.0,16.0,32,76,92,1.34,1380,66,29,98,1,Generator,110,86.24994609378369,-16,84.0,131.32000000000002
19.9,20.0,44,77,77,0.73,1379,69,28,186,0,None,98,69.29644758972483,0,77.0,135.78
13.2,16.1,27,72,77,1.08,1363,68,16,193,0,None,117,103.25749753219885,-5,74.5,208.44000000000003
25.0,16.5,24,75,88,1.3,1029,72,25,72,0,None,113,41.159983536006585,-13,81.5,93.60000000000001
11.0,10.4,20,97,78,0.87,1436,69,33,35,0,None,109,130.54533586787647,19,87.5,30.45
24.6,18.6,19,86,90,1.24,1738,63,31,251,0,None,114,70.65037778439927,-4,88.0,311.24
9.1,19.7,31,93,92,1.37,1255,62,16,81,1,Gearbox,153,137.91193636050951,1,92.5,110.97000000000001
7.2,19.6,37,78,85,1.0,1800,63,30,149,0,None,103,249.99965277826004,-7,81.5,149.0
20.0,12.2,32,74,93,1.39,1544,61,32,139,1,Generator,103,77.1999614000193,-19,83.5,193.20999999999998
19.0,12.3,41,81,75,0.71,1697,65,20,171,0,None,116,89.3157424653987,6,78.0,121.41
21.2,13.7,24,94,80,1.4,1887,61,25,247,1,Gearbox,124,89.0093919767019,14,87.0,345.79999999999995
11.9,13.1,33,79,90,1.31,1430,72,33,119,0,None,103,120.16796624540652,-11,84.5,155.89000000000001
23.6,13.1,35,76,94,1.34,1829,69,33,280,1,Generator,104,77.49996716103087,-18,85.0,375.20000000000005
7.4,16.1,23,71,94,0.5,1054,65,23,153,0,None,119,142.43223995643248,-23,82.5,76.5
5.6,18.1,27,89,75,1.16,1756,60,25,299,0,None,114,313.5708686234489,14,82.0,346.84
11.0,19.4,33,83,88,0.9,1817,63,17,134,0,None,137,165.18166801666544,-5,85.5,120.60000000000001
20.9,10.7,16,78,76,1.1,1894,73,26,199,0,None,102,90.62196620958555,2,77.0,218.9
18.5,12.8,42,86,89,0.58,989,65,32,94,0,None,111,53.45943056246997,-3,87.5,54.519999999999996
13.7,12.6,18,91,90,0.74,1029,67,18,156,0,None,145,75.10943422669035,1,90.5,115.44
10.1,13.6,16,77,92,0.85,925,62,24,263,0,None,121,91.5840677385468,-15,84.5,223.54999999999998
6.2,14.2,21,88,86,1.22,1456,71,28,80,0,None,118,234.8383309059179,2,87.0,97.6
11.8,13.9,30,78,92,1.05,1112,76,16,244,0,None,138,94.23720827355231,-14,85.0,256.2
14.2,19.5,25,100,93,0.51,1525,67,16,159,0,None,161,107.39429056740101,7,96.5,81.09
18.7,14.4,28,92,86,0.83,1882,62,32,289,0,None,114,100.6416574108784,6,89.0,239.86999999999998
17.9,15.5,18,88,85,1.44,1260,79,34,119,0,None,105,70.3910221279206,3,86.5,171.35999999999999
23.9,17.5,22,75,85,0.68,906,70,30,91,0,None,100,37.90793392973476,-10,80.0,61.88
7.0,17.3,18,88,85,0.74,1879,62,34,72,0,None,105,268.4281879597315,3,86.5,53.28
11.7,15.8,22,94,90,0.81,1584,70,18,75,0,None,148,135.38449967136782,4,92.0,60.75000000000001
14.6,18.6,36,92,76,0.77,1122,61,32,299,0,None,104,76.84926243201204,16,84.0,230.23000000000002
18.4,16.2,32,93,84,0.62,1662,61,33,137,0,None,111,90.32603786628378,9,88.5,84.94
14.9,18.7,25,80,85,0.81,1596,66,21,107,0,None,123,107.11402207112613,-5,82.5,86.67
23.3,13.0,23,80,79,1.04,1318,74,28,72,0,None,103,56.56649932768269,1,79.5,74.88
17.2,11.3,45,86,86,1.18,1133,74,21,113,0,None,130,65.87205472554959,0,86.0,133.34
5.8,18.2,38,78,84,1.14,1992,78,17,48,0,None,128,343.4476837108902,-6,81.0,54.72
7.3,13.8,40,73,90,0.66,1607,62,31,219,0,None,101,220.13668474426748,-17,81.5,144.54000000000002
20.1,16.5,16,84,82,1.11,902,69,33,107,0,None,100,44.87559956437833,2,83.0,118.77000000000001
19.3,17.4,17,70,94,0.86,1038,70,17,37,0,None,130,53.78235555318365,-24,82.0,31.82
8.1,13.3,36,93,83,1.32,1172,69,28,132,1,Gearbox,120,144.6911793936057,10,88.0,174.24
6.2,15.1,21,92,88,0.86,1794,77,34,89,0,None,112,289.3543720090774,4,90.0,76.53999999999999
16.6,18.9,28,87,79,1.48,1422,76,20,73,0,None,126,85.66259899843433,8,83.0,108.03999999999999
17.7,18.8,21,92,89,1.11,966,70,30,154,0,None,121,54.576240352406586,3,90.5,170.94000000000003
7.7,17.5,20,89,85,0.93,1192,76,23,206,0,None,128,154.80499375974836,4,87.0,191.58
14.5,17.6,18,91,82,1.0,1979,61,16,247,0,None,141,136.48266449471416,9,86.5,247.0
11.1,19.0,33,72,82,0.68,1745,71,29,235,0,None,96,157.2070655792202,-10,77.0,159.8
23.6,17.4,37,96,83,1.18,905,62,20,79,0,None,139,38.3474413782028,13,89.5,93.22
9.4,13.4,17,89,84,1.46,1823,77,27,208,0,None,119,193.93596389791074,5,86.5,303.68
19.7,11.2,23,88,80,1.01,1111,70,16,98,0,None,136,56.395910458928704,8,84.0,98.98
15.4,14.2,35,82,81,1.49,1264,60,17,119,0,None,129,82.07786878060469,1,81.5,177.31
5.2,10.9,27,71,94,0.65,1030,71,15,208,0,None,135,198.07654216049585,-23,82.5,135.20000000000002
15.3,11.2,36,97,81,1.14,912,75,19,130,0,None,140,59.60780417790576,16,89.0,148.2
7.0,19.5,38,100,88,1.18,1454,63,18,158,0,None,152,207.71398898001576,12,94.0,186.44
18.2,16.8,16,94,82,0.81,1215,66,21,285,0,None,134,66.7582050779093,12,88.0,230.85000000000002
16.3,18.5,26,97,91,0.85,1296,69,19,124,0,None,150,79.50915367536584,6,94.0,105.39999999999999
5.2,16.4,37,74,89,1.45,1086,68,20,238,0,None,123,208.84575221970726,-15,81.5,345.09999999999997
9.1,14.2,26,74,82,1.11,1787,70,18,113,0,None,120,196.3734105786697,-8,78.0,125.43
20.5,10.3,15,96,89,1.28,1091,60,19,82,0,None,147,53.21948623439696,7,92.5,104.96000000000001
10.5,19.6,25,72,90,1.23,1469,75,21,289,0,None,120,139.90462866225843,-18,81.0,355.46999999999997
15.0,10.7,41,73,78,1.11,1416,66,24,127,0,None,103,94.39993706670863,-5,75.5,140.97
11.2,16.1,44,95,87,0.55,1912,74,20,220,0,None,142,170.71413329095245,8,91.0,121.00000000000001
23.4,11.0,32,87,91,1.16,1987,77,19,120,0,None,140,84.91449362628478,-4,89.0,139.2
15.7,12.8,24,82,76,0.84,1896,74,28,162,0,None,102,120.7642542902839,6,79.0,136.07999999999998
18.9,11.9,29,87,85,0.97,1707,73,22,225,0,None,128,90.31741253046957,2,86.0,218.25
6.7,15.5,22,96,92,1.35,1374,72,27,224,1,Gearbox,134,205.07432078459584,4,94.0,302.40000000000003
5.8,18.9,20,93,94,1.47,1044,60,23,55,1,Gearbox,141,179.9996896557075,-1,93.5,80.85
10.2,16.4,30,91,88,1.19,1857,78,23,277,0,None,133,182.0586450405441,3,89.5,329.63
11.2,16.6,37,99,82,0.73,1688,77,23,284,0,None,135,150.71415114807934,17,90.5,207.32
18.8,19.1,22,86,87,0.82,1045,64,32,190,0,None,109,55.5850768164485,-1,86.5,155.79999999999998
16.4,17.5,42,70,76,0.64,997,64,23,294,0,None,100,60.79264585814278,-6,73.0,188.16
12.5,18.7,20,83,84,1.08,1642,61,27,192,0,None,113,131.3598949120841,-1,83.5,207.36
18.1,14.2,32,73,90,1.43,1897,68,24,259,0,None,115,104.80657193007075,-17,81.5,370.37
8.3,18.7,38,73,76,1.31,1135,80,27,37,0,None,95,136.74682319659854,-3,74.5,48.47
6.3,16.5,21,78,87,1.04,1353,62,19,225,0,None,127,214.76156387053356,-9,82.5,234.0
22.1,11.4,24,81,87,1.44,1961,71,17,137,0,None,134,88.73299152353324,-6,84.0,197.28
16.3,10.4,17,84,79,1.4,1941,65,27,264,0,None,109,119.07968154620764,5,81.5,369.59999999999997
18.0,12.4,43,75,86,0.86,1669,77,35,299,0,None,91,92.72217070990516,-11,80.5,257.14
11.1,13.8,30,79,83,1.05,1421,70,20,49,0,None,122,128.01790268657416,-4,81.0,51.45
12.4,18.4,17,78,85,0.8,1310,77,15,34,0,None,133,105.64507609268057,-7,81.5,27.200000000000003
6.6,17.4,40,81,82,0.51,1330,79,33,170,0,None,97,201.514846189627,-1,81.5,86.7
22.1,19.6,32,73,91,0.95,1455,73,18,52,0,None,128,65.83707428186683,-18,82.0,49.4
16.8,15.6,17,82,82,1.25,1656,66,32,71,0,None,100,98.5713698979941,0,82.0,88.75
6.7,17.5,29,87,91,1.13,1462,69,25,66,0,None,128,218.2086295393589,-4,89.0,74.58
21.1,12.8,28,73,77,1.43,1153,73,19,92,0,None,112,54.64452386515456,-4,75.0,131.56
13.9,16.8,19,86,81,1.19,1728,73,19,142,0,None,129,124.3164573262897,5,83.5,168.98
20.3,17.1,28,93,83,0.64,1398,61,26,60,0,None,124,68.86696114928021,10,88.0,38.4
5.3,18.5,23,70,83,0.77,1530,67,31,120,0,None,91,288.6787006062253,-13,76.5,92.4
5.6,15.4,36,71,84,0.63,1754,71,31,231,0,None,93,313.21372640406,-13,77.5,145.53
8.4,16.5,15,84,88,1.29,1322,67,20,203,0,None,132,157.38076502289877,-4,86.0,261.87
9.2,12.0,18,96,86,1.45,1923,72,29,95,1,Gearbox,124,209.02151193313924,10,91.0,137.75
20.3,17.4,43,100,85,0.73,1461,64,25,185,1,Blades,135,71.97040789635079,15,92.5,135.04999999999998
19.1,18.4,28,73,92,1.27,1674,61,27,236,0,None,111,87.64393317071561,-19,82.5,299.72
17.3,15.9,20,71,79,0.94,1731,67,18,213,0,None,114,100.0577456313609,-8,75.0,200.22
22.7,11.2,39,77,92,0.86,1301,71,24,30,0,None,121,57.312750082488954,-15,84.5,25.8
9.9,13.1,41,84,91,1.49,1184,60,17,72,1,Generator,141,119.59583879208203,-7,87.5,107.28
23.1,14.8,21,87,79,0.85,1916,72,25,84,0,None,116,82.94368703736491,8,83.0,71.39999999999999
23.2,16.8,36,99,87,1.16,1245,67,16,119,0,None,154,53.663769972512945,12,93.0,138.04
13.7,13.2,33,97,79,1.21,1020,80,18,112,0,None,140,74.45250039963474,18,88.0,135.51999999999998
6.9,18.4,37,87,94,1.27,1445,76,22,70,0,None,137,209.41998634784588,-7,90.5,88.9
19.5,13.7,39,81,85,1.36,1807,66,25,106,0,None,116,92.66661914532352,-4,83.0,144.16
11.7,10.4,35,80,79,1.07,1210,79,17,117,0,None,125,103.4187150267393,1,79.5,125.19000000000001
20.9,17.9,44,87,88,1.1,1443,66,33,128,1,Blades,109,69.04302916601476,-1,87.5,140.8
8.3,16.4,41,92,89,1.21,1298,62,21,110,0,None,139,156.38535375258584,3,90.5,133.1
15.8,18.0,22,84,87,0.65,927,61,27,202,0,None,117,58.67084894250067,-3,85.5,131.3
15.2,13.5,42,79,80,0.7,1051,76,18,261,0,None,123,69.14469135217675,-1,79.5,182.7
7.0,10.2,26,88,90,1.26,1777,66,30,214,0,None,118,253.85678020459972,-2,89.0,269.64
12.3,10.7,37,87,94,0.63,1928,80,26,235,0,None,129,156.74784004240647,-7,90.5,148.05
6.7,11.1,40,83,94,1.19,905,72,34,249,0,None,109,135.07442526205185,-11,88.5,296.31
14.3,18.1,28,92,89,0.53,1847,63,29,37,0,None,123,129.16074883863718,3,90.5,19.61
21.9,13.0,17,78,92,0.84,1696,67,35,30,0,None,100,77.44288701238037,-14,85.0,25.2
10.4,20.0,43,85,95,1.16,1653,70,31,151,0,None,118,158.94215486331262,-10,90.0,175.16
20.3,17.6,17,98,76,1.21,1373,74,26,216,0,None,122,67.63543466234745,22,87.0,261.36
8.7,16.0,25,92,85,1.13,1265,72,20,269,0,None,137,145.40213172168768,7,88.5,303.96999999999997
18.5,19.8,33,82,81,0.94,1352,65,22,230,0,None,119,73.08104157781537,1,81.5,216.2
23.3,13.2,19,86,84,0.75,1562,70,23,174,0,None,124,67.03859783751166,2,85.0,130.5
11.5,11.7,40,82,93,1.11,1941,64,33,112,0,None,109,168.78246192829397,-11,87.5,124.32000000000001
23.0,17.4,21,73,95,0.68,1128,67,20,71,0,None,128,49.04345693762742,-22,84.0,48.28
15.1,12.8,45,80,93,0.56,1971,66,29,211,0,None,115,130.52971488098353,-13,86.5,118.16000000000001
11.3,19.6,42,96,79,0.52,1156,78,27,69,0,None,121,102.30079442407573,17,87.5,35.88
22.9,19.9,33,84,91,0.77,1830,76,18,144,0,None,139,79.91262885911404,-7,87.5,110.88
5.6,19.3,35,88,91,0.53,1626,71,20,112,0,None,139,290.3566243631708,-3,89.5,59.36
5.6,19.4,31,75,87,0.75,1720,63,21,282,0,None,120,307.1423086744488,-12,81.0,211.5
17.0,16.2,27,81,89,0.79,1815,72,19,139,0,None,132,106.76464307962172,-8,85.0,109.81
20.9,16.9,26,98,93,0.84,913,67,31,244,0,None,129,43.68418962478966,5,95.5,204.95999999999998
20.0,10.9,42,79,95,1.21,1697,61,21,165,0,None,132,84.84995757502121,-16,87.0,199.65
6.6,17.6,32,78,76,0.94,1995,74,26,98,0,None,102,302.27226928444054,2,77.0,92.11999999999999
24.0,12.0,40,72,80,1.49,1444,65,30,122,0,None,92,60.16664159723267,-8,76.0,181.78
19.1,18.4,30,73,94,1.45,1496,65,34,275,1,Generator,99,78.32456632221658,-21,83.5,398.75
24.0,19.6,24,88,82,1.48,1017,73,33,214,0,None,104,42.37498234375736,6,85.0,316.71999999999997
11.6,12.1,18,90,77,0.91,1275,77,19,122,0,None,129,109.91369835026005,13,83.5,111.02000000000001
18.9,10.8,25,89,81,0.54,1574,66,33,262,0,None,104,83.28037921673058,8,85.0,141.48000000000002
22.2,14.8,41,86,85,1.36,1032,76,32,64,1,Blades,107,46.48646554663714,1,85.5,87.04
12.6,17.9,36,85,83,0.93,1267,78,16,210,0,None,136,100.55547574962243,2,84.0,195.3
24.3,17.7,39,72,91,1.14,1283,64,33,169,0,None,97,52.7983321817563,-19,81.5,192.66
10.3,17.0,38,95,87,1.34,1794,78,26,244,1,Gearbox,130,174.17458818001148,8,91.0,326.96000000000004
11.3,18.2,19,85,84,1.11,1491,66,19,48,0,None,131,131.9467858878001,1,84.5,53.28
23.4,11.7,20,74,95,1.24,1510,64,35,211,0,None,99,64.52988695303976,-21,84.5,261.64
24.4,16.5,25,74,93,0.75,1211,67,21,277,0,None,125,49.63112720035771,-19,83.5,207.75
10.7,16.1,24,85,92,0.7,1245,65,19,261,0,None,139,116.35503144389585,-7,88.5,182.7
7.7,11.5,17,77,86,1.06,1396,71,18,72,0,None,127,181.29846584614825,-9,81.5,76.32000000000001
20.2,14.1,20,98,91,1.14,1799,69,26,290,0,None,137,89.05936185180107,7,94.5,330.59999999999997
23.6,18.5,41,85,82,1.37,1249,73,18,147,1,Blades,131,52.92370638826,3,83.5,201.39000000000001
17.0,19.7,33,99,82,1.32,1254,74,25,168,1,Gearbox,131,73.764662491375,17,90.5,221.76000000000002
17.7,16.7,25,92,93,1.49,1526,62,30,179,1,Gearbox,125,86.21464055670026,-1,92.5,266.71
20.3,19.2,31,94,87,1.47,1824,63,34,135,1,Gearbox,113,89.85217248661453,7,90.5,198.45
8.1,11.3,23,82,82,1.12,1454,76,22,141,0,None,120,179.50595122722072,0,82.0,157.92000000000002
24.5,19.8,33,74,92,1.0,1041,61,35,208,0,None,96,42.48977857560058,-18,83.0,208.0
12.3,10.3,17,91,84,1.26,1907,73,35,280,0,None,105,155.04052435729727,7,87.5,352.8
17.6,15.3,42,82,83,0.76,1418,73,27,62,0,None,111,80.56813604083179,-1,82.5,47.12
14.4,12.9,22,98,76,0.85,1751,75,21,115,0,None,132,121.59713777976543,22,87.0,97.75
14.4,18.1,40,76,89,1.27,948,64,32,90,0,None,101,65.83328761577249,-13,82.5,114.3
19.1,12.2,35,89,86,1.45,1820,63,16,292,0,None,143,95.28790822622605,3,87.5,423.4
24.9,10.1,31,96,81,1.4,964,69,24,271,1,Gearbox,129,38.71484388962093,15,88.5,379.4
18.2,14.1,43,82,78,0.57,1964,61,28,290,0,None,104,107.9120286197645,4,80.0,165.29999999999998
20.9,10.6,20,99,79,0.73,1879,77,35,152,0,None,108,89.90426320370183,20,89.0,110.96
5.6,12.9,19,72,79,0.77,1193,75,29,134,0,None,93,213.03533386547528,-7,75.5,103.18
21.2,16.4,25,88,92,0.88,1146,78,20,260,0,None,140,54.05657827519893,-4,90.0,228.8
11.0,12.9,40,93,85,0.57,1762,61,32,194,0,None,114,160.18167256211586,8,89.0,110.57999999999998
7.5,12.5,16,76,89,0.73,1067,78,28,256,0,None,109,142.2664769780307,-13,82.5,186.88
7.3,11.6,22,72,84,1.22,1855,75,32,163,0,None,92,254.1092409462453,-12,78.0,198.85999999999999
18.6,11.4,28,72,84,0.74,935,62,29,99,0,None,98,50.26879017806979,-12,78.0,73.26
25.0,15.3,36,80,91,1.44,1617,62,22,106,1,Generator,127,64.67997412801034,-11,85.5,152.64
18.3,16.8,24,77,90,0.92,1186,78,17,125,0,None,133,64.8087077548045,-13,83.5,115.0
10.2,14.5,28,77,80,0.6,1827,69,29,243,0,None,99,179.1174714534594,-3,78.5,145.79999999999998
9.1,11.2,25,84,88,1.34,1315,80,19,128,0,None,134,144.5053357084223,-4,86.0,171.52
15.5,16.5,18,73,89,1.42,1376,73,16,269,0,None,130,88.77413627475079,-16,81.0,381.97999999999996
6.3,15.6,37,100,83,1.43,1060,74,21,211,1,Gearbox,141,168.2537011846013,17,91.5,301.72999999999996
13.0,13.8,29,91,76,0.99,1589,69,21,126,0,None,125,122.23067520717292,15,83.5,124.74
18.3,13.3,39,71,82,1.42,1418,69,35,30,0,None,83,77.48629645557571,-11,76.5,42.599999999999994
24.4,11.8,36,91,82,1.21,910,76,26,292,0,None,121,37.29506668234972,9,86.5,353.32
13.5,11.5,17,94,89,0.7,1704,69,35,76,0,None,113,126.22212872434909,5,91.5,53.199999999999996
9.0,13.4,30,76,91,1.03,1041,70,30,72,0,None,107,115.66653814829095,-15,83.5,74.16
21.3,10.4,45,95,83,0.93,1479,68,25,159,1,Blades,128,69.43658711897318,12,89.0,147.87
19.9,14.4,24,88,88,0.95,1493,64,21,271,0,None,134,75.0250879270915,0,88.0,257.45
22.2,16.0,30,95,88,0.91,1229,77,19,197,0,None,145,55.36033542327233,7,91.5,179.27
9.3,19.4,35,92,88,0.68,1151,64,20,137,0,None,140,123.76330778138947,4,90.0,93.16000000000001
13.1,16.3,21,91,86,0.89,1242,66,32,159,0,None,113,94.80908793199396,5,88.5,141.51
24.6,16.2,36,75,88,1.01,1338,72,23,72,0,None,117,54.39022179259276,-13,81.5,72.72
8.2,13.7,35,79,92,0.79,1928,67,24,288,0,None,123,235.12166448577506,-13,85.5,227.52
18.4,11.3,26,86,93,0.68,1636,67,27,107,0,None,125,88.91299515598091,-7,89.5,72.76
9.7,14.5,24,73,77,0.7,1962,60,16,243,0,None,118,202.26783271357453,-4,75.0,170.1
15.0,16.0,43,84,75,0.69,993,76,24,228,0,None,111,66.19995586669609,9,79.5,157.32
21.0,17.2,19,83,85,0.95,950,70,15,126,0,None,138,45.23807369615538,-2,84.0,119.69999999999999
14.8,18.3,28,77,83,0.71,964,64,30,44,0,None,100,65.13509112493843,-6,80.0,31.24
21.1,12.6,38,76,84,1.22,1845,74,15,124,0,None,130,87.44071685274082,-8,80.0,151.28
13.5,12.4,19,77,84,0.84,1818,73,29,281,0,None,103,134.66656691365415,-7,80.5,236.04
25.0,15.7,43,88,93,1.44,1382,68,19,57,1,Generator,143,55.279977888008844,-5,90.5,82.08
13.7,15.7,31,82,88,0.56,1379,72,31,209,0,None,108,100.65686083440816,-6,85.0,117.04
8.0,12.2,30,82,84,0.81,1370,73,21,227,0,None,124,171.2497859377676,-2,83.0,183.87
13.0,15.9,28,75,84,1.24,1939,61,33,73,0,None,93,149.1537314202066,-9,79.5,90.52
19.9,13.5,41,94,92,1.18,1188,68,30,65,0,None,126,59.6984624630842,2,93.0,76.7
22.0,16.4,43,91,79,0.92,1690,70,19,294,1,Blades,132,76.81814690084232,12,85.0,270.48
14.2,12.9,26,83,75,1.37,1021,74,33,196,0,None,92,71.9013578159452,8,79.0,268.52000000000004
16.9,15.9,31,74,85,0.57,1188,68,15,215,0,None,129,70.29581639300805,-11,79.5,122.54999999999998
21.9,17.7,24,91,94,1.01,1558,63,27,196,0,None,131,71.14152002670319,-3,92.5,197.96
21.3,19.8,26,97,91,0.7,1557,62,32,262,0,None,124,73.09855723072431,6,94.0,183.39999999999998
18.2,19.1,16,75,83,0.87,1509,76,18,273,0,None,122,82.91204235602069,-8,79.0,237.51
21.3,15.0,39,88,79,1.2,1036,70,16,214,0,None,135,48.63847481761746,9,83.5,256.8
16.5,14.9,44,83,86,0.6,1730,65,33,238,0,None,103,104.8484213039871,-3,84.5,142.79999999999998
5.1,14.4,38,73,93,0.54,1682,76,21,272,0,None,124,329.80327489553946,-20,83.0,146.88
5.8,10.3,31,92,89,0.92,1649,76,28,173,0,None,125,284.30985463818166,3,90.5,159.16
24.6,11.7,40,72,86,0.77,1042,73,32,242,0,None,94,42.35770635865595,-14,79.0,186.34
7.9,10.6,41,91,90,1.22,1143,62,17,125,0,None,147,144.68336116030233,1,90.5,152.5
13.1,17.0,31,78,94,0.57,1902,66,23,50,0,None,126,145.19072886203904,-16,86.0,28.499999999999996
23.7,14.1,43,87,86,1.47,1431,78,30,106,1,Blades,113,60.37972135876736,1,86.5,155.82
8.9,10.6,16,75,86,1.12,1360,62,17,280,0,None,127,152.80881706874487,-11,80.5,313.6
21.9,16.9,15,81,85,1.0,1860,74,30,174,0,None,106,84.9314680678228,-4,83.0,174.0
21.4,16.4,17,73,86,0.91,1224,65,33,145,0,None,93,57.1962349550304,-13,79.5,131.95000000000002
24.7,17.2,17,84,88,1.25,1809,61,31,66,0,None,110,73.23883674541023,-4,86.0,82.5
10.6,16.0,28,76,79,0.86,1386,74,20,78,0,None,115,130.75459362774188,-3,77.5,67.08
11.3,11.6,43,76,86,1.28,1584,65,32,154,0,None,98,140.17686710011762,-10,81.0,197.12
23.1,10.6,35,73,75,1.21,1301,75,29,264,0,None,90,56.32032193925457,-2,74.0,319.44
9.7,18.2,35,93,94,1.05,1908,67,30,47,0,None,127,196.70082814347617,-1,93.5,49.35
16.0,12.2,27,89,76,1.39,1017,64,30,289,0,None,105,63.56246027346233,13,82.5,401.71
19.1,15.4,31,75,94,0.85,1139,78,24,197,0,None,121,59.63347663168762,-19,84.5,167.45
10.4,14.9,24,84,94,0.56,1123,67,33,207,0,None,112,107.98066540320634,-10,89.0,115.92000000000002
23.8,19.2,31,90,86,0.88,1186,78,17,216,0,None,142,49.83191183533116,4,88.0,190.08
18.3,15.5,37,96,82,1.38,1400,79,34,287,1,Gearbox,110,76.50269043568828,14,89.0,396.05999999999995
5.9,15.8,32,72,79,0.58,1029,68,15,98,0,None,121,174.40648405680668,-7,75.5,56.839999999999996
7.7,13.2,28,81,78,1.26,943,74,30,208,0,None,99,122.46737341899556,3,79.5,262.08
8.8,19.6,40,88,80,1.33,1523,68,19,258,0,None,130,173.06798515001688,8,84.0,343.14000000000004
9.9,16.1,24,70,85,0.93,1452,73,16,257,0,None,123,146.66651851866817,-15,77.5,239.01000000000002
19.6,10.0,29,77,90,0.69,1275,75,25,150,0,None,117,65.05098721888407,-13,83.5,103.49999999999999
6.8,15.6,44,92,83,0.86,1088,73,25,134,0,None,125,159.99976470622838,9,87.5,115.24
12.0,13.6,44,81,91,0.9,1029,66,28,252,0,None,116,85.74992854172622,-10,86.0,226.8
23.2,10.3,15,73,86,1.43,1878,66,27,126,0,None,105,80.94824097058579,-13,79.5,180.17999999999998
16.1,14.3,31,89,75,0.78,1378,77,16,250,0,None,132,85.59000895030499,14,82.0,195.0
10.3,17.7,25,78,78,1.47,1948,71,19,104,0,None,118,189.12602997472817,0,78.0,152.88
24.1,15.0,24,91,86,0.61,1258,78,29,186,0,None,119,52.199148465083624,5,88.5,113.46
9.9,16.4,33,97,78,1.47,1574,68,34,212,1,Gearbox,107,158.98973839420364,19,87.5,311.64
23.1,16.4,28,86,87,0.72,1524,65,30,248,0,None,113,65.97399741385394,-1,86.5,178.56
19.5,16.7,37,88,84,0.67,1079,72,35,184,0,None,102,55.33330495727951,4,86.0,123.28
19.8,13.9,16,85,89,0.62,1443,78,17,268,0,None,140,72.87875107133785,-4,87.0,166.16
20.3,13.7,43,95,81,0.82,1433,70,34,298,1,Blades,108,70.59109823098609,14,88.0,244.35999999999999
15.1,10.0,32,77,91,1.12,1457,66,22,225,0,None,124,96.49000232450177,-14,84.0,252.00000000000003
21.3,11.5,36,82,83,1.17,1232,64,26,197,0,None,113,57.8403484317613,-1,82.5,230.48999999999998
21.7,19.5,33,97,91,0.87,1167,69,35,212,0,None,118,53.778777060471405,6,94.0,184.44
12.2,18.4,45,92,75,0.73,1352,77,24,263,0,None,119,110.81958129542518,17,83.5,191.99
13.0,12.8,45,80,83,1.5,1915,66,21,32,0,None,121,147.30757899417,-3,81.5,48.0
22.8,14.0,33,95,79,0.77,1526,71,31,34,0,None,112,66.92979520623017,16,87.0,26.18
15.5,19.4,36,77,84,0.88,1415,63,29,273,0,None,103,91.29026368370086,-7,80.5,240.24
22.3,12.5,34,89,94,0.98,1115,75,15,162,0,None,153,49.99997757848539,-5,91.5,158.76
17.5,15.3,24,99,78,1.24,1919,69,25,38,0,None,127,109.65708019595418,21,88.5,47.12
16.9,10.2,21,87,77,0.65,1626,65,33,87,0,None,98,96.21296082073326,10,82.0,56.550000000000004
5.6,16.2,27,94,76,0.77,1987,75,26,95,0,None,118,354.82079496286616,18,85.0,73.15
10.6,19.3,35,92,77,1.5,1086,75,27,185,1,Gearbox,115,102.45273353515705,15,84.5,277.5
15.0,18.8,17,96,76,1.33,1329,61,25,276,1,Gearbox,122,88.59994093337271,20,86.0,367.08000000000004
16.7,15.0,30,99,89,0.94,1266,69,27,74,0,None,134,75.80833783931867,10,94.0,69.56
17.6,16.5,27,71,77,0.61,1265,72,21,131,0,None,106,71.87495916195502,-6,74.0,79.91
19.3,15.7,31,71,79,1.37,936,65,19,289,0,None,112,48.49738419824653,-8,75.0,395.93
18.1,10.7,41,88,88,1.28,1492,61,23,154,0,None,130,82.43089368458912,0,88.0,197.12
22.0,11.6,16,99,84,1.08,1570,66,20,157,0,None,143,71.36360392563458,15,91.5,169.56
10.9,19.6,38,85,76,0.9,952,77,33,245,0,None,95,87.33936941342256,9,80.5,220.5
17.8,12.6,35,95,94,1.44,1868,67,18,283,1,Gearbox,153,104.94376126754985,1,94.5,407.52
6.0,13.8,21,93,87,0.8,1122,76,20,91,0,None,140,186.9996883338528,6,90.0,72.8
14.6,15.1,37,85,87,0.82,1062,74,31,219,0,None,110,72.73967620570123,-2,86.0,179.57999999999998
10.4,19.8,30,85,92,1.38,1098,79,17,266,1,Generator,143,105.5768215607485,-7,88.5,367.08
12.6,16.9,29,83,93,1.13,1364,77,31,88,0,None,114,108.25388233818863,-10,88.0,99.44
12.1,16.3,29,78,76,1.45,991,79,27,62,0,None,100,81.9007587597035,2,77.0,89.89999999999999
6.2,15.2,43,96,76,1.15,1806,60,24,210,0,None,124,291.289852758302,20,86.0,241.49999999999997
14.3,17.0,43,76,91,0.53,1648,66,32,53,0,None,103,115.24467465407366,-15,83.5,28.09
24.9,16.6,42,97,89,0.68,1419,77,23,126,1,Blades,140,56.98792892051048,8,93.0,85.68
11.0,19.0,42,81,79,0.78,1451,67,20,75,0,None,120,131.90897099184457,2,80.0,58.5
19.7,15.4,16,71,81,1.37,1347,61,26,262,0,None,100,68.3755998093402,-10,76.0,358.94000000000005
16.0,14.2,27,75,87,1.33,1687,79,26,244,0,None,110,105.43743410160369,-12,81.0,324.52000000000004
11.5,18.1,42,97,91,1.29,1949,69,17,73,0,None,154,169.4781134972926,6,94.0,94.17
6.8,18.0,38,74,87,1.05,1509,61,31,220,0,None,99,221.91143836553184,-13,80.5,231.0
9.3,11.7,29,92,91,0.64,1520,66,22,259,0,None,139,163.4406844723823,1,91.5,165.76
20.6,12.4,38,75,80,0.63,1475,77,18,46,0,None,119,71.60190698936553,-5,77.5,28.98
10.6,19.6,21,85,82,0.63,1901,76,17,90,0,None,133,179.3394534533458,3,83.5,56.7
7.9,14.4,33,76,77,1.35,1599,80,26,175,0,None,101,202.4048070825227,-1,76.5,236.25000000000003
11.6,15.2,31,80,95,0.64,1862,69,22,81,0,None,131,160.51710300249744,-15,87.5,51.84
16.7,13.1,32,74,91,1.31,1543,66,21,38,1,Generator,123,92.39515425439866,-17,82.5,49.78
19.1,14.8,37,87,89,1.34,1668,63,24,112,0,None,128,87.32979720953026,-2,88.0,150.08
12.7,17.4,43,81,79,0.61,1621,66,31,76,0,None,98,127.6376947734687,2,80.0,46.36
15.0,14.8,23,81,89,1.4,1385,64,18,264,0,None,134,92.33327177781882,-8,85.0,369.59999999999997
14.1,13.1,38,71,92,1.4,1051,73,17,90,1,Generator,129,74.53895422769205,-21,81.5,125.99999999999999
5.2,11.0,34,74,91,1.14,1364,75,32,134,0,None,101,262.3071878707926,-17,82.5,152.76
12.9,19.3,36,91,90,1.01,1859,76,31,97,0,None,119,144.108415419833,1,90.5,97.97
16.7,18.7,28,79,83,1.15,1621,75,18,166,0,None,126,97.06581014023345,-4,81.0,190.89999999999998
16.4,17.9,43,83,90,0.9,1938,70,26,211,0,None,121,118.1706596520368,-7,86.5,189.9
20.0,16.9,29,93,85,1.09,1207,68,26,254,0,None,126,60.34996982501509,8,89.0,276.86
18.4,15.2,19,83,83,1.47,1419,62,30,56,0,None,106,77.1195233046069,0,83.0,82.32
10.5,19.0,35,77,94,0.61,1718,72,22,222,0,None,127,163.61889179153164,-17,85.5,135.42
10.1,17.9,19,86,78,0.73,1046,69,16,214,0,None,132,103.56425389677833,8,82.0,156.22
14.3,18.2,25,94,92,1.02,1008,65,19,289,0,None,148,70.48946119618098,2,93.0,294.78000000000003
19.7,13.1,22,88,81,0.76,1728,76,19,81,0,None,131,87.7156915148774,7,84.5,61.56
6.9,14.2,31,83,85,1.49,1632,74,24,94,0,None,120,236.5213963458024,-2,84.0,140.06
24.0,17.1,25,74,82,1.22,1429,71,25,129,0,None,106,59.541641857649225,-8,78.0,157.38
15.9,13.7,20,77,85,0.93,973,64,19,85,0,None,124,61.19493006608172,-8,81.0,79.05
11.1,14.9,39,98,91,1.4,1590,71,21,115,1,Gearbox,147,143.24311419539262,7,94.5,161.0
18.9,16.5,29,93,79,0.64,1635,64,31,106,0,None,110,86.50789073656576,14,86.0,67.84
5.9,14.4,29,73,90,0.79,1231,75,16,111,0,None,131,208.64371416319634,-17,81.5,87.69
14.7,17.9,42,70,84,1.46,999,63,30,31,0,None,94,67.95913744276365,-14,77.0,45.26
14.7,11.2,31,75,94,1.06,1455,75,35,92,0,None,99,98.97952450372483,-19,84.5,97.52000000000001
8.2,17.2,36,98,86,1.42,1435,71,30,204,1,Gearbox,124,174.99978658562614,12,92.0,289.68
21.7,11.5,25,87,76,1.48,1225,80,34,100,0,None,95,56.45158688866964,11,81.5,148.0
20.9,19.4,32,95,93,0.86,1520,69,20,158,0,None,148,72.72723792955124,2,94.0,135.88
8.1,13.1,37,84,93,1.08,1569,65,25,139,0,None,127,193.703464563624,-9,88.5,150.12
12.3,18.0,24,95,79,1.35,1915,77,23,111,1,Gearbox,128,155.69093033257695,16,87.0,149.85000000000002
7.0,15.2,36,71,94,0.77,1751,72,20,204,0,None,125,250.14249979642887,-23,82.5,157.08
22.0,10.9,32,83,84,0.95,1790,71,16,162,0,None,135,81.3635993801821,-1,83.5,153.9
11.5,15.8,28,81,93,0.65,1104,62,30,235,0,None,114,95.99991652181173,-12,87.0,152.75
13.8,19.1,36,99,82,1.15,1404,68,29,210,0,None,123,101.73905671082846,17,90.5,241.49999999999997
11.5,11.6,25,79,75,0.5,1129,60,26,275,0,None,102,98.17382767493245,4,77.0,137.5
11.2,13.2,36,83,91,0.95,1106,64,34,156,0,None,106,98.74991183043588,-8,87.0,148.2
19.9,14.4,32,93,93,1.43,1456,71,32,245,1,Gearbox,122,73.16579237899882,0,93.0,350.34999999999997
20.0,12.8,22,96,78,1.4,1208,69,26,40,1,Gearbox,122,60.3999698000151,18,87.0,56.0
15.4,19.4,35,96,86,1.3,1136,71,33,120,0,None,116,73.76618586611308,10,91.0,156.0
18.2,13.8,42,82,92,0.64,1698,77,26,150,0,None,122,93.29665203480658,-10,87.0,96.0
15.2,16.6,24,98,84,1.02,937,65,32,219,0,None,118,61.644696286384026,14,91.0,223.38
5.6,12.2,39,90,91,1.22,1727,74,25,83,0,None,131,308.39230644231,-1,90.5,101.25999999999999
6.3,12.2,25,96,88,0.6,1889,71,31,274,0,None,122,299.8407939035018,8,92.0,164.4
12.7,11.8,40,98,89,0.65,1675,76,24,263,0,None,139,131.88965992940163,9,93.5,170.95000000000002
20.0,14.3,17,77,93,0.54,1112,65,26,287,0,None,118,55.5999722000139,-16,85.0,154.98000000000002
23.3,15.3,15,85,83,0.82,1710,80,19,177,0,None,130,73.39052644183414,2,84.0,145.14
5.6,10.1,18,88,90,1.38,1452,73,27,283,0,None,124,259.285251276337,-2,89.0,390.53999999999996
12.4,18.3,41,94,89,1.01,1602,61,31,40,0,None,121,129.19344419883532,5,91.5,40.4
9.5,15.1,31,82,84,1.35,1332,60,32,127,0,None,102,140.21037872591714,-2,83.0,171.45000000000002
21.3,11.6,33,76,83,0.58,1109,77,30,95,0,None,99,52.065703255538374,-7,79.5,55.099999999999994
21.9,10.7,40,92,93,0.56,925,65,15,202,0,None,155,42.23742363587962,-1,92.5,113.12
9.1,10.6,17,88,79,1.3,1715,65,34,150,0,None,99,188.46133136117433,9,83.5,195.0
19.2,12.6,27,97,81,1.0,1369,71,16,54,0,None,146,71.30204619685094,16,89.0,54.0
19.6,15.0,34,90,94,0.97,1166,63,29,170,0,None,126,59.48976556644614,-4,92.0,164.9
8.5,18.6,27,71,81,0.98,1585,66,31,85,0,None,90,186.47036885838958,-10,76.0,83.3
13.7,19.0,16,99,92,0.88,1772,70,30,216,0,None,131,129.34297128250273,7,95.5,190.08
17.4,18.3,35,88,82,1.39,1482,80,30,190,0,None,110,85.17236484346849,6,85.0,264.09999999999997
5.5,13.3,27,88,86,1.02,1738,63,19,141,0,None,136,315.9994254555901,2,87.0,143.82
13.1,13.1,16,97,83,1.47,1272,61,17,115,1,Gearbox,146,97.09916251972328,14,90.0,169.04999999999998
8.1,19.9,20,90,79,1.35,1618,74,24,168,0,None,121,199.7528398113089,11,84.5,226.8
15.8,16.8,22,84,89,1.24,1578,72,28,247,0,None,117,99.87335451053512,-5,86.5,306.28
21.9,13.0,30,73,94,1.14,1091,66,31,152,0,None,105,49.81732885053478,-21,83.5,173.27999999999997
15.5,13.3,21,99,93,1.34,1712,66,22,178,1,Gearbox,148,110.45154164416668,6,96.0,238.52
5.7,14.3,26,72,95,1.38,1736,77,31,269,1,Generator,105,304.5608691914576,-23,83.5,371.21999999999997
5.6,16.2,38,75,89,0.63,1622,66,25,196,0,None,114,289.642339924393,-14,82.0,123.48
17.1,19.0,39,95,76,0.86,1317,72,31,44,0,None,109,77.01749882017613,19,85.5,37.839999999999996
11.6,12.0,39,85,86,1.31,1501,69,20,60,0,None,131,129.3964401754826,-1,85.5,78.60000000000001
16.5,10.8,36,75,87,0.72,1382,71,30,152,0,None,102,83.7575249954394,-12,81.0,109.44
8.3,14.1,31,79,77,1.09,903,78,19,199,0,None,118,108.7950496445185,2,78.0,216.91000000000003
20.5,12.5,32,100,92,1.28,912,69,17,216,0,None,158,44.48778317669113,8,96.0,276.48
22.2,15.8,44,88,90,0.72,1117,77,31,79,1,Blades,116,50.31529265076908,-2,89.0,56.879999999999995
22.8,17.0,41,82,84,0.9,1904,72,31,36,1,Blades,104,83.50873530318627,-2,83.0,32.4
11.1,13.1,34,96,81,1.42,1595,67,17,251,1,Gearbox,143,143.69356424003223,15,88.5,356.41999999999996
18.2,16.9,29,84,79,0.86,1329,60,24,220,0,None,115,73.02193790003413,5,81.5,189.2
10.6,13.4,37,79,94,1.1,1568,73,16,30,0,None,141,147.92438875057667,-15,86.5,33.0
20.3,16.3,17,75,91,0.93,970,74,29,264,0,None,108,47.78322769299128,-16,83.0,245.52
7.4,16.3,43,92,89,1.38,1015,80,31,175,1,Gearbox,119,137.16197680813946,3,90.5,241.49999999999997
20.3,12.8,31,88,94,0.92,989,74,28,74,0,None,126,48.71918782306018,-6,91.0,68.08
13.8,16.4,30,73,79,0.86,1799,76,26,245,0,None,100,130.36222437519973,-6,76.0,210.7
22.1,13.8,24,88,92,0.67,2000,63,18,111,0,None,144,90.4976966073771,-4,90.0,74.37
19.8,13.4,15,75,87,0.85,1146,75,35,49,0,None,92,57.878758647091594,-12,81.0,41.65
12.5,12.9,17,99,94,1.17,1431,67,20,215,0,None,153,114.47990841607327,5,96.5,251.54999999999998
23.1,13.5,23,78,88,0.68,1046,80,32,79,0,None,102,45.281365679062475,-10,83.0,53.720000000000006
10.7,17.9,31,91,90,1.21,1870,69,17,195,0,None,147,174.7661918072974,1,90.5,235.95
24.3,12.5,18,90,79,0.51,1071,69,19,170,0,None,131,44.07405593660249,11,84.5,86.7
20.3,16.8,44,91,82,0.87,1477,70,29,154,1,Blades,115,72.75858484798776,9,86.5,133.98
24.8,19.0,27,83,81,0.97,1539,66,16,197,0,None,132,62.056426590150565,2,82.0,191.09
6.1,13.5,24,72,89,0.6,1429,68,15,207,0,None,131,234.2619110460475,-17,80.5,124.19999999999999
10.5,10.3,31,99,83,1.18,967,68,27,62,0,None,128,92.09515038557106,16,91.0,73.16
19.8,10.2,17,76,92,0.6,1654,70,28,284,0,None,112,83.53531134580236,-16,84.0,170.4
23.4,11.4,41,93,79,0.59,1874,63,29,93,1,Blades,114,80.08543586092485,14,86.0,54.87
5.6,11.1,29,74,91,0.87,999,72,32,201,0,None,101,178.39253858475254,-17,82.5,174.87
5.0,17.5,20,78,91,1.24,1701,71,21,139,0,None,127,340.1993196013608,-13,84.5,172.35999999999999
10.1,12.9,20,87,88,1.46,1803,80,17,41,0,None,141,178.51467473794582,-1,87.5,59.86
22.1,16.5,26,82,78,1.28,1080,77,23,114,0,None,114,48.86875616798363,4,80.0,145.92000000000002
20.3,10.4,32,99,82,0.97,1993,69,20,35,0,None,141,98.17729153828003,17,90.5,33.949999999999996
11.8,13.0,28,95,83,0.77,1228,74,34,287,0,None,110,104.06770841719626,12,89.0,220.99
5.0,12.3,33,98,84,0.8,1241,73,19,285,0,None,144,248.1995036009928,14,91.0,228.0
16.1,12.8,36,89,90,0.78,1524,65,29,244,0,None,121,94.65832629917621,-1,89.5,190.32
9.8,11.9,37,77,82,0.78,1801,67,33,131,0,None,93,183.77532267824216,-5,79.5,102.18
19.9,16.2,27,86,75,0.57,1405,61,28,39,0,None,105,70.60297959649267,11,80.5,22.229999999999997
13.9,16.6,37,93,92,0.72,1500,62,16,188,0,None,153,107.91359142907092,1,92.5,135.35999999999999
18.6,11.5,19,72,84,0.61,1579,66,34,224,0,None,88,84.89242747718953,-12,78.0,136.64
22.0,17.4,30,96,81,0.51,1772,76,18,188,0,None,141,80.54541793390094,15,88.5,95.88
15.7,12.5,17,89,91,0.79,1611,74,19,152,0,None,142,102.6113996105735,-2,90.0,120.08000000000001
11.7,12.8,22,92,93,0.85,1086,79,30,254,0,None,125,92.820433486809,-1,92.5,215.9
20.4,18.3,32,91,90,1.43,1560,67,25,53,1,Gearbox,131,76.47055074973004,1,90.5,75.78999999999999
10.3,19.0,37,95,82,1.49,1134,67,31,93,1,Gearbox,115,110.09698048836846,13,88.5,138.57
22.8,18.2,18,73,80,1.08,1380,62,18,110,0,None,117,60.5262892428556,-7,76.5,118.80000000000001
6.4,11.5,21,81,89,1.4,1852,76,32,127,0,None,106,289.37454785226896,-8,85.0,177.79999999999998
21.7,20.0,45,85,76,1.12,1036,63,21,90,1,Blades,119,47.74191348298918,9,80.5,100.80000000000001
6.8,16.7,25,86,83,1.0,1298,79,25,44,0,None,119,190.88207223224674,3,84.5,44.0
6.1,15.1,24,98,90,0.54,1518,66,17,237,0,None,154,248.85205106221142,8,94.0,127.98
12.3,19.5,18,71,87,0.54,1858,73,22,248,0,None,114,151.05678775870913,-16,79.0,133.92000000000002
24.1,18.2,36,96,90,0.53,1757,69,22,248,0,None,142,72.90453406450868,6,93.0,131.44
24.7,16.9,30,87,86,0.65,1366,64,34,174,0,None,105,55.303621334566266,1,86.5,113.10000000000001
9.0,18.4,20,87,80,0.58,1449,69,32,242,0,None,103,160.99982111130987,7,83.5,140.35999999999999
8.0,13.9,34,80,85,0.69,1831,67,16,290,0,None,133,228.87471390660764,-5,82.5,200.1
12.1,16.8,31,89,90,1.02,1865,73,21,195,0,None,137,154.13210402305452,-1,89.5,198.9
11.7,11.9,32,89,80,1.0,1481,71,19,227,0,None,131,126.58108839223216,9,84.5,227.0
20.2,19.9,45,76,94,0.84,1119,62,21,40,1,Blades,128,55.396012180191995,-18,85.0,33.6
13.9,15.9,16,90,79,1.17,1448,61,15,55,0,None,139,104.17258692619646,11,84.5,64.35
20.6,18.1,42,78,75,0.89,1919,79,31,86,1,Blades,91,93.15529458480844,3,76.5,76.54
20.0,14.1,40,91,91,0.72,1572,66,18,101,0,None,146,78.59996070001965,0,91.0,72.72
16.6,17.6,27,88,94,1.19,1751,62,19,190,0,None,144,105.4818641675517,-6,91.0,226.1
21.7,13.9,41,91,80,1.48,921,64,28,77,1,Gearbox,115,42.44237675466509,11,85.5,113.96
8.9,15.9,34,71,78,1.31,1598,63,28,245,0,None,93,179.55036005577523,-7,74.5,320.95
8.2,17.8,42,74,79,0.91,1558,64,32,101,0,None,89,189.9997682929655,-5,76.5,91.91
20.0,11.2,33,95,88,0.88,1419,61,18,145,0,None,147,70.94996452501773,7,91.5,127.6
9.9,13.6,21,81,87,0.54,1647,64,19,181,0,None,130,166.36346831972898,-6,84.0,97.74000000000001
5.1,15.4,32,95,87,1.16,1850,79,33,112,0,None,116,362.74438677571226,8,91.0,129.92
23.2,13.3,20,72,75,0.72,1922,71,28,180,0,None,91,82.84479187724489,-3,73.5,129.6
17.5,13.1,19,93,78,1.18,1182,67,17,125,0,None,137,67.54281854696083,15,85.5,147.5
13.9,12.8,35,73,80,1.26,1455,76,17,76,0,None,119,104.67618368619878,-7,76.5,95.76
19.5,12.3,43,84,89,1.38,1232,78,26,155,0,None,121,63.17945477976678,-5,86.5,213.89999999999998
11.7,18.5,33,98,87,1.05,1360,61,30,174,0,None,125,116.23921688955822,11,92.5,182.70000000000002
24.1,19.2,39,72,87,1.33,1449,67,28,222,0,None,103,60.124456379893616,-15,79.5,295.26
6.4,17.0,20,81,86,1.22,1764,76,29,149,0,None,109,275.6245693366104,-5,83.5,181.78
17.8,10.3,35,86,90,0.85,1908,72,26,68,0,None,124,107.19095101631966,-4,88.0,57.8
20.5,17.9,37,97,94,0.61,1546,74,33,141,0,None,125,75.41459735873299,3,95.5,86.01
14.4,15.3,16,80,88,0.74,1992,71,33,263,0,None,102,138.33323726858524,-8,84.0,194.62
20.1,17.6,18,94,90,1.34,1524,62,27,201,1,Gearbox,130,75.82085780056825,4,92.0,269.34000000000003
23.5,14.4,38,92,87,1.03,1787,77,30,148,0,None,119,76.04252083296986,5,89.5,152.44
19.9,10.4,28,79,91,1.17,1053,65,24,233,0,None,122,52.914546274097354,-12,85.0,272.60999999999996
11.2,16.8,27,80,94,1.31,908,62,20,68,1,Generator,134,81.07135618628912,-14,87.0,89.08
16.2,14.4,43,76,87,1.17,930,67,28,43,0,None,107,57.40737197075805,-11,81.5,50.309999999999995
23.2,18.7,45,91,79,1.36,1881,75,31,284,1,Gearbox,108,81.07755125967618,12,85.0,386.24
14.0,17.4,38,87,90,0.59,982,78,20,59,0,None,137,70.14280704085212,-3,88.5,34.809999999999995
18.6,13.6,39,75,88,1.4,1574,73,28,268,0,None,107,84.62361041741374,-13,81.5,375.2
14.3,17.2,21,89,94,1.31,1534,67,27,130,1,Generator,129,107.27265225688653,-5,91.5,170.3
7.4,15.0,21,85,80,1.4,1759,75,33,96,0,None,99,237.70238148326825,5,82.5,134.39999999999998
6.2,12.0,44,73,94,1.23,1245,75,30,239,0,None,107,200.80612773205206,-21,83.5,293.96999999999997
24.0,14.2,36,99,86,0.77,1289,78,31,30,0,None,123,53.708310954870434,13,92.5,23.1
17.3,12.2,36,95,94,0.61,1289,62,26,152,0,None,137,74.50862745166043,1,94.5,92.72
7.1,10.0,24,72,91,0.63,1085,63,30,258,0,None,103,152.81668617368146,-19,81.5,162.54
22.1,12.5,42,98,92,1.0,1129,69,20,214,1,Blades,150,51.08594973486437,6,95.0,214.0
15.5,12.1,16,98,81,0.89,1117,67,27,155,0,None,125,72.06446963582604,17,89.5,137.95
20.4,10.0,23,71,79,1.15,1060,75,28,295,0,None,94,51.96075884276528,-8,75.0,339.25
7.5,17.8,20,76,87,1.0,1748,72,32,85,0,None,99,233.06635591152548,-11,81.5,85.0
23.1,10.8,36,91,82,0.63,1571,62,18,85,0,None,137,68.00862856769326,9,86.5,53.55
16.8,14.5,36,98,95,0.5,1526,71,22,246,0,None,149,90.83327926590519,3,96.5,123.0
19.8,14.2,31,95,85,0.63,1644,66,31,269,0,None,118,83.03026109582773,10,90.0,169.47
5.6,11.8,15,78,77,0.65,1279,68,24,296,0,None,107,228.39244929919772,1,77.5,192.4
11.3,19.7,41,71,85,1.22,1703,62,25,125,0,None,106,150.70783123200775,-14,78.0,152.5
10.3,16.0,44,84,86,0.79,1201,61,27,143,0,None,116,116.60182854191403,-2,85.0,112.97
24.0,18.1,21,73,75,0.59,1799,79,30,278,0,None,88,74.95830210070746,-2,74.0,164.01999999999998
8.7,15.0,40,77,80,1.26,1577,75,21,231,0,None,115,181.2641594664834,-3,78.5,291.06
19.1,17.2,44,89,75,1.44,1804,73,32,291,0,None,100,94.45021232973176,14,82.0,419.03999999999996
5.9,19.7,25,85,86,0.6,960,74,22,230,0,None,127,162.71158862442607,-1,85.5,138.0
9.0,13.5,21,81,81,1.46,1828,73,20,132,0,None,122,203.11088543234953,0,81.0,192.72
11.8,15.0,44,98,78,1.45,1012,68,29,42,1,Gearbox,118,85.76263918420408,20,88.0,60.9
20.9,15.1,17,76,92,1.02,1635,70,22,108,0,None,124,78.22962764132649,-16,84.0,110.16
20.8,19.9,23,85,76,0.8,1151,79,25,230,0,None,111,55.33651185744622,9,80.5,184.0
24.1,12.3,37,87,89,0.64,951,67,22,207,0,None,132,39.46056453918484,-2,88.0,132.48
23.3,16.8,34,80,86,1.32,1185,64,32,108,0,None,102,50.85834727109559,-6,83.0,142.56
6.6,11.4,36,91,90,1.1,1344,61,25,281,0,None,131,203.63605509688625,1,90.5,309.1
21.6,19.3,36,96,78,1.15,1058,65,16,255,0,None,142,48.981458804880184,18,87.0,293.25
14.0,15.9,36,86,92,1.36,1010,63,16,204,1,Generator,146,72.1428056122817,-6,89.0,277.44
22.3,18.6,25,93,81,0.94,1993,73,22,218,0,None,130,89.37215723221648,12,87.0,204.92
6.8,19.0,24,72,75,0.87,987,65,23,122,0,None,101,145.14684537228624,-3,73.5,106.14
21.5,15.6,28,75,88,1.26,1110,67,16,84,0,None,131,51.62788296377536,-13,81.5,105.84
8.2,16.8,39,84,92,0.8,1178,62,32,190,0,None,112,143.65836139224223,-8,88.0,152.0
11.7,17.0,43,98,82,0.83,1249,69,25,145,0,None,130,106.75204551107223,16,90.0,120.35
5.6,14.6,29,86,86,0.88,1044,79,26,194,0,None,120,186.42823852100267,0,86.0,170.72
7.5,14.3,18,83,83,1.36,1824,69,28,220,0,None,110,243.1996757337657,0,83.0,299.20000000000005
13.9,11.9,43,88,76,1.28,1917,75,19,116,0,None,126,137.91356984635263,12,82.0,148.48
21.4,13.8,17,74,90,0.79,1504,71,25,68,0,None,114,70.28034099049486,-16,82.0,53.72
20.5,19.9,20,90,94,0.64,1524,66,19,156,0,None,146,74.34142715052334,-4,92.0,99.84
9.7,12.7,41,73,83,0.89,1993,79,23,46,0,None,110,205.46370570751992,-10,78.0,40.94
8.0,17.6,32,87,78,1.12,1872,70,28,211,0,None,109,233.99970750036564,9,82.5,236.32000000000002
12.8,10.6,26,91,85,1.18,1348,75,20,158,0,None,136,105.31241772467365,6,88.0,186.44
22.7,14.7,43,82,93,0.7,1735,62,33,297,1,Blades,109,76.43168439132846,-11,87.5,207.89999999999998
6.8,10.6,44,97,87,0.75,1192,65,21,39,0,None,142,175.29385986197082,10,92.0,29.25
15.9,14.8,25,75,79,1.43,957,69,21,42,0,None,112,60.18864139079158,-4,77.0,60.059999999999995
6.8,10.3,41,75,86,0.89,924,75,33,66,0,None,95,135.88215311448073,-11,80.5,58.74
14.4,16.1,35,86,82,0.81,1493,76,23,99,0,None,122,103.68048355521975,4,84.0,80.19000000000001
7.5,15.9,23,98,75,1.2,1450,80,18,93,0,None,137,193.33307555589926,23,86.5,111.6
6.6,18.0,43,82,93,0.97,1066,79,24,107,0,None,127,161.51490679559578,-11,87.5,103.78999999999999
8.8,15.8,17,98,91,0.75,1838,68,22,211,0,None,145,208.86339901886475,7,94.5,158.25
10.1,19.3,25,91,93,0.91,1541,71,25,129,0,None,134,152.57410636227095,-2,92.0,117.39
10.5,17.8,27,93,89,0.64,1320,61,27,292,0,None,128,125.71416598650859,4,91.0,186.88
17.9,11.3,36,98,84,0.78,1456,70,22,188,0,None,138,81.3407366811527,14,91.0,146.64000000000001
6.1,12.7,16,87,85,0.92,1007,61,29,298,0,None,114,165.08169658738265,2,86.0,274.16
6.6,10.3,42,89,79,1.02,1890,60,21,44,0,None,126,286.3632024799963,10,84.0,44.88
8.8,13.9,35,87,83,1.24,1220,71,32,143,0,None,106,138.63620609522033,4,85.0,177.32
22.4,15.1,23,94,78,0.88,1092,78,34,114,0,None,104,48.74997823661686,16,86.0,100.32000000000001
17.6,19.5,35,78,84,1.05,1369,79,15,158,0,None,132,77.78404671360981,-6,81.0,165.9
19.6,15.2,31,94,88,1.45,1209,75,17,92,1,Gearbox,148,61.68364199814184,6,91.0,133.4
12.4,17.8,25,91,80,1.32,1238,75,25,155,1,Gearbox,121,99.83862916239583,11,85.5,204.60000000000002
9.3,12.7,16,88,94,0.74,1807,69,27,196,0,None,128,194.30086634315447,-6,91.0,145.04
5.8,11.5,32,71,88,0.71,1502,71,33,37,0,None,93,258.96507074987807,-17,79.5,26.27
14.8,18.1,17,93,79,1.16,1925,72,28,81,0,None,116,130.06747968413535,14,86.0,93.96
16.5,12.5,39,74,78,1.1,1945,61,32,64,0,None,88,117.87871643714156,-4,76.0,70.4
22.9,18.7,18,99,78,1.05,1991,61,25,265,0,None,127,86.94319347458801,21,88.5,278.25
22.6,11.7,28,72,94,0.65,1045,63,29,206,0,None,108,46.23891759339929,-22,83.0,133.9
13.5,18.5,28,92,80,0.86,1887,76,33,239,0,None,106,139.77767423875983,12,86.0,205.54
13.5,17.7,32,81,78,1.26,1224,71,29,209,0,None,101,90.6665995062226,3,79.5,263.34
8.2,16.1,16,92,78,1.22,1592,72,25,241,0,None,120,194.14610469987235,14,85.0,294.02
10.1,18.5,21,86,82,0.67,1866,67,27,165,0,None,114,184.75229232446307,4,84.0,110.55000000000001
23.5,13.3,21,89,87,0.93,1002,77,24,191,0,None,128,42.63827972839161,2,88.0,177.63
7.8,11.7,33,72,77,0.94,1067,79,18,238,0,None,113,136.7946964170559,-5,74.5,223.72
24.4,11.6,23,99,78,1.01,1706,64,30,221,0,None,117,69.91800413196553,21,88.5,223.21
15.1,12.7,19,70,95,0.96,1281,66,23,111,0,None,119,84.83438090438351,-25,82.5,106.56
14.1,14.5,16,98,87,1.0,1621,67,17,158,0,None,151,114.96445747201598,11,92.5,158.0
8.5,18.8,40,87,78,1.31,1025,79,29,125,0,None,107,120.58809342577244,9,82.5,163.75
18.2,10.9,44,78,86,0.89,1970,70,30,113,0,None,104,108.24169876829738,-8,82.0,100.57000000000001
14.2,19.2,36,89,80,1.05,1451,71,17,97,0,None,135,102.1830266316714,9,84.5,101.85000000000001
12.4,19.3,27,90,94,1.11,1858,67,24,197,0,None,136,149.83858883984772,-4,92.0,218.67000000000002
10.3,17.3,19,92,83,1.44,1642,78,25,193,1,Gearbox,125,159.41732095405732,9,87.5,277.92
6.3,19.0,29,70,78,1.15,1947,64,20,227,0,None,108,309.04712849662144,-8,74.0,261.04999999999995
15.4,17.7,29,99,87,0.63,1528,69,31,110,0,None,124,99.22071479174365,12,93.0,69.3
11.3,15.3,28,89,78,1.08,1237,65,26,187,0,None,115,109.46892967351356,11,83.5,201.96
19.2,16.0,26,81,85,1.16,1575,72,26,68,0,None,114,82.03120727541288,-4,83.0,78.88
19.5,16.3,30,87,92,0.51,1997,71,22,53,0,None,135,102.41020389220313,-5,89.5,27.03
11.6,11.3,17,75,82,0.58,1797,63,20,33,0,None,117,154.91365955719004,-7,78.5,19.139999999999997
18.4,11.9,16,77,85,0.52,1400,77,31,32,0,None,100,76.08691517015481,-8,81.0,16.64
10.2,15.2,17,73,77,0.55,1798,62,26,220,0,None,98,176.27433698594416,-4,75.0,121.00000000000001
19.5,11.2,21,96,88,0.59,1673,64,20,279,0,None,144,85.7948277975242,8,92.0,164.60999999999999
5.3,19.6,23,78,77,1.46,1933,65,24,182,0,None,107,364.7162929881265,1,77.5,265.71999999999997
8.0,15.1,20,92,82,0.71,1301,76,26,219,0,None,122,162.6247967190041,10,87.0,155.48999999999998
9.9,13.8,23,78,92,0.7,944,64,26,167,0,None,118,95.35343903693027,-14,85.0,116.89999999999999
20.5,11.6,21,74,78,1.36,995,64,26,166,0,None,100,48.536561689482106,-4,76.0,225.76000000000002
6.3,14.2,20,73,92,1.25,1744,73,18,225,0,None,129,276.8249574207025,-19,82.5,281.25
8.8,13.0,24,96,88,1.18,1660,77,26,34,0,None,132,188.6361492771031,8,92.0,40.12
12.2,10.9,27,74,78,0.92,1707,74,22,147,0,None,108,139.91791810006714,-4,76.0,135.24
5.2,19.7,37,73,78,0.53,1634,71,26,45,0,None,99,314.2301649419905,-5,75.5,23.85
20.2,12.6,44,70,88,1.33,1403,73,28,287,1,Blades,102,69.45541116068755,-18,79.0,381.71000000000004
16.2,16.9,43,81,90,1.36,975,71,20,258,0,None,131,60.18514803385924,-9,85.5,350.88000000000005
23.0,10.9,29,98,88,0.98,1819,67,17,294,0,None,152,79.0869221361208,10,93.0,288.12
5.6,19.1,29,97,89,1.14,1099,74,27,223,0,None,132,196.24964955419725,8,93.0,254.21999999999997
10.4,15.9,19,73,82,0.98,1989,74,29,187,0,None,97,191.24981610594605,-9,77.5,183.26
19.6,16.6,44,70,75,0.8,1126,73,32,84,0,None,81,57.448950281147816,-5,72.5,67.2
18.5,17.8,38,93,86,1.04,992,73,20,197,0,None,139,53.621592636976956,7,89.5,204.88
9.9,16.1,40,79,87,1.19,1313,65,17,137,0,None,132,132.6261286604761,-8,83.0,163.03
16.9,10.7,22,95,89,0.65,1258,79,34,42,0,None,116,74.43782577643447,6,92.0,27.3
20.9,14.3,27,76,80,1.03,1974,80,16,154,0,None,124,94.44971557429878,-4,78.0,158.62
5.7,12.6,18,85,78,1.28,1334,71,23,55,0,None,117,234.0346771321454,7,81.5,70.4
19.4,14.9,43,71,92,0.98,951,64,25,60,0,None,113,49.02059328835398,-21,81.5,58.8
10.0,14.0,24,97,92,0.66,1986,66,29,84,0,None,131,198.5998014001986,5,94.5,55.440000000000005
24.0,18.3,33,75,95,1.37,1765,75,31,285,1,Generator,108,73.54163602431832,-20,85.0,390.45000000000005
15.8,12.5,20,79,82,1.17,1998,65,26,104,0,None,109,126.45561616733154,-3,80.5,121.67999999999999
5.7,12.0,39,84,76,1.13,1249,72,16,149,0,None,128,219.12242259224107,8,80.0,168.36999999999998
13.1,19.6,21,78,85,1.15,1030,62,35,60,0,None,93,78.62589417870674,-7,81.5,69.0
24.3,19.5,39,71,85,0.75,1337,79,28,240,0,None,100,55.02055348948416,-14,78.0,180.0
19.6,19.9,27,71,76,0.99,1054,77,32,171,0,None,83,53.77548276761083,-5,73.5,169.29
11.0,15.7,32,99,87,0.83,1062,76,23,86,0,None,140,96.5453667769393,12,93.0,71.38
16.5,11.1,23,80,80,1.33,1893,76,16,245,0,None,128,114.72720319563443,0,80.0,325.85
17.0,18.8,41,80,77,1.09,1993,60,17,105,0,None,123,117.23522515574992,3,78.5,114.45
5.5,11.5,38,98,87,1.22,1994,61,30,284,0,None,125,362.54479537309936,11,92.5,346.48
8.6,11.6,26,95,81,1.16,1382,72,19,187,0,None,138,160.697487561061,14,88.0,216.92
16.0,11.9,33,91,86,0.98,1163,75,32,207,0,None,113,72.68745457034089,5,88.5,202.85999999999999
13.1,16.5,19,90,75,1.3,1089,75,20,128,0,None,125,83.12970753457441,15,82.5,166.4
8.8,11.1,20,94,82,1.12,1320,71,20,196,0,None,136,149.99982954564823,12,88.0,219.52
20.5,17.8,31,75,92,0.73,1559,70,17,199,0,None,133,76.04874339085688,-17,83.5,145.27
14.8,10.6,34,90,88,0.79,1718,62,18,148,0,None,142,116.08100264797118,2,89.0,116.92
11.2,11.1,32,73,92,1.33,1468,79,18,269,1,Generator,129,131.07131154347184,-19,82.5,357.77000000000004
8.2,14.3,32,74,90,1.44,1827,66,16,165,0,None,132,222.80460633584596,-16,82.0,237.6
17.2,13.8,37,77,89,1.05,1912,64,20,93,0,None,126,111.16272606818252,-12,83.0,97.65
18.3,19.9,42,91,92,0.89,1874,72,15,69,0,None,153,102.40431562605703,-1,91.5,61.410000000000004
18.4,19.7,27,97,75,1.13,1306,60,29,246,0,None,114,70.97822229444441,22,86.0,277.97999999999996
9.4,11.9,31,91,83,0.98,1946,79,27,111,0,None,120,207.02105636057834,8,87.0,108.78
16.9,19.5,42,82,94,1.34,1915,67,18,57,1,Generator,140,113.31354241802225,-12,88.0,76.38000000000001
23.1,16.9,29,85,79,1.33,1353,66,32,217,0,None,100,58.571403215842764,6,82.0,288.61
12.1,14.1,28,91,88,0.96,1363,63,21,160,0,None,137,112.64453500451653,3,89.5,153.6
9.2,17.4,38,88,91,1.3,986,70,26,180,0,None,127,107.17379655022116,-3,89.5,234.0
20.4,19.0,41,86,94,0.69,1931,68,31,160,1,Blades,118,94.65681634469787,-8,90.0,110.39999999999999
8.5,11.8,37,77,92,0.87,997,66,22,120,0,None,125,117.2939796541416,-15,84.5,104.4
10.1,12.0,18,89,89,0.58,1440,63,20,249,0,None,138,142.57411626325123,0,89.0,144.42
7.0,14.1,29,71,89,1.31,1694,67,32,120,0,None,96,241.99965428620817,-18,80.0,157.20000000000002
10.4,11.7,21,87,82,1.48,1868,76,16,109,0,None,137,179.61521190845008,5,84.5,161.32
13.2,13.6,25,95,79,1.08,1528,76,28,178,0,None,118,115.75748806250905,16,87.0,192.24
6.3,16.5,29,75,94,1.27,1651,71,32,42,0,None,105,262.0630760903554,-19,84.5,53.34
22.4,18.1,22,73,95,0.9,1681,75,29,218,0,None,110,75.04460935508511,-22,84.0,196.20000000000002
15.3,13.0,30,99,83,1.06,918,72,22,58,0,None,138,59.99996078433936,16,91.0,61.480000000000004
16.8,12.8,34,95,83,0.85,1937,62,34,214,0,None,110,115.29755041812474,12,89.0,181.9
12.4,17.8,41,79,84,1.2,1296,79,18,40,0,None,127,104.5160447451252,-5,81.5,48.0
18.4,13.8,21,76,84,0.75,1095,70,29,296,0,None,102,59.51083722237108,-8,80.0,222.0
13.6,18.2,24,80,92,0.65,1421,75,29,57,0,None,114,104.48521729028141,-12,86.0,37.050000000000004
20.2,19.9,27,83,84,1.4,1707,78,27,279,0,None,113,84.50490866093631,-1,83.5,390.59999999999997
21.4,19.8,22,95,93,1.36,1810,78,25,265,1,Gearbox,138,84.57939972925247,2,94.0,360.40000000000003
18.4,16.6,25,77,89,1.33,1692,79,34,88,0,None,98,91.95647176278709,-12,83.0,117.04
14.8,13.8,42,92,94,1.32,1340,73,24,81,1,Gearbox,138,90.54047936454097,-2,93.0,106.92
20.6,10.7,19,98,88,1.23,1650,73,22,128,0,None,142,80.0970484965784,10,93.0,157.44
14.9,17.4,28,81,83,1.37,1375,65,25,88,0,None,114,92.28181726052533,-2,82.0,120.56
7.2,19.8,24,71,93,0.71,1986,66,31,299,0,None,102,275.83295023201356,-22,82.0,212.29
7.3,10.7,17,95,80,1.37,1996,72,18,64,1,Gearbox,139,273.42428298043427,15,87.5,87.68
24.0,10.1,18,91,94,1.42,1175,65,22,32,1,Gearbox,141,48.95831293403628,-3,92.5,45.44
9.3,18.3,39,74,76,1.22,1432,67,26,221,0,None,98,153.97832905556015,-2,75.0,269.62
21.3,11.0,41,88,88,1.1,1534,63,32,68,1,Blades,112,72.01874553110538,0,88.0,74.80000000000001
9.9,10.8,37,95,75,0.74,1600,75,23,253,0,None,124,161.61599836767843,20,85.0,187.22
13.6,19.1,31,75,79,1.37,1377,73,26,123,0,None,102,101.24992555152534,-4,77.0,168.51000000000002
18.1,10.8,38,77,84,1.08,1477,74,17,122,0,None,127,81.6021648606824,-7,80.5,131.76000000000002
8.2,11.1,20,76,78,1.11,1510,69,17,46,0,None,120,184.14611689497943,-2,77.0,51.06
19.7,15.7,38,100,95,1.11,1327,75,19,178,0,None,157,67.36037189828838,5,97.5,197.58
18.8,17.6,28,77,90,1.37,1252,69,29,278,0,None,109,66.59570925760146,-13,83.5,380.86
15.9,14.0,38,78,92,0.64,1598,71,19,71,0,None,132,100.50308144460287,-14,85.0,45.44
16.3,14.2,22,71,95,0.56,1386,63,33,116,0,None,100,85.03062268059958,-24,83.0,64.96000000000001
7.1,16.3,40,99,88,0.72,1969,61,33,250,0,None,121,277.32355306541825,11,93.5,180.0
13.7,15.1,32,77,80,0.99,1313,75,20,89,0,None,117,95.83934610266708,-3,78.5,88.11
6.7,10.2,15,92,90,0.97,1115,78,17,96,0,None,148,166.41766206319096,2,91.0,93.12
11.2,11.1,31,71,87,1.01,1369,67,23,203,0,None,112,122.23203372139848,-16,79.0,205.03
23.0,15.8,24,94,80,0.61,1623,77,31,284,0,None,112,70.56518671078838,14,87.0,173.24
16.5,17.9,17,93,82,1.29,1386,66,17,90,0,None,141,83.99994909093995,11,87.5,116.10000000000001
19.9,17.6,28,73,87,0.8,1214,75,17,227,0,None,126,61.00499446985203,-14,80.0,181.60000000000002
16.5,17.4,24,74,83,1.41,1445,72,20,30,0,None,117,87.57570449957304,-9,78.5,42.3
8.9,17.7,21,79,80,1.34,1392,61,29,257,0,None,101,156.404318646833,-1,79.5,344.38
16.9,10.4,25,81,84,0.56,1939,65,22,154,0,None,121,114.73365992091131,-3,82.5,86.24000000000001
20.1,19.0,20,94,80,0.55,921,73,30,299,0,None,114,45.82087272593397,14,87.0,164.45000000000002
7.8,18.9,24,72,93,1.13,1334,64,23,278,0,None,119,171.0254217622798,-21,82.5,314.14
21.3,15.3,18,90,89,0.58,1275,72,17,294,0,None,145,59.85912682670102,1,89.5,170.51999999999998
16.1,12.5,18,77,83,1.07,1146,74,35,264,0,None,90,71.18008001237266,-6,80.0,282.48
5.1,15.9,42,81,94,0.58,1501,67,29,179,0,None,117,294.3131484055914,-13,87.5,103.82
15.4,15.6,42,70,83,0.98,1575,74,28,79,0,None,97,102.27266086190853,-13,76.5,77.42
12.9,12.2,40,79,86,0.92,911,73,25,220,0,None,115,70.6201002944959,-7,82.5,202.4
10.9,16.0,22,75,85,1.09,1644,80,17,216,0,None,126,150.82554970133054,-10,80.0,235.44000000000003
20.4,18.0,37,85,77,0.86,1321,72,35,219,0,None,92,64.75487021820088,8,81.0,188.34
23.0,18.1,33,75,83,0.64,1915,66,24,41,0,None,110,83.26083336485506,-8,79.0,26.240000000000002
20.3,10.6,17,95,77,1.34,1718,65,16,291,1,Gearbox,140,84.63050018201962,18,86.0,389.94
21.9,12.0,42,96,78,0.8,1465,73,22,61,1,Blades,130,66.89494662331205,18,87.0,48.800000000000004
23.2,16.7,45,95,91,0.57,1947,62,16,165,1,Blades,154,83.92237761966483,4,93.0,94.05
23.3,18.6,36,99,81,1.0,1656,65,25,51,0,None,130,71.07293086998675,18,90.0,51.0
7.3,15.2,22,97,77,1.38,1789,60,30,124,1,Gearbox,114,245.06815744088024,20,87.0,171.11999999999998
14.1,17.1,32,78,89,0.78,1952,70,34,38,0,None,99,138.4396181279304,-11,83.5,29.64
5.0,10.2,18,79,91,0.95,1879,76,32,72,0,None,106,375.79924840150323,-12,85.0,68.39999999999999
15.1,16.1,24,86,87,0.9,978,70,20,32,0,None,133,64.76816902770264,-1,86.5,28.8
23.5,19.6,37,82,93,0.55,1131,66,22,221,0,None,131,48.127639094621664,-11,87.5,121.55000000000001
9.0,16.6,24,99,92,1.37,1593,77,25,102,1,Gearbox,141,176.99980333355185,7,95.5,139.74
17.8,19.2,19,80,86,1.26,1077,70,29,224,0,None,108,60.50558398562697,-6,83.0,282.24
17.9,15.7,15,92,90,0.6,1411,74,30,225,0,None,122,78.82677160515554,2,91.0,135.0
8.2,18.4,32,87,82,0.63,1428,80,32,35,0,None,105,174.1461290900865,5,84.5,22.05
9.8,11.2,44,99,88,0.51,1409,76,19,262,0,None,149,143.77536349452703,11,93.5,133.62
14.2,11.2,30,92,95,1.49,1805,77,17,230,1,Gearbox,153,127.11258654043202,-3,93.5,342.7
8.8,11.2,21,79,91,0.92,1438,62,19,278,0,None,132,163.40890521715315,-12,85.0,255.76000000000002
16.7,14.9,29,76,82,1.43,1856,71,34,57,0,None,90,111.1376580014024,-6,79.0,81.50999999999999
14.7,13.3,33,96,94,0.92,1751,80,18,245,0,None,154,119.11556522750665,2,95.0,225.4
15.4,17.2,39,97,92,0.6,1607,66,21,219,0,None,147,104.35058159053143,5,94.5,131.4
7.7,19.0,29,95,76,0.84,1536,61,19,127,0,None,133,199.48026041524622,19,85.5,106.67999999999999
15.3,16.2,20,92,90,0.92,1155,61,17,185,0,None,148,75.49014673846618,2,91.0,170.20000000000002
6.0,12.1,21,80,95,0.68,1745,80,26,175,0,None,123,290.832848611919,-15,87.5,119.00000000000001
22.6,19.3,42,85,81,0.55,1785,69,23,255,1,Blades,120,78.98226593705047,4,83.0,140.25
11.9,15.3,22,97,81,0.82,1438,66,30,175,0,None,118,120.84023458803816,16,89.0,143.5
22.1,17.2,37,74,88,1.04,1142,70,23,259,0,None,116,51.674184762812324,-14,81.0,269.36
19.0,18.9,23,85,77,0.76,1736,72,26,123,0,None,110,91.36837296401423,8,81.0,93.48
20.3,19.9,37,81,88,1.46,1780,78,31,145,0,None,107,87.68468586961288,-7,84.5,211.7
11.3,15.1,17,90,80,0.98,1524,69,26,238,0,None,118,134.86713728571922,10,85.0,233.24
9.6,18.1,21,89,84,0.63,1667,77,24,41,0,None,125,173.64565245244538,5,86.5,25.830000000000002
13.1,15.7,27,87,93,0.91,1751,65,18,260,0,None,144,133.66402010380145,-6,90.0,236.6
5.5,14.9,30,78,91,1.21,1221,71,26,230,0,None,117,221.99959636437026,-13,84.5,278.3
23.4,15.4,26,75,77,0.99,1211,76,17,237,0,None,118,51.75211463584845,-2,76.0,234.63
12.7,14.8,32,94,90,0.83,1679,69,17,252,0,None,150,132.2046203113226,4,92.0,209.16
24.8,14.2,25,100,83,0.61,1464,66,24,36,0,None,135,59.03223426119586,17,91.5,21.96
20.2,17.2,35,75,95,0.96,1464,76,25,232,0,None,120,72.47521164593483,-20,85.0,222.72
6.6,12.5,30,72,81,0.6,1955,76,30,128,0,None,93,296.211672406557,-9,76.5,76.8
18.2,16.2,36,92,84,0.87,1779,66,24,225,0,None,128,97.74719904000054,8,88.0,195.75
10.4,17.1,28,80,82,0.62,1182,72,27,108,0,None,108,113.65373687140685,-2,81.0,66.96
9.9,18.9,41,76,87,1.18,1347,65,33,222,0,None,97,136.06046862578927,-11,81.5,261.96
10.1,13.3,26,86,80,1.27,1813,78,34,275,0,None,98,179.50477276755174,6,83.0,349.25
23.3,18.6,24,90,93,0.74,981,62,20,278,0,None,143,42.10298622189433,-3,91.5,205.72
15.0,19.5,32,76,87,0.57,1253,68,24,216,0,None,115,83.53327764448157,-11,81.5,123.11999999999999
18.4,16.5,30,100,94,0.85,1274,73,26,48,0,None,142,69.23909280484088,6,97.0,40.8
10.6,17.7,31,80,89,1.06,1329,77,24,273,0,None,121,125.37724021015076,-9,84.5,289.38
15.5,14.1,39,79,79,1.27,1185,76,34,180,0,None,90,76.4515635796364,0,79.0,228.6
12.0,19.5,33,83,75,0.9,1606,74,21,263,0,None,116,133.8332218056485,8,79.0,236.70000000000002
11.4,16.7,42,92,83,0.87,1335,79,25,200,0,None,125,117.10516043406979,9,87.5,174.0
9.9,13.1,34,96,95,1.41,1496,60,18,36,1,Gearbox,155,151.1109584737793,1,95.5,50.76
13.2,14.0,16,80,93,0.95,1200,80,28,75,0,None,117,90.90902203861968,-13,86.5,71.25
18.2,16.2,41,74,92,0.95,1847,67,22,203,0,None,122,101.48346072337324,-18,83.0,192.85
9.4,12.3,40,78,86,0.91,1126,75,31,188,0,None,102,119.78710660946105,-8,82.0,171.08
24.3,17.5,16,73,77,0.86,1865,66,18,107,0,None,114,76.74893960948987,-4,75.0,92.02
7.5,12.2,19,89,75,1.23,1097,68,33,150,0,None,98,146.2664716447045,14,82.0,184.5
14.6,15.9,32,92,92,0.78,1307,78,24,145,0,None,136,89.52048662980368,0,92.0,113.10000000000001
6.7,17.0,16,83,79,0.88,1757,69,23,94,0,None,116,262.2384145695305,4,81.0,82.72
5.5,18.6,27,99,77,0.78,1442,78,30,240,0,None,116,262.18134148847,22,88.0,187.20000000000002
23.5,17.3,44,92,89,1.07,1161,71,21,259,1,Blades,139,49.40423429607051,3,90.5,277.13
21.2,18.0,20,81,75,1.46,1630,65,32,150,0,None,92,76.88675618549237,6,78.0,219.0
18.9,19.1,21,73,90,0.89,1040,70,21,299,0,None,121,55.02642591194397,-17,81.5,266.11
22.3,16.0,35,85,79,1.47,1137,62,30,35,0,None,104,50.986524221289585,6,82.0,51.449999999999996
21.1,18.5,16,85,81,1.16,1182,70,16,121,0,None,134,56.01893079671526,4,83.0,140.35999999999999
17.9,12.3,40,87,78,1.3,1543,76,29,94,0,None,107,86.20106916141388,9,82.5,122.2
21.9,18.1,21,90,91,0.83,1507,61,20,159,0,None,141,68.81275396677901,-1,90.5,131.97
12.8,12.2,31,78,85,0.72,1471,65,30,89,0,None,103,114.92178521735529,-7,81.5,64.08
16.1,19.3,22,70,78,1.08,1007,68,32,189,0,None,84,62.546545002145955,-8,74.0,204.12
20.5,13.3,35,94,76,1.49,1758,75,18,108,1,Gearbox,134,85.75605572875331,18,85.0,160.92
6.7,11.7,33,95,95,1.21,1045,75,18,88,0,None,154,155.96991646281126,0,95.0,106.47999999999999
22.2,11.5,43,97,89,1.18,1933,78,30,39,1,Blades,126,87.07203285043566,8,93.0,46.019999999999996
8.1,11.9,28,99,89,0.95,972,63,18,239,0,None,152,119.99985185203477,10,94.0,227.04999999999998
22.3,14.5,41,75,85,1.38,1868,63,15,60,1,Blades,130,83.76677857991992,-10,80.0,82.8
11.2,15.2,32,81,84,1.2,1228,73,16,153,0,None,133,109.6427592475364,-3,82.5,183.6
11.5,19.1,42,96,91,1.17,1670,64,16,73,0,None,155,145.2172650284652,5,93.5,85.41
6.5,13.8,24,98,92,0.79,1267,68,33,227,0,None,124,194.9227770418815,6,95.0,179.33
22.7,12.2,31,70,76,1.46,1692,71,32,254,0,None,82,74.53741209805635,-6,73.0,370.84
8.5,17.4,27,82,92,0.75,1429,65,26,88,0,None,122,168.1174492735891,-10,87.0,66.0
17.6,11.3,17,73,90,1.02,1479,74,25,219,0,None,113,84.03404316247547,-17,81.5,223.38
17.9,18.9,32,94,85,0.84,1688,77,20,290,0,None,139,94.30162329518252,9,89.5,243.6
10.6,14.1,39,92,85,0.68,1047,60,25,55,0,None,127,98.77349172312103,7,88.5,37.400000000000006
24.7,16.1,32,93,92,0.64,1193,66,34,174,0,None,117,48.29957558721637,1,92.5,111.36
6.3,11.9,23,82,91,0.79,1825,74,26,71,0,None,121,289.6820798697145,-9,86.5,56.09
17.2,11.5,23,82,78,1.19,1769,66,16,154,0,None,128,102.84877741350151,4,80.0,183.26
14.6,18.0,22,78,86,1.47,1989,70,16,198,0,None,132,136.23278340220315,-8,82.0,291.06
9.9,14.3,44,81,94,1.35,925,75,32,273,1,Generator,111,93.43424905631409,-13,87.5,368.55
8.3,19.9,27,99,90,0.72,1056,67,19,111,0,None,151,127.22876237498508,9,94.5,79.92
19.7,15.2,25,71,94,0.58,1271,76,15,172,0,None,135,64.51773374734329,-23,82.5,99.75999999999999
23.3,18.5,28,80,91,1.19,1663,76,30,136,0,None,111,71.3733599255966,-11,85.5,161.84
7.2,19.8,18,94,85,0.53,1247,80,31,237,0,None,117,173.19420389693903,9,89.5,125.61
8.9,12.8,21,81,87,1.36,1281,69,21,159,0,None,126,143.93242254783982,-6,84.0,216.24
24.7,18.0,30,98,89,1.33,1150,70,32,224,1,Gearbox,123,46.55868560377101,9,93.5,297.92
5.3,10.2,39,80,90,1.29,1901,76,31,113,0,None,108,358.6785685310028,-10,85.0,145.77
15.2,16.8,41,95,90,1.05,1502,77,25,31,0,None,135,98.81572446333918,5,92.5,32.550000000000004
15.3,17.5,41,94,94,1.47,1076,70,34,157,1,Gearbox,120,70.3267514204239,0,94.0,230.79
10.3,14.8,43,70,81,0.96,1540,60,32,181,0,None,87,149.51441794716703,-11,75.5,173.76
18.3,11.6,19,82,92,1.49,1075,69,16,179,1,Generator,142,58.743137298832075,-10,87.0,266.71
23.9,16.2,16,78,86,1.38,1199,65,33,94,0,None,98,50.16734302621631,-8,82.0,129.72
14.0,19.0,18,84,93,0.63,1666,62,26,60,0,None,125,118.99991500006072,-9,88.5,37.8
20.0,19.3,33,84,88,1.39,1734,67,24,298,0,None,124,86.69995665002168,-4,86.0,414.21999999999997
17.9,17.5,32,97,94,0.8,1376,68,34,130,0,None,123,76.87146543493552,3,95.5,104.0
14.5,12.6,35,76,83,1.27,1084,80,21,82,0,None,117,74.7585691320213,-7,79.5,104.14
6.0,18.7,26,75,77,0.5,1133,69,24,69,0,None,104,188.83301861163565,-2,76.0,34.5
19.8,18.9,27,73,88,0.78,1494,79,19,130,0,None,123,75.45450734620842,-15,80.5,101.4
12.3,13.7,31,92,90,1.26,1548,75,32,129,0,None,118,125.85355621662096,2,91.0,162.54
9.5,11.8,17,98,89,1.47,1855,65,16,154,1,Gearbox,155,195.262952354787,9,93.5,226.38
24.0,18.7,39,81,89,0.67,1195,74,15,142,0,None,140,49.79164592014753,-8,85.0,95.14
20.5,18.9,43,72,76,0.96,1573,68,18,93,1,Blades,112,76.7316698869903,-4,74.0,89.28
24.2,11.0,27,75,94,1.09,903,72,28,196,0,None,113,37.31403416775448,-19,84.5,213.64000000000001
10.1,19.7,37,73,80,1.45,1418,70,17,286,0,None,119,140.39590059811823,-7,76.5,414.7
21.7,15.3,31,88,83,0.95,1338,79,33,205,0,None,105,61.65895776084896,5,85.5,194.75
17.2,19.9,22,78,83,1.43,1032,63,29,135,0,None,103,59.99996511629936,-5,80.5,193.04999999999998
24.6,14.5,17,97,93,1.48,1880,69,29,151,1,Gearbox,132,76.42273316149058,4,95.0,223.48
23.9,15.3,22,75,90,1.44,1019,62,34,95,0,None,97,42.635965424282254,-15,82.5,136.79999999999998
24.5,12.7,33,98,87,1.25,1192,65,16,180,0,None,153,48.65304136610557,11,92.5,225.0
24.0,19.0,16,80,77,0.63,1707,62,28,273,0,None,101,71.12497036459568,3,78.5,171.99
5.2,14.4,40,96,81,1.1,1099,79,33,144,0,None,111,211.34574741202422,15,88.5,158.4
19.8,18.1,44,98,85,1.25,984,66,27,64,0,None,129,49.69694459750273,13,91.5,80.0
10.4,10.8,18,100,77,1.45,1966,76,24,222,1,Gearbox,129,189.03827977088483,23,88.5,321.9
19.1,17.9,22,94,86,1.28,1223,75,15,177,0,None,150,64.03138008828267,8,90.0,226.56
24.6,14.9,35,73,79,1.04,967,63,18,216,0,None,116,39.30892711019223,-6,76.0,224.64000000000001
5.8,10.1,39,72,91,0.71,1055,63,33,131,0,None,97,181.8962381099343,-19,81.5,93.00999999999999
16.3,12.3,25,92,92,0.96,1145,68,35,204,0,None,114,70.2453556776959,0,92.0,195.84
19.7,11.9,30,97,87,1.14,1954,71,25,78,0,None,134,99.187766909763,10,92.0,88.91999999999999
10.1,17.5,42,75,82,0.82,918,69,33,253,0,None,91,90.89099911782266,-7,78.5,207.45999999999998
9.5,14.8,27,98,76,0.96,1772,75,25,122,0,None,124,186.52611944619005,22,87.0,117.11999999999999
6.2,11.6,17,88,88,0.52,1759,71,18,162,0,None,140,283.709219823839,0,88.0,84.24000000000001
6.9,12.6,45,74,91,1.38,1450,78,17,297,1,Generator,131,210.1446229788073,-17,82.5,409.85999999999996
18.1,15.0,20,75,91,0.53,1926,72,32,95,0,None,102,106.40878098962375,-16,83.0,50.35
15.1,10.2,16,72,85,0.91,915,72,34,195,0,None,89,60.59598636027393,-13,78.5,177.45000000000002
5.6,14.2,27,74,78,1.01,1445,73,23,89,0,None,106,258.03525350847593,-4,76.0,89.89
24.4,16.8,19,92,76,1.47,1179,72,18,99,1,Gearbox,132,48.319652328011344,16,84.0,145.53
18.1,15.2,44,77,76,1.44,1738,72,32,250,0,None,89,96.02204639665945,1,76.5,360.0
15.3,16.0,26,87,80,1.15,1091,69,22,225,0,None,123,71.30714293650789,7,83.5,258.75
10.5,13.3,40,92,78,1.08,1863,62,25,231,0,None,120,177.42840244914052,14,85.0,249.48000000000002
18.2,11.8,20,97,78,0.87,1346,67,35,91,0,None,105,73.9560033208773,19,87.5,79.17
12.3,18.1,19,88,89,0.54,1049,75,29,285,0,None,119,85.28448350855,-1,88.5,153.9
19.0,19.1,34,87,79,0.77,938,61,29,192,0,None,108,49.36839506926575,8,83.0,147.84
18.7,15.1,42,97,89,1.35,1658,74,21,286,1,Gearbox,144,88.66305419088012,8,93.0,386.1
6.9,13.1,18,79,82,1.15,1921,80,20,180,0,None,121,278.40539361537157,-3,80.5,206.99999999999997
23.2,15.1,33,76,90,1.31,1967,69,21,144,0,None,124,84.78444621360077,-14,83.0,188.64000000000001
14.7,18.8,18,96,78,1.34,1862,64,27,49,1,Gearbox,120,126.66658049892484,18,87.0,65.66000000000001
12.9,16.9,39,72,75,0.56,1328,60,34,296,0,None,79,102.94565663127393,-3,73.5,165.76000000000002
24.1,18.6,42,76,77,0.84,1896,77,29,134,1,Blades,95,78.67216652607198,-1,76.5,112.56
13.8,13.3,34,82,94,1.18,1608,63,21,118,0,None,134,116.52165469445312,-12,88.0,139.23999999999998
19.4,17.1,36,81,86,1.35,970,61,28,214,0,None,111,49.999974226817415,-5,83.5,288.90000000000003
18.1,16.5,17,91,87,1.3,1088,70,18,146,0,None,142,60.11046402736794,4,89.0,189.8
8.3,15.7,17,73,94,0.92,1324,68,24,143,0,None,119,159.51788009893963,-21,83.5,131.56
24.8,15.3,20,84,91,1.43,1237,79,33,91,1,Generator,109,49.87901214555962,-7,87.5,130.13
14.3,15.5,23,94,77,0.8,1270,69,20,156,0,None,131,88.8111267055058,17,85.5,124.80000000000001
12.9,18.5,38,91,83,0.88,1708,77,26,63,0,None,122,132.40299813721074,8,87.0,55.44
23.4,19.2,28,89,91,0.68,965,79,17,147,0,None,146,41.239298615684355,-2,90.0,99.96000000000001
15.6,11.1,17,77,88,0.73,1566,64,17,35,0,None,131,100.3845510355442,-11,82.5,25.55
19.1,15.7,41,82,79,0.51,1270,67,16,102,0,None,129,66.49211178423467,3,80.5,52.02
21.9,19.2,45,75,91,0.81,1871,78,19,123,1,Blades,128,85.43375094349273,-16,83.0,99.63000000000001
9.7,11.3,29,85,86,0.81,963,71,24,166,0,None,123,99.27824816675448,-1,85.5,134.46
8.4,14.1,30,88,91,0.57,1969,66,33,103,0,None,113,234.40448285180614,-3,89.5,58.709999999999994
6.4,10.9,17,89,88,0.84,989,70,22,67,0,None,133,154.53100854529916,1,88.5,56.28
22.9,11.1,26,96,84,0.8,1378,75,28,63,0,None,124,60.17464621194489,12,90.0,50.400000000000006
9.0,19.0,26,72,90,1.3,1843,72,26,84,0,None,110,204.7775502471664,-18,81.0,109.2
11.2,14.5,44,82,92,0.66,1254,79,18,193,0,None,138,111.96418574626274,-10,87.0,127.38000000000001
10.7,16.9,35,88,84,1.23,1835,79,24,77,0,None,124,171.4951668269469,4,86.0,94.71
11.1,11.4,38,87,76,0.63,1959,74,18,202,0,None,127,176.48632748979506,11,81.5,127.26
18.4,10.2,19,71,87,1.0,1035,73,21,209,0,None,116,56.24996942936445,-16,79.0,209.0
24.1,18.9,28,76,77,1.24,1425,60,17,35,0,None,119,59.12860617070283,-1,76.5,43.4
11.6,15.7,21,95,81,1.11,1154,76,19,45,0,None,138,99.48267285976478,14,88.0,49.95
13.2,10.2,41,85,86,1.15,1744,70,22,200,0,None,127,132.1211120294606,-1,85.5,229.99999999999997
20.4,19.9,20,82,82,0.71,1019,77,27,254,0,None,110,49.95095590639417,0,82.0,180.34
13.6,14.9,28,97,81,1.33,1752,79,18,222,1,Gearbox,142,128.82343468865096,16,89.0,295.26
23.5,14.8,17,72,75,1.45,1643,67,27,211,0,None,93,69.91486386601538,-3,73.5,305.95
15.1,16.2,34,98,80,0.65,1594,78,20,243,0,None,138,105.56284399811656,18,89.0,157.95000000000002
12.0,10.1,29,71,83,1.39,1378,73,16,207,0,None,122,114.83323763896864,-12,77.0,287.72999999999996
24.4,15.7,30,87,81,0.9,1452,69,33,154,0,None,102,59.50817233271626,6,84.0,138.6
13.5,16.3,18,87,88,1.2,1010,61,16,127,0,None,143,74.81475939647453,-1,87.5,152.4
9.6,13.0,30,89,88,1.01,1197,75,32,191,0,None,113,124.6873701173228,1,88.5,192.91
8.6,17.3,32,71,91,1.29,1905,78,29,66,0,None,104,221.5113703356159,-20,81.0,85.14
24.9,13.8,44,86,79,0.55,1386,72,21,277,1,Blades,123,55.66262824794047,7,82.5,152.35000000000002
20.1,17.2,16,73,87,0.82,1343,68,29,152,0,None,102,66.81588715627504,-14,80.0,124.63999999999999
13.2,11.4,43,75,84,0.55,952,69,20,175,0,None,119,72.12115748397161,-9,79.5,96.25000000000001
21.5,19.1,29,76,81,1.44,1873,74,31,139,0,None,95,87.11623855058673,-5,78.5,200.16
15.9,18.8,21,88,85,0.67,1729,64,17,162,0,None,139,108.7420699735409,3,86.5,108.54
11.3,11.5,35,82,85,0.92,1001,64,16,212,0,None,135,88.58399240354655,-3,83.5,195.04000000000002
19.9,19.4,31,73,88,1.14,1065,67,18,223,0,None,125,53.51756104645174,-15,80.5,254.21999999999997
19.9,15.6,22,79,86,0.96,1036,61,29,289,0,None,107,52.06027534659531,-7,82.5,277.44
15.0,17.0,34,72,88,1.04,1619,73,34,56,0,None,92,107.93326137782574,-16,80.0,58.24
5.9,18.4,29,90,95,0.7,1075,69,28,191,0,None,129,182.2030810117271,-5,92.5,133.7
6.5,10.8,36,87,91,0.57,1995,78,33,146,0,None,112,306.9226047344543,-4,89.0,83.22
20.8,11.7,36,82,81,0.76,1531,73,16,228,0,None,131,73.60573384339719,1,81.5,173.28
21.5,12.9,29,98,86,0.82,1857,74,23,69,0,None,138,86.37205285020798,12,92.0,56.58
18.6,14.8,27,86,80,0.92,1703,73,27,84,0,None,112,91.55909055962873,6,83.0,77.28
21.8,13.5,17,97,85,0.8,927,68,23,198,0,None,136,42.52291627389162,12,91.0,158.4
19.4,15.1,30,87,89,0.54,1363,79,29,296,0,None,118,70.25769574345581,-2,88.0,159.84
22.9,11.9,22,81,76,0.59,1298,78,19,230,0,None,119,56.681197955808756,5,78.5,135.7
8.0,16.8,17,86,78,1.17,1947,70,20,260,0,None,124,243.3746957816303,8,82.0,304.2
12.8,10.6,25,75,75,0.56,1272,76,25,70,0,None,100,99.3749223633419,0,75.0,39.2
14.3,13.6,18,90,83,0.55,1656,80,28,163,0,None,117,115.80411482229732,7,86.5,89.65
11.0,11.8,32,99,90,1.31,1548,67,18,93,1,Gearbox,153,140.72714479350475,9,94.5,121.83
19.5,17.3,30,77,84,0.54,1710,72,21,43,0,None,119,87.69226272191655,-7,80.5,23.220000000000002
23.2,18.8,39,80,86,0.57,967,71,21,261,0,None,124,41.681016516803226,-6,83.0,148.76999999999998
13.2,10.8,23,82,87,1.05,1924,71,25,108,0,None,119,145.75746533525356,-5,84.5,113.4
23.8,17.9,26,85,77,0.94,1992,79,34,208,0,None,94,83.69744382460344,8,81.0,195.51999999999998
15.3,19.0,36,92,78,1.46,1510,63,23,276,1,Gearbox,124,98.69274595245362,14,85.0,402.96
15.5,19.7,45,74,93,1.44,1081,70,32,142,1,Generator,103,69.74189048910291,-19,83.5,204.48
17.0,15.8,42,79,84,1.16,1856,61,23,103,0,None,117,109.17640636681979,-5,81.5,119.47999999999999
10.4,13.3,31,86,83,0.57,1612,66,21,279,0,None,127,154.99985096168177,3,84.5,159.02999999999997
12.7,13.2,35,88,90,1.0,1586,74,17,76,0,None,144,124.8817914316603,-2,89.0,76.0
16.1,13.8,31,86,76,0.55,1873,76,29,114,0,None,104,116.3353314687382,10,81.0,62.7
23.8,16.1,28,83,92,1.41,1705,77,21,227,1,Generator,133,71.63862536192211,-9,87.5,320.07
17.9,14.9,33,91,88,1.16,1912,62,29,132,0,None,121,106.81558278459063,3,89.5,153.11999999999998
11.7,16.5,27,76,78,1.07,1953,64,22,287,0,None,110,166.92293425390235,-2,77.0,307.09000000000003
5.2,10.4,23,78,76,0.93,1279,68,15,248,0,None,124,245.9610654594895,2,77.0,230.64000000000001
24.6,11.1,36,83,75,1.01,1118,68,18,278,0,None,122,45.44713599709919,8,79.0,280.78000000000003
14.9,19.8,41,91,81,0.9,1324,65,31,105,0,None,110,88.8590007657713,10,86.0,94.5
23.8,20.0,24,72,81,0.6,1964,79,19,160,0,None,115,82.52097373068331,-9,76.5,96.0
16.0,17.5,36,73,79,1.16,1111,71,20,182,0,None,112,69.43745660158963,-6,76.0,211.11999999999998
17.1,12.6,28,93,81,1.5,1550,73,22,53,1,Gearbox,130,90.6432218460691,12,87.0,79.5
19.2,19.5,24,78,86,0.61,993,75,19,92,0,None,126,51.71872306316507,-8,82.0,56.12
11.4,12.1,34,99,77,1.49,1816,71,26,190,1,Gearbox,124,159.2981058788545,22,88.0,283.1
19.0,17.3,43,99,79,1.4,1635,77,25,296,1,Gearbox,128,86.05258628811248,20,89.0,414.4
15.5,11.2,26,91,86,1.39,1474,80,28,35,1,Gearbox,121,95.09671284083042,5,88.5,48.65
18.4,16.5,38,92,89,1.33,1593,68,34,145,1,Gearbox,113,86.57603990432615,3,90.5,192.85000000000002
21.7,17.6,24,90,94,1.42,1029,73,17,79,1,Generator,150,47.419332986482495,-4,92.0,112.17999999999999
8.7,18.6,39,75,85,0.75,1848,66,23,226,0,None,114,212.41354894994376,-10,80.0,169.5
17.3,17.3,38,85,77,0.94,1274,61,25,137,0,None,112,73.6415759297249,8,81.0,128.78
6.0,19.2,38,94,87,0.98,1086,61,33,105,0,None,115,180.9996983338361,7,90.5,102.89999999999999
7.0,15.2,45,93,95,0.57,916,65,28,114,0,None,132,130.8569559186344,-2,94.0,64.97999999999999
18.5,16.8,19,97,93,1.48,967,63,23,143,1,Gearbox,144,52.2702420160854,4,95.0,211.64
6.4,13.7,27,97,91,1.19,1639,74,16,268,0,None,156,256.09334985414085,6,94.0,318.91999999999996
16.9,10.1,34,78,90,0.95,1690,69,30,221,0,None,108,99.99994082843739,-12,84.0,209.95
9.4,17.6,33,92,90,1.49,1064,71,26,108,1,Gearbox,130,113.19136894535218,2,91.0,160.92
11.1,18.7,38,90,77,0.77,1566,62,29,214,0,None,109,141.08095398112255,13,83.5,164.78
7.6,11.7,16,97,85,0.84,1431,60,21,259,0,None,140,188.28922593522904,12,91.0,217.56
10.0,10.3,36,76,89,0.69,1931,69,20,75,0,None,125,193.0998069001931,-13,82.5,51.74999999999999
21.4,11.6,37,92,76,0.69,1632,65,28,78,0,None,112,76.2616466067072,16,84.0,53.81999999999999
17.8,19.0,17,83,93,0.69,1472,72,23,227,0,None,130,82.6965827547288,-10,88.0,156.63
24.0,13.0,31,82,78,1.11,1212,70,22,141,0,None,116,50.499978958342105,4,80.0,156.51000000000002
6.0,12.3,22,71,77,0.79,1408,77,19,259,0,None,110,234.6662755562074,-6,74.0,204.61
20.8,10.1,39,99,77,1.45,1172,77,23,155,1,Gearbox,130,56.346126756669825,22,88.0,224.75
19.0,13.0,16,90,83,1.32,1646,71,34,289,0,None,105,86.63153335182456,7,86.5,381.48
10.2,17.2,19,88,86,0.66,1553,78,17,101,0,None,140,152.25475269141896,2,87.0,66.66
19.6,19.6,18,78,77,1.33,1226,79,18,249,0,None,119,62.55098849439362,1,77.5,331.17
19.3,13.1,17,90,91,0.85,913,65,27,183,0,None,127,47.30567497115286,-1,90.5,155.54999999999998
14.2,12.4,33,98,79,0.73,1981,80,20,189,0,None,137,139.50694400919437,19,88.5,137.97
18.8,18.9,41,75,86,1.28,958,80,32,179,0,None,97,50.95741970350016,-11,80.5,229.12
13.9,18.5,30,100,85,1.36,1502,61,32,80,1,Gearbox,121,108.05747621764301,15,92.5,108.80000000000001
11.7,13.3,21,83,93,1.46,1837,60,23,146,1,Generator,130,157.0084128133224,-10,88.0,213.16
14.3,10.7,25,99,93,0.92,1583,61,29,241,0,None,134,110.69922328725644,6,96.0,221.72
22.9,19.9,26,89,80,1.06,1546,67,31,43,0,None,107,67.51088754983077,9,84.5,45.580000000000005
12.7,16.8,29,80,86,1.11,1687,76,22,30,0,None,122,132.8345410751645,-6,83.0,33.300000000000004
13.1,19.3,28,81,95,1.13,1239,70,21,200,0,None,134,94.58008047322102,-14,88.0,225.99999999999997
17.2,13.4,35,79,82,0.9,1329,66,15,52,0,None,131,77.26739693755992,-3,80.5,46.800000000000004
20.1,16.5,25,80,76,0.65,993,61,20,179,0,None,116,49.402960496039555,4,78.0,116.35000000000001
19.7,16.7,35,89,89,0.57,905,68,29,206,0,None,120,45.93906297509494,0,89.0,117.41999999999999
5.4,18.7,31,70,85,1.41,1191,61,24,152,0,None,107,220.55514712009793,-15,77.5,214.32
18.7,19.9,16,99,94,0.87,1796,63,28,193,0,None,137,96.04272938891476,5,96.5,167.91
14.0,11.1,43,93,87,0.68,1573,78,20,240,0,None,140,112.35706260209814,6,90.0,163.20000000000002
15.5,16.3,20,98,85,1.48,1053,75,27,276,1,Gearbox,129,67.93544004165159,13,91.5,408.48
16.2,13.4,29,92,93,1.3,1369,80,20,174,0,None,145,84.50612067523416,-1,92.5,226.20000000000002
19.6,18.1,43,84,83,1.48,921,78,29,210,0,None,109,46.9897719439939,1,83.5,310.8
21.6,17.5,22,76,87,0.78,1782,77,18,143,0,None,127,82.49996180557324,-11,81.5,111.54
17.9,18.9,16,85,92,0.96,1407,63,21,211,0,None,135,78.60330804284467,-7,88.5,202.56
16.3,13.4,30,91,87,1.31,1205,73,19,91,1,Gearbox,140,73.9263350145184,4,89.0,119.21000000000001
12.5,11.8,22,96,81,1.05,1745,72,16,53,0,None,145,139.59988832008935,15,88.5,55.650000000000006
7.8,10.2,32,80,86,0.85,1967,78,33,86,0,None,100,252.17916387286684,-6,83.0,73.1
24.2,12.6,40,85,84,0.66,1344,76,17,112,0,None,135,55.537167133402015,1,84.5,73.92
14.2,13.7,30,89,95,1.06,1742,75,23,144,0,None,138,122.67596994650005,-6,92.0,152.64000000000001
16.3,19.5,34,88,76,1.1,1253,66,22,112,0,None,120,76.87111848397639,12,82.0,123.20000000000002
20.0,14.9,35,72,90,1.22,1734,62,19,144,0,None,124,86.69995665002168,-18,81.0,175.68
6.4,15.6,40,85,75,1.29,1962,67,24,105,0,None,112,306.5620209968422,10,80.0,135.45000000000002
22.1,18.8,36,94,87,0.62,1615,64,25,189,0,None,131,73.076890010457,7,90.5,117.17999999999999
20.9,18.9,44,94,84,1.13,1163,75,20,182,1,Blades,138,55.64590638951848,10,89.0,205.65999999999997
20.5,15.3,29,85,93,1.28,1659,69,26,93,0,None,126,80.92678979180985,-8,89.0,119.04
5.4,11.1,17,99,86,0.89,1829,65,28,253,0,None,129,338.7030764757843,13,92.5,225.17000000000002
15.5,12.7,27,95,92,0.78,1344,73,25,33,0,None,137,86.70962147766356,3,93.5,25.740000000000002
6.1,14.6,40,92,88,0.98,1584,61,33,196,0,None,114,259.6717054562206,4,90.0,192.07999999999998
16.0,17.5,19,85,84,0.81,1178,78,18,159,0,None,133,73.62495398440376,1,84.5,128.79000000000002
19.4,17.1,37,88,82,1.01,1400,72,32,228,0,None,106,72.1649112552004,6,85.0,230.28
7.4,16.4,31,77,77,0.81,1082,69,18,113,0,None,118,146.21601862700186,0,77.0,91.53
18.9,18.8,42,86,75,0.92,1819,65,24,65,0,None,113,96.24333532098662,11,80.5,59.800000000000004
14.0,18.0,37,86,75,1.42,1006,71,18,217,0,None,125,71.85709153064892,11,80.5,308.14
21.2,19.8,35,76,80,1.42,961,66,27,46,0,None,102,45.3301672970909,-4,78.0,65.32
15.7,18.9,42,99,86,1.49,1488,68,22,115,1,Gearbox,141,94.77700969617217,13,92.5,171.35
11.7,12.0,42,77,95,0.99,1541,78,24,280,0,None,124,131.70928913735972,-18,86.0,277.2
11.6,10.6,27,73,89,0.67,1910,64,18,133,0,None,126,164.65503046980132,-16,81.0,89.11
22.9,14.1,43,84,76,1.39,1124,67,24,278,1,Blades,112,49.08294799871267,8,80.0,386.41999999999996
14.1,16.2,17,91,88,1.1,1756,73,30,235,0,None,119,124.53891876672428,3,89.5,258.5
13.1,16.4,38,76,85,1.25,1608,74,34,295,0,None,93,122.74799790229169,-9,80.5,368.75
5.8,12.7,25,75,88,0.66,1716,62,21,239,0,None,121,295.8615588593813,-13,81.5,157.74
12.3,18.6,30,78,87,0.82,1073,79,24,192,0,None,117,87.23570143438907,-9,82.5,157.44
22.0,13.3,40,79,78,0.78,1391,61,31,49,0,None,95,63.22724398761637,1,78.5,38.22
20.2,19.2,34,77,93,1.06,1292,61,26,237,0,None,118,63.96036437605724,-16,85.0,251.22
9.4,14.7,29,84,86,1.5,1670,75,30,68,0,None,110,177.65938546873886,-2,85.0,102.0
13.3,10.1,20,71,89,1.11,1553,75,31,79,0,None,98,116.76682949862443,-18,80.0,87.69000000000001
8.9,11.6,43,73,83,1.07,1964,73,30,121,0,None,96,220.67390935515803,-10,78.0,129.47
24.1,11.0,25,92,77,1.26,1053,70,34,227,0,None,101,43.69292792824567,15,84.5,286.02
17.0,10.4,18,82,89,0.83,1421,66,30,230,0,None,111,83.5881861245964,-7,85.5,190.89999999999998
20.1,17.1,32,81,94,0.75,1663,77,17,205,0,None,141,82.7362772456332,-13,87.5,153.75
19.3,11.9,27,70,87,1.34,1306,74,31,179,0,None,95,67.66835872105766,-17,78.5,239.86
22.5,18.4,33,79,79,1.46,1916,79,17,75,0,None,124,85.15551770865879,0,79.0,109.5
24.0,12.6,22,95,87,0.92,1838,69,23,118,0,None,136,76.5833014236244,8,91.0,108.56
5.6,10.3,26,80,84,0.54,1860,69,22,257,0,None,120,332.1422640316714,-4,82.0,138.78
24.5,18.2,44,99,83,0.68,1570,76,18,292,1,Blades,146,64.08160649730347,16,91.0,198.56
22.4,14.7,43,82,93,1.36,1419,80,17,44,1,Generator,141,63.34818600527411,-11,87.5,59.84
12.7,16.0,41,84,90,0.62,1305,78,21,194,0,None,132,102.75582460171292,-6,87.0,120.28
21.7,13.4,38,94,85,1.26,1032,66,29,103,0,None,121,47.55758177069965,9,89.5,129.78
19.7,10.5,20,99,83,1.12,1943,79,19,138,0,None,144,98.62939155868449,16,91.0,154.56
20.9,13.7,29,81,80,1.23,1190,64,34,298,0,None,93,56.93777180010919,1,80.5,366.54
9.4,15.2,37,74,82,0.76,1782,68,15,176,0,None,126,189.57426641035488,-8,78.0,133.76
18.0,10.1,23,86,86,0.52,913,78,26,84,0,None,120,50.722194043225535,0,86.0,43.68
5.5,15.7,16,88,76,0.54,1320,66,26,39,0,None,112,239.99956363715705,12,82.0,21.060000000000002
22.0,18.9,28,99,82,1.22,1528,67,20,213,0,None,141,69.45451388431187,17,90.5,259.86
24.0,12.2,28,82,85,1.11,1246,80,27,145,0,None,113,51.91664503473124,-3,83.5,160.95000000000002
18.2,19.3,17,73,87,1.34,1113,69,26,214,0,None,108,61.15381255285025,-14,80.0,286.76
15.3,11.0,25,90,90,0.9,979,79,29,75,0,None,122,63.98688628308086,0,90.0,67.5
19.5,18.3,43,71,75,1.06,1988,65,32,85,0,None,82,101.94866566735094,-4,73.0,90.10000000000001
11.5,18.4,23,83,81,1.28,1875,70,17,138,0,None,130,163.04333648405523,2,82.0,176.64000000000001
17.5,12.6,32,82,80,1.0,1244,68,32,97,0,None,98,71.08567366532934,2,81.0,97.0
19.4,19.6,30,78,85,1.49,917,71,15,161,0,None,133,47.26801687215625,-7,81.5,239.89
7.9,14.2,41,99,84,1.24,1495,78,16,172,0,None,151,189.24026678447242,15,91.5,213.28
7.8,11.4,35,82,77,1.18,1254,80,33,188,0,None,93,160.76902465509662,5,79.5,221.83999999999997
19.3,15.9,20,97,90,1.3,1027,70,29,287,0,None,129,53.21240766196494,7,93.5,373.1
13.6,20.0,19,85,89,1.28,1769,64,28,233,0,None,118,130.073433769534,-4,87.0,298.24
22.8,19.0,32,95,91,0.72,1272,61,25,91,0,None,136,55.78944921515385,4,93.0,65.52
11.2,12.8,16,84,77,0.71,1970,63,31,190,0,None,99,175.8927000958035,7,80.5,134.9
5.8,15.8,27,100,85,1.11,1677,75,30,281,0,None,125,289.1374325216681,15,92.5,311.91
18.0,11.2,27,89,87,0.94,1824,72,22,177,0,None,132,101.33327703706831,2,88.0,166.38
18.7,14.6,21,75,76,1.37,1584,75,25,282,0,None,101,84.70583705570212,-1,75.5,386.34000000000003
16.1,15.2,24,70,94,0.79,1518,79,25,53,0,None,114,94.28565572319519,-24,82.0,41.870000000000005
18.7,13.2,25,98,91,0.83,1371,74,24,171,0,None,141,73.31546881525732,7,94.5,141.93
15.5,14.8,15,91,80,0.67,991,76,29,78,0,None,113,63.935442622295085,11,85.5,52.260000000000005
18.9,19.2,39,73,88,1.48,1711,69,31,130,0,None,99,90.52905263013089,-15,80.5,192.4
5.9,15.0,44,92,78,0.62,1274,70,34,186,0,None,102,215.9318374036654,14,85.0,115.32
12.4,18.3,24,77,92,1.48,1116,76,23,178,1,Generator,123,89.99992741941337,-15,84.5,263.44
9.2,13.2,18,94,77,1.21,1026,73,29,216,0,None,113,111.52161791128489,17,85.5,261.36
7.0,19.7,44,88,93,0.59,986,71,26,157,0,None,129,140.85694163294053,-5,90.5,92.63
9.7,10.9,37,74,92,0.65,1423,64,19,82,0,None,128,146.70087968981477,-18,83.0,53.300000000000004
8.8,15.9,42,72,85,0.83,1821,72,21,116,0,None,115,206.931583032292,-13,78.5,96.28
24.5,17.9,26,84,88,0.76,1042,66,32,250,0,None,108,42.53059488547147,-4,86.0,190.0
10.7,18.1,30,98,80,1.47,1466,72,31,235,1,Gearbox,116,137.00921774839463,18,89.0,345.45
9.6,12.0,43,87,83,1.11,1317,69,32,92,0,None,106,137.18735709650304,4,85.0,102.12
21.7,14.0,29,93,79,0.57,1494,62,16,228,0,None,140,68.84789454014077,14,86.0,129.95999999999998
13.4,16.2,35,84,86,1.03,964,77,35,180,0,None,100,71.94024482071282,-2,85.0,185.4
13.4,13.2,36,82,81,1.4,1489,72,26,110,0,None,111,111.1193200602089,1,81.5,154.0
13.9,16.6,40,95,82,0.92,1505,78,25,63,0,None,127,108.27330340050115,13,88.5,57.96
13.3,13.8,44,84,84,1.17,1857,79,30,253,0,None,108,139.62395516995852,0,84.0,296.01
11.5,13.5,25,74,92,1.27,1119,70,18,71,0,None,130,97.30426321368417,-18,83.0,90.17
10.7,11.1,22,78,86,0.69,1796,74,20,266,0,None,124,167.85031042027066,-8,82.0,183.54
22.6,10.4,17,87,91,1.36,1727,78,34,241,1,Generator,110,76.41589539119673,-4,89.0,327.76000000000005
8.2,18.4,41,82,92,0.95,1906,74,19,229,0,None,136,232.43874092836475,-10,87.0,217.54999999999998
8.6,14.9,24,81,80,0.56,1904,65,22,117,0,None,117,221.39509140105653,1,80.5,65.52000000000001
16.4,15.6,16,90,91,1.38,1743,65,20,125,1,Generator,141,106.28042299974209,-1,90.5,172.5
11.9,13.7,41,89,88,1.06,1918,68,25,164,0,None,127,161.17633514593686,1,88.5,173.84
13.4,11.4,30,79,85,0.7,1185,61,31,41,0,None,102,88.43276982629118,-6,82.0,28.7
21.1,14.5,40,81,77,0.82,1071,67,32,141,0,None,94,50.75826978281053,4,79.0,115.61999999999999
23.1,12.3,32,93,86,1.07,1208,63,21,164,0,None,137,52.29434965612569,7,89.5,175.48000000000002
20.8,18.4,24,98,78,0.87,1824,77,16,161,0,None,144,87.69226553256465,20,88.0,140.07
9.7,19.9,19,80,91,0.73,1245,76,17,75,0,None,137,128.35038314393492,-11,85.5,54.75
24.6,18.9,28,79,94,0.98,1801,64,31,218,0,None,111,73.2113523531088,-15,86.5,213.64
12.3,15.3,16,78,85,0.69,1309,66,24,237,0,None,115,106.42267770514007,-7,81.5,163.53
8.4,16.3,33,74,84,0.75,1779,71,31,69,0,None,96,211.7854621601641,-10,79.0,51.75
15.0,19.5,28,81,85,1.33,1832,65,15,30,0,None,136,122.1332519111654,-4,83.0,39.900000000000006
19.5,15.4,19,85,76,0.73,1646,61,16,178,0,None,129,84.41021312296763,9,80.5,129.94
6.7,16.4,31,86,80,1.2,1978,75,21,232,0,None,124,295.22343996501496,6,83.0,278.4
17.7,16.3,39,91,94,0.75,1703,62,19,244,0,None,147,96.21463490698594,-3,92.5,183.0
22.2,17.1,44,72,82,0.71,1170,74,28,217,1,Blades,98,52.702678962757226,-10,77.0,154.07
10.2,16.4,31,87,87,0.75,1983,63,27,97,0,None,120,194.41157410629992,0,87.0,72.75
18.9,16.7,19,78,88,0.97,1652,60,33,159,0,None,100,87.40736116012638,-10,83.0,154.23
13.0,17.3,39,77,93,0.65,1379,71,31,226,0,None,108,106.07684147935271,-16,85.0,146.9
13.3,18.1,36,94,80,0.61,1441,66,17,167,0,None,140,108.34578319865925,14,87.0,101.87
10.6,14.0,44,75,93,1.26,1743,63,33,102,0,None,102,164.4338071379178,-18,84.0,128.52
17.5,17.5,31,80,83,0.52,1729,74,17,32,0,None,129,98.79994354288941,-3,81.5,16.64
12.2,11.0,26,89,93,0.89,1825,73,19,128,0,None,144,149.5900413196383,-4,91.0,113.92
21.6,18.8,44,89,83,0.9,1165,68,25,164,1,Blades,122,53.9351602152036,6,86.0,147.6
24.3,12.9,31,71,77,1.39,1943,62,17,45,0,None,114,79.95881483176345,-6,74.0,62.55
23.7,14.0,15,72,76,1.27,1188,69,20,132,0,None,108,50.12656112803328,-4,74.0,167.64000000000001
8.3,18.0,29,90,94,1.01,1429,62,24,298,0,None,136,172.1684672669069,-4,92.0,300.98
5.3,16.4,15,99,77,0.98,1133,80,20,265,0,None,136,213.77318156003483,22,88.0,259.7
13.8,13.1,37,100,86,1.07,1378,65,34,218,0,None,118,99.85500010507239,14,93.0,233.26000000000002
19.6,12.3,32,100,86,0.86,1615,60,18,241,0,None,150,82.39791714391983,14,93.0,207.26
24.5,19.6,18,81,83,1.2,1441,64,26,202,0,None,112,58.81630252395816,-2,82.0,242.39999999999998
20.7,10.9,39,77,83,1.19,1173,72,25,277,0,None,110,56.6666392914786,-6,80.0,329.63
16.6,10.0,31,73,85,1.07,1326,80,24,225,0,None,110,79.87946995212653,-12,79.0,240.75
5.5,16.7,18,80,77,0.56,1554,71,20,181,0,None,117,282.54494082738034,3,78.5,101.36000000000001
21.5,16.1,20,78,91,0.63,1888,69,19,253,0,None,131,87.8139126446918,-13,84.5,159.39000000000001
8.5,17.4,40,87,83,0.54,1366,80,21,115,0,None,128,160.70569328741968,4,85.0,62.1
6.1,17.3,26,81,80,1.22,1532,63,27,217,0,None,107,251.14712926700122,1,80.5,264.74
22.0,18.6,40,77,81,0.98,1902,64,27,155,0,None,104,86.45450615704266,-4,79.0,151.9
16.3,19.2,17,88,87,1.45,1825,68,30,217,0,None,115,111.96312149501749,1,87.5,314.65
7.6,17.8,22,80,91,1.45,1104,75,21,290,1,Generator,129,145.26296675925428,-11,85.5,420.5
12.7,12.3,38,81,78,1.3,1298,66,29,150,0,None,101,102.20464393335124,3,79.5,195.0
6.7,14.6,34,88,87,0.94,1768,69,33,189,0,None,109,263.8802031638759,1,87.5,177.66
17.8,16.4,24,74,83,0.82,1704,79,32,278,0,None,93,95.73028329759366,-9,78.5,227.95999999999998
10.6,15.4,43,93,92,0.7,1744,77,24,117,0,None,137,164.52814667155977,1,92.5,81.89999999999999
22.3,11.6,21,99,94,0.73,1075,79,28,165,0,None,137,48.20625640975049,5,96.5,120.45
12.2,15.9,40,85,89,1.49,1406,63,32,239,0,None,110,115.2458071755679,-4,87.0,356.11
14.9,18.9,36,87,87,1.03,1665,70,18,265,0,None,138,111.74489144638159,0,87.0,272.95
6.3,14.2,19,82,91,0.51,1346,74,34,102,0,None,105,213.6504545230881,-9,86.5,52.02
10.5,16.7,32,99,85,0.54,1521,75,27,146,0,None,130,144.85700489809057,14,92.0,78.84
18.5,16.2,43,74,76,0.96,1736,71,21,228,0,None,108,93.83778711470967,-2,75.0,218.88
19.7,13.8,34,94,89,0.94,1454,76,25,281,0,None,133,73.80706913346745,5,91.5,264.14
9.9,15.7,31,90,87,0.91,1571,61,30,168,0,None,117,158.68670839726425,3,88.5,152.88
15.1,12.1,26,94,78,1.32,1277,64,31,241,1,Gearbox,110,84.56948041756264,16,86.0,318.12
21.4,15.5,39,99,79,1.2,1302,67,21,287,0,None,136,60.841093064909785,20,89.0,344.4
12.6,18.0,42,85,80,0.61,1106,75,22,126,0,None,121,87.77770811293007,5,82.5,76.86
7.7,17.6,38,79,90,0.86,1991,78,31,188,0,None,107,258.5710927648146,-11,84.5,161.68
13.6,13.6,37,93,85,1.1,1568,71,32,256,0,None,114,115.29403287203466,8,89.0,281.6
17.0,11.1,21,95,76,0.88,1114,74,29,295,0,None,113,65.52937321801575,19,85.5,259.6
5.1,18.0,40,91,92,0.71,1081,72,29,88,0,None,125,211.96036870515942,-1,91.5,62.48
12.0,12.7,16,95,88,1.13,1151,78,20,259,0,None,143,95.91658673617772,7,91.5,292.66999999999996
17.1,10.5,38,92,90,1.1,1690,78,34,143,0,None,114,98.83035156119792,2,91.0,157.3
24.0,14.5,21,99,94,1.47,1449,76,32,164,1,Gearbox,129,60.374974843760484,5,96.5,241.07999999999998
13.2,17.4,30,87,80,1.06,1489,66,32,298,0,None,103,112.80294484625391,7,83.5,315.88
8.3,18.1,36,81,87,1.37,1666,67,19,32,0,None,130,200.7226497317473,-6,84.0,43.84
15.7,19.8,38,90,90,1.45,1702,68,35,49,0,None,110,108.40757426269155,0,90.0,71.05
10.7,11.9,42,72,85,0.93,1721,60,24,289,0,None,109,160.84097117666246,-13,78.5,268.77000000000004
9.3,12.9,23,85,85,0.55,988,65,29,138,0,None,112,106.23644490704848,0,85.0,75.9
16.8,16.1,22,93,94,0.64,1816,74,33,199,0,None,121,108.09517375287277,-1,93.5,127.36
23.3,18.1,45,75,80,1.0,1092,71,17,158,1,Blades,121,46.86693267513619,-5,77.5,158.0
21.7,12.3,21,82,88,1.39,1598,79,21,116,0,None,128,73.64051905966863,-6,85.0,161.23999999999998
8.6,14.1,35,81,94,1.15,1148,61,22,259,0,None,131,133.48821687416643,-13,87.5,297.84999999999997
20.3,14.1,44,80,79,0.7,1809,68,30,203,1,Blades,99,89.11325659445488,1,79.5,142.1
9.6,17.7,42,90,84,1.2,1742,74,21,188,0,None,132,181.458144314433,6,87.0,225.6
10.8,12.4,28,85,95,1.39,1093,63,23,95,1,Generator,134,101.2036099966574,-10,90.0,132.04999999999998
23.4,19.7,34,94,76,0.53,1505,70,23,283,0,None,124,64.31621183067871,18,85.0,149.99
23.2,15.1,31,72,88,0.74,1694,60,33,178,0,None,94,73.01720990637504,-16,80.0,131.72
8.4,12.8,25,84,83,0.65,1086,64,15,223,0,None,137,129.28556037433287,1,83.5,144.95000000000002
6.3,12.8,19,70,90,1.28,1061,79,18,130,0,None,124,168.41243109137923,-20,80.0,166.4
10.9,10.2,39,77,81,1.39,1313,72,34,45,0,None,90,120.45860508384855,-4,79.0,62.55
16.6,16.9,18,93,82,1.05,1910,75,27,245,0,None,121,115.060171650499,11,87.5,257.25
22.5,17.8,33,73,85,1.35,975,62,17,245,0,None,124,43.33331407408264,-12,79.0,330.75
7.4,10.3,33,73,82,1.16,1295,65,24,68,0,None,107,174.9997635138331,-9,77.5,78.88
13.3,15.9,25,82,80,1.16,1787,64,34,40,0,None,94,134.36080123248027,2,81.0,46.4
10.4,17.8,19,93,82,1.08,1279,65,30,59,0,None,115,122.9806509801433,11,87.5,63.720000000000006
5.3,13.8,39,89,93,0.55,961,65,20,197,0,None,142,181.3204126029951,-4,91.0,108.35000000000001
20.8,14.3,29,93,82,1.44,1596,71,24,207,1,Gearbox,127,76.73073234099407,11,87.5,298.08
21.3,13.6,37,71,93,0.86,1954,74,25,229,0,None,114,91.7370461328422,-22,82.0,196.94
9.4,13.2,15,87,79,1.3,1538,71,30,50,0,None,106,163.61684721612,8,83.0,65.0
8.0,14.9,17,84,88,1.31,1796,66,31,153,0,None,110,224.4997193753508,-4,86.0,200.43
7.9,11.7,20,97,90,1.47,916,74,21,158,1,Gearbox,145,115.94922031744264,7,93.5,232.26
14.3,14.4,18,92,77,0.83,1627,71,30,60,0,None,109,113.77614421248656,15,84.5,49.8
9.9,19.4,21,83,86,1.5,1066,73,34,88,0,None,101,107.67665891246574,-3,84.5,132.0
15.2,10.3,36,87,75,0.8,1668,64,16,259,0,None,130,109.7367699100198,12,81.0,207.20000000000002
12.7,11.6,16,83,94,0.95,1527,79,31,47,0,None,115,120.23612579832616,-11,88.5,44.65
9.2,17.8,16,83,85,1.21,1144,67,27,150,0,None,114,124.34769092642293,-2,84.0,181.5
20.0,11.3,16,89,76,0.65,1544,67,23,167,0,None,119,77.1999614000193,13,82.5,108.55
8.0,12.7,36,76,89,0.77,1644,71,31,48,0,None,103,205.4997431253211,-13,82.5,36.96
21.0,14.5,31,80,93,1.23,1892,61,22,251,0,None,129,90.0951951927642,-13,86.5,308.73
16.2,19.4,26,78,90,1.47,1878,64,22,219,0,None,124,115.92585436675657,-12,84.0,321.93
21.6,11.8,35,94,78,1.23,1930,76,25,239,0,None,122,89.35181048527292,16,86.0,293.96999999999997
5.1,19.2,32,98,86,1.36,1825,76,24,296,1,Gearbox,136,357.8424356030675,12,92.0,402.56
20.0,17.2,15,82,90,0.54,1495,63,18,159,0,None,136,74.74996262501868,-8,86.0,85.86
6.0,16.7,40,72,91,1.08,1834,72,16,121,0,None,131,305.6661572230713,-19,81.5,130.68
24.0,17.2,26,73,75,1.41,1694,61,28,53,0,None,92,70.58330392362336,-2,74.0,74.72999999999999
19.1,10.3,27,82,81,1.18,1712,61,22,106,0,None,119,89.63346092488956,1,81.5,125.08
11.4,11.0,38,82,93,1.18,1070,76,25,172,0,None,125,93.85956678985369,-11,87.5,202.95999999999998
11.4,13.3,21,74,80,0.7,1098,69,19,242,0,None,116,96.3157049862237,-6,77.0,169.39999999999998
22.2,10.7,15,94,84,1.36,1098,79,26,132,1,Gearbox,126,49.4594371804337,10,89.0,179.52
23.1,19.9,42,85,89,1.37,1130,70,22,31,1,Blades,130,48.9177277412434,-4,87.0,42.470000000000006
22.8,15.8,30,73,95,1.11,1360,76,27,167,0,None,114,59.64909664513305,-22,84.0,185.37
21.2,14.9,25,73,84,0.93,1247,73,29,239,0,None,99,58.82072697135521,-11,78.5,222.27
21.4,17.9,40,83,85,1.32,954,69,15,208,0,None,138,44.57941842083252,-2,84.0,274.56
16.5,19.8,16,74,86,0.96,1696,71,24,269,0,None,112,102.78781649223244,-12,80.0,258.24
5.6,19.6,21,87,80,1.32,1344,79,30,105,0,None,107,239.99957142933675,7,83.5,138.6
6.7,17.9,20,82,82,0.98,986,62,30,146,0,None,104,147.16395945677692,0,82.0,143.07999999999998
18.0,13.8,37,98,84,1.08,1768,71,23,224,0,None,136,98.22216765435131,14,91.0,241.92000000000002
13.0,10.7,24,83,75,1.25,922,61,31,123,0,None,96,70.92302236690587,8,79.0,153.75
16.3,11.0,38,88,75,0.76,1516,71,28,175,0,None,107,93.00607791038165,13,81.5,133.0
9.6,10.0,16,94,79,0.75,1733,72,35,39,0,None,103,180.5206452909945,15,86.5,29.25
18.0,10.0,33,79,85,1.17,1310,76,25,72,0,None,114,72.77773734570148,-6,82.0,84.24
9.9,19.4,25,85,94,1.45,1531,76,23,133,1,Generator,133,154.64630843807228,-9,89.5,192.85
14.2,19.3,21,74,94,0.95,956,60,33,86,0,None,102,67.3238962507773,-20,84.0,81.7
14.6,16.7,40,83,88,1.4,1161,61,23,254,0,None,125,79.52049347911407,-5,85.5,355.59999999999997
8.6,17.3,27,81,92,1.02,1630,74,28,238,0,None,117,189.53466333178685,-11,86.5,242.76
22.5,15.1,32,83,93,1.47,1769,64,32,170,1,Generator,112,78.62218727902788,-10,88.0,249.9
15.5,12.4,16,73,92,1.29,1026,71,24,48,0,None,117,66.19350568160924,-19,82.5,61.92
22.3,19.1,39,82,86,1.36,1963,65,24,68,0,None,120,88.0268663556653,-4,84.0,92.48
10.3,12.8,24,96,89,1.18,1334,77,21,108,0,None,143,129.51443736462392,7,92.5,127.44
8.4,17.4,36,98,75,1.37,1917,74,34,296,1,Gearbox,105,228.2140140309357,23,86.5,405.52000000000004
5.4,12.5,38,77,88,1.09,1494,69,34,126,0,None,97,276.66615432193646,-11,82.5,137.34
6.9,18.7,19,79,84,1.07,1608,64,24,233,0,None,115,233.04314051718765,-5,81.5,249.31
7.9,16.5,24,70,88,1.37,1094,73,22,238,0,None,114,138.48083736602865,-18,79.0,326.06
6.6,16.4,37,73,89,0.52,1873,67,18,215,0,None,126,283.7874488068958,-16,81.0,111.8
22.9,11.0,22,80,77,0.98,996,72,25,205,0,None,107,43.493430788894855,3,78.5,200.9
23.2,14.2,40,91,92,1.37,1986,73,33,76,1,Gearbox,117,85.60341137783993,-1,91.5,104.12
23.7,15.2,24,79,79,0.7,1331,63,32,176,0,None,94,56.16031385640766,0,79.0,123.19999999999999
24.2,12.9,27,72,75,1.46,1081,61,17,148,0,None,113,44.6694030291723,-3,73.5,216.07999999999998
14.8,18.8,18,92,84,1.24,1566,70,25,95,0,None,126,105.81073931706803,8,88.0,117.8
15.6,18.4,19,84,77,1.26,1852,63,31,45,0,None,99,118.71787261674832,7,80.5,56.7
7.6,14.9,23,86,94,1.17,1337,62,32,222,0,None,116,175.9208211568143,-8,90.0,259.74
7.7,13.4,16,80,81,0.95,909,62,34,52,0,None,93,118.05179473792892,-1,80.5,49.4
20.5,18.0,21,88,79,0.96,1859,74,19,295,0,None,129,90.6828825937158,9,83.5,283.2
22.1,12.0,27,97,80,1.34,1539,78,23,113,1,Gearbox,131,69.63797753937668,17,88.5,151.42000000000002
20.7,10.7,26,87,81,0.64,1002,79,34,297,0,None,100,48.40577371701753,6,84.0,190.08
21.7,10.5,21,88,76,1.02,1897,79,20,70,0,None,124,87.41931455331127,12,82.0,71.4
10.5,10.4,17,81,86,0.81,1751,73,22,148,0,None,123,166.76174594119433,-5,83.5,119.88000000000001
14.3,14.9,25,72,75,1.48,1486,79,20,85,0,None,107,103.91601124754457,-3,73.5,125.8
14.2,12.6,37,83,90,0.5,1391,63,26,235,0,None,121,97.95767749459333,-7,86.5,117.5
24.9,16.9,30,98,90,0.56,1676,72,26,66,0,None,136,67.30920991597996,8,94.0,36.96
24.0,16.5,43,90,83,1.47,1298,75,31,183,1,Blades,111,54.0833107986205,7,86.5,269.01
17.0,15.4,19,85,94,1.04,1620,79,23,236,0,None,133,95.29406159172848,-9,89.5,245.44
7.8,13.5,21,89,91,0.64,1066,67,20,287,0,None,140,136.66649145321608,-2,90.0,183.68
10.2,18.5,23,87,77,0.95,1057,72,32,286,0,None,100,103.6273493849516,10,82.0,271.7
12.3,17.1,15,97,95,0.82,1242,68,28,116,0,None,136,100.97552766217262,2,96.0,95.11999999999999
22.5,12.7,43,77,92,1.41,1874,71,18,288,1,Generator,133,83.28885187162139,-15,84.5,406.08
8.4,15.0,28,97,89,1.19,1835,70,26,32,0,None,134,218.45212089033228,8,93.0,38.08
9.4,11.6,29,91,88,0.63,1441,77,24,186,0,None,131,153.2977092577561,3,89.5,117.18
12.0,13.3,20,74,87,1.04,1544,76,32,51,0,None,97,128.6665594445338,-13,80.5,53.04
23.5,20.0,41,81,95,0.63,1590,68,27,43,1,Blades,122,67.65954567678908,-14,88.0,27.09
15.1,12.2,36,83,85,1.17,1311,66,31,86,0,None,106,86.82113455554003,-2,84.0,100.61999999999999
17.9,17.0,28,72,78,1.23,1671,77,24,220,0,None,102,93.35190315536137,-6,75.0,270.6
12.7,12.4,41,87,81,1.06,1569,79,35,105,0,None,98,123.54320980849623,6,84.0,111.30000000000001
8.8,19.4,42,78,83,1.47,1290,60,31,202,0,None,99,146.59074251051987,-5,80.5,296.94
9.5,13.1,16,84,81,1.44,1212,70,27,189,0,None,111,127.5788130749336,3,82.5,272.15999999999997
21.1,13.5,19,83,76,0.71,1979,75,31,161,0,None,97,93.7914247434006,7,79.5,114.30999999999999
22.9,15.9,16,86,76,0.5,1213,80,21,291,0,None,120,52.96940918366412,10,81.0,145.5
14.9,15.9,32,95,75,1.16,1091,71,35,67,0,None,100,73.22142736816956,20,85.0,77.72
12.1,15.8,22,93,89,0.98,1818,74,23,179,0,None,136,150.24780971255396,4,91.0,175.42
21.2,15.7,40,96,88,0.83,1792,79,22,49,0,None,140,84.52826201497075,8,92.0,40.669999999999995
18.5,13.1,29,87,76,1.42,1163,68,31,37,0,None,101,62.8648308838752,11,81.5,52.54
5.8,14.3,40,88,81,1.48,1834,78,28,181,0,None,113,316.2063513683597,7,84.5,267.88
12.0,15.9,32,83,81,1.43,1903,65,30,120,0,None,104,158.5832011806657,2,82.0,171.6
18.6,16.7,39,92,84,1.0,1265,75,31,113,0,None,114,68.0107161232709,8,88.0,113.0
16.5,12.5,26,76,82,1.2,1261,79,28,135,0,None,102,76.42419610654781,-6,79.0,162.0
24.6,17.0,43,84,91,0.67,1044,73,32,231,1,Blades,111,42.43900713861498,-7,87.5,154.77
22.3,19.2,35,91,93,1.45,1572,68,30,232,1,Gearbox,124,70.49324193128164,-2,92.0,336.4
6.2,17.6,33,93,79,0.78,1663,62,27,94,0,None,118,268.2253738300422,14,86.0,73.32000000000001
19.5,10.8,26,77,77,0.69,981,64,30,246,0,None,94,50.30766650888897,0,77.0,169.73999999999998
11.7,14.7,43,75,92,0.56,1130,75,25,105,0,None,117,96.58111403323588,-17,83.5,58.800000000000004
18.6,14.4,25,79,85,1.05,1197,80,25,90,0,None,114,64.35480411032037,-6,82.0,94.5
17.3,13.4,40,98,81,1.45,1391,77,22,110,1,Gearbox,135,80.40457780082208,17,89.5,159.5
15.1,14.9,27,74,76,0.64,1806,76,32,156,0,None,86,119.60256979962266,-2,75.0,99.84
22.1,14.4,38,99,87,0.62,1147,60,21,239,0,None,144,51.90042900433077,12,93.0,148.18
19.2,10.1,42,100,79,0.77,1788,75,20,119,0,None,139,93.1249514974211,21,89.5,91.63
22.8,12.4,29,94,76,1.17,1879,77,19,100,0,None,132,82.41224455603309,18,85.0,117.0
10.6,12.1,31,93,84,1.05,1121,66,28,281,0,None,121,105.75461721262528,9,88.5,295.05
12.0,13.5,25,99,87,0.6,1992,80,19,169,0,None,148,165.99986166678195,12,93.0,101.39999999999999
17.4,11.7,17,79,78,0.94,1468,61,32,170,0,None,93,84.36776760473127,1,78.5,159.79999999999998
24.3,10.7,35,74,88,0.57,1507,68,29,225,0,None,104,62.01643538418297,-14,81.0,128.25
12.4,12.0,19,95,79,1.35,1578,64,31,299,1,Gearbox,112,127.25796188874041,16,87.0,403.65000000000003
5.6,18.5,26,75,75,0.61,1783,79,18,276,0,None,114,318.39228858519897,0,75.0,168.35999999999999
13.9,18.0,25,71,78,0.97,1619,73,15,133,0,None,119,116.47473634911054,-7,74.5,129.01
15.9,14.4,20,76,87,1.01,1708,68,17,252,0,None,129,107.42131608722259,-11,81.5,254.52
21.0,18.8,35,83,88,1.03,1384,79,29,122,0,None,113,65.9047305215569,-5,85.5,125.66
19.6,12.3,20,85,92,1.11,1549,61,17,297,0,None,143,79.03057192317759,-7,88.5,329.67
24.3,15.8,38,72,76,1.2,1172,64,24,226,0,None,100,48.23043282698237,-4,74.0,271.2
20.7,11.4,22,83,94,0.5,1300,68,31,298,0,None,115,62.80190202806666,-11,88.5,149.0
11.0,18.3,24,88,85,0.53,1595,62,22,215,0,None,129,144.999868181938,3,86.5,113.95
17.8,11.3,25,98,80,1.11,945,80,16,84,0,None,146,53.08985781468662,18,89.0,93.24000000000001
18.4,10.3,20,77,82,0.68,1536,71,33,115,0,None,93,83.47821550096984,-5,79.5,78.2
25.0,12.7,28,76,76,1.33,1506,63,29,135,0,None,94,60.23997590400964,0,76.0,179.55
7.8,19.0,17,82,77,1.13,1105,65,16,207,0,None,127,141.6664850429679,5,79.5,233.90999999999997
8.8,11.3,28,100,93,1.48,1927,68,21,149,1,Gearbox,151,218.97702388974557,7,96.5,220.52
8.1,13.3,25,80,77,1.23,992,75,22,66,0,None,113,122.46898460619185,3,78.5,81.17999999999999
16.8,13.2,25,71,76,0.59,957,66,32,73,0,None,83,56.96425180699297,-5,73.5,43.07
7.7,18.0,35,78,87,0.67,1847,66,17,40,0,None,131,239.86981835088525,-9,82.5,26.8
18.1,14.2,38,87,83,0.55,1824,73,30,38,0,None,110,100.77342498705801,4,85.0,20.900000000000002
21.1,16.1,26,82,83,1.24,1336,61,34,296,0,None,97,63.31750553672723,-1,82.5,367.04
13.7,14.0,23,93,77,0.63,1973,74,23,73,0,None,124,144.0144934200778,16,85.0,45.99
16.2,15.5,30,88,76,1.16,1973,71,15,228,0,None,134,121.79004827774799,12,82.0,264.47999999999996
23.3,10.6,39,87,92,1.06,1037,69,20,189,0,None,139,44.5064186667731,-5,89.5,200.34
16.4,13.7,34,80,83,1.13,1427,68,18,117,0,None,127,87.01214206576704,-3,81.5,132.20999999999998
9.2,18.6,16,87,77,1.01,959,64,31,199,0,None,102,104.23901713150313,10,82.0,200.99
11.9,16.9,29,88,79,0.51,1294,65,22,261,0,None,123,108.73940442066855,9,83.5,133.11
15.6,19.8,45,75,77,0.75,979,70,33,184,0,None,86,62.75637002796793,-2,76.0,138.0
8.1,17.9,26,92,85,1.38,1077,64,33,74,1,Gearbox,111,132.9627988113595,7,88.5,102.11999999999999
17.3,14.5,28,82,91,1.43,1882,71,22,36,1,Generator,129,108.78606428551197,-9,86.5,51.48
25.0,16.8,24,92,83,0.6,1829,73,27,248,0,None,121,73.1599707360117,9,87.5,148.79999999999998
18.1,17.8,30,75,87,1.45,1844,69,34,167,0,None,94,101.87839675226698,-12,81.0,242.15
12.4,12.7,20,90,89,1.17,936,62,17,134,0,None,145,75.48381009370154,1,89.5,156.78
11.6,10.6,22,71,89,1.42,1526,79,30,160,0,None,100,131.55161073137006,-18,80.0,227.2
23.6,14.1,36,75,87,0.9,1751,77,16,60,0,None,130,74.1948838157272,-12,81.0,54.0
22.4,11.4,19,97,86,0.6,1661,79,24,71,0,None,135,74.15175261082473,11,91.5,42.6
14.4,12.8,43,84,85,0.8,1451,67,25,75,0,None,119,100.76381891401465,-1,84.5,60.0
12.1,19.5,24,85,84,1.19,1034,61,26,33,0,None,117,85.45447483101255,1,84.5,39.269999999999996
19.2,18.5,32,97,82,1.3,1751,69,32,114,0,None,115,91.19786916777647,15,89.5,148.20000000000002
11.3,15.9,25,85,85,0.55,1879,69,19,209,0,None,132,166.28303868757638,0,85.0,114.95
7.4,14.0,29,90,85,0.99,1195,74,24,193,0,None,127,161.48626826179964,5,87.5,191.07
11.2,12.6,42,77,81,0.56,1494,75,20,245,0,None,118,133.3927380421982,-4,79.0,137.20000000000002
13.7,15.7,17,72,81,1.36,1439,68,27,160,0,None,99,105.0364196814455,-9,76.5,217.60000000000002
10.1,15.3,41,81,84,0.98,1706,80,26,212,0,None,113,168.91072385076848,-3,82.5,207.76
9.3,17.8,32,94,91,1.41,1919,62,31,75,1,Gearbox,123,206.34386414638263,3,92.5,105.75
5.1,19.3,35,83,80,0.58,1398,78,19,252,0,None,125,274.117109574295,3,81.5,146.16
17.6,13.3,17,75,92,0.83,1409,75,31,103,0,None,105,80.05677269501551,-17,83.5,85.49
17.3,12.1,38,86,89,1.18,1149,71,22,168,0,None,131,66.4161465802621,-3,87.5,198.23999999999998
8.8,14.0,19,78,80,0.79,1097,75,26,267,0,None,106,124.65894925119403,-2,79.0,210.93
23.9,14.4,44,98,75,1.34,942,75,20,88,1,Gearbox,133,39.414209450121575,23,86.5,117.92
13.2,10.4,39,87,77,1.49,1799,63,25,56,0,None,114,136.287775539564,10,82.0,83.44
5.5,18.6,30,99,93,0.78,1343,71,18,279,0,None,156,244.18137421568326,6,96.0,217.62
9.4,20.0,43,71,91,0.86,981,69,29,242,0,None,104,104.36159110469032,-20,81.0,208.12
18.8,19.2,20,70,83,1.47,1506,70,16,60,0,None,121,80.10634036896789,-13,76.5,88.2
9.0,18.6,45,84,76,0.86,1269,63,27,114,0,None,106,140.9998433335074,8,80.0,98.03999999999999
6.1,19.9,37,96,91,1.06,1969,68,30,281,0,None,127,322.7863560879409,5,93.5,297.86
17.4,19.1,18,86,80,1.27,1393,70,33,137,0,None,100,80.0574252543533,6,83.0,173.99
15.4,16.9,31,96,94,0.94,1013,74,31,276,0,None,128,65.77917806546878,2,95.0,259.44
20.2,11.7,36,74,85,0.87,1602,68,33,51,0,None,93,79.30689143223196,-11,79.5,44.37
20.5,11.6,33,91,89,1.0,1773,73,27,140,0,None,126,86.48776268889625,2,90.0,140.0
24.2,10.5,28,90,84,1.28,1539,72,16,229,0,None,142,63.59501504338222,6,87.0,293.12
6.1,14.1,22,86,76,0.81,1752,76,34,239,0,None,94,287.2126439136985,10,81.0,193.59
5.8,18.1,22,82,76,0.85,1230,68,31,151,0,None,96,212.06859988172437,6,79.0,128.35
24.7,14.9,43,89,95,0.69,1484,77,27,132,1,Blades,130,60.08094733564886,-6,92.0,91.08
17.9,13.7,22,87,83,1.2,1810,61,24,91,0,None,122,101.11726194566373,4,85.0,109.2
19.3,11.1,44,78,79,1.4,983,78,17,141,0,None,123,50.932616097090104,-1,78.5,197.39999999999998
6.9,10.5,21,73,89,0.69,1185,79,15,58,0,None,132,171.73888153785285,-16,81.0,40.019999999999996
6.4,14.0,27,82,93,0.53,1590,68,24,111,0,None,127,248.43711181701278,-11,87.5,58.830000000000005
8.2,11.0,15,85,80,0.88,1457,79,34,130,0,None,97,177.68271014303645,5,82.5,114.4
13.5,11.0,42,85,86,0.91,1747,77,26,231,0,None,119,129.4073115501396,-1,85.5,210.21
7.2,14.0,18,83,80,1.15,1096,61,23,98,0,None,117,152.22201080276278,3,81.5,112.69999999999999
13.9,15.0,26,80,91,0.59,1832,73,24,63,0,None,123,131.7984663320386,-11,85.5,37.169999999999995
16.2,11.9,40,81,77,1.32,1580,78,21,240,0,None,116,97.53080399333088,4,79.0,316.8
5.0,16.8,39,78,82,1.07,1124,64,35,207,0,None,90,224.79955040089922,-4,80.0,221.49
7.3,14.2,40,87,83,1.05,962,78,18,76,0,None,134,131.78064139638167,4,85.0,79.8
12.5,10.9,42,95,88,0.82,1980,64,29,235,0,None,125,158.3998732801014,7,91.5,192.7
6.1,16.4,42,96,79,0.87,1388,73,24,221,0,None,127,227.540610589163,17,87.5,192.27
7.7,13.6,38,100,85,0.56,1194,68,18,99,0,None,149,155.06473368216405,15,92.5,55.440000000000005
9.6,10.5,32,73,86,1.25,1098,71,27,68,0,None,105,114.37488085949911,-13,79.5,85.0
13.6,19.5,32,76,93,1.1,1169,66,27,33,0,None,115,85.95581915013298,-17,84.5,36.300000000000004
19.3,15.7,15,92,86,1.48,1439,68,19,205,1,Gearbox,140,74.55954686033841,6,89.0,303.4
7.7,14.8,37,89,78,0.85,1838,70,24,279,0,None,119,238.70098870001468,11,83.5,237.15
19.8,18.6,22,74,77,1.17,1129,70,33,86,0,None,85,57.02017322213474,-3,75.5,100.61999999999999
22.1,19.4,40,89,93,1.42,1305,80,17,31,1,Generator,148,59.049747036313555,-4,91.0,44.019999999999996
18.0,12.2,32,82,95,1.21,1777,77,35,241,0,None,107,98.72216737657368,-13,88.5,291.61
5.9,18.1,45,99,78,0.54,1631,63,15,56,0,None,147,276.44020942337386,21,88.5,30.240000000000002
13.8,18.3,21,96,90,1.13,932,79,27,42,0,None,132,67.53618294479496,6,93.0,47.459999999999994
18.2,10.5,37,72,80,1.05,1175,71,26,256,0,None,100,64.56040408769006,-8,76.0,268.8
24.6,17.1,31,73,92,1.0,1040,72,15,176,0,None,135,42.27640557869692,-19,82.5,176.0
24.0,10.6,43,83,77,1.05,945,66,27,168,1,Blades,106,39.37498359375684,6,80.0,176.4
12.9,15.9,23,70,84,0.96,1942,66,31,216,0,None,92,150.54251895928763,-14,77.0,207.35999999999999
17.3,16.7,17,73,87,1.19,1583,63,16,291,0,None,128,91.50283728159694,-14,80.0,346.28999999999996
22.8,13.7,31,98,92,0.51,1496,77,25,260,0,None,140,65.61400630964636,6,95.0,132.6
21.6,18.8,31,94,92,0.69,1846,70,30,50,0,None,126,85.46292339679472,2,93.0,34.5
14.6,18.0,24,90,79,0.87,1551,62,31,171,0,None,107,106.23280395013428,11,84.5,148.77
10.2,19.3,45,95,94,0.95,1535,69,31,72,0,None,127,150.49004853916813,1,94.5,68.39999999999999
7.7,13.1,17,78,88,0.63,1122,67,17,196,0,None,132,145.7140964751994,-10,83.0,123.48
14.8,10.2,32,92,88,1.32,1582,74,28,141,1,Gearbox,124,106.89181966768942,4,90.0,186.12
19.5,18.1,23,88,93,1.43,1635,64,29,105,1,Generator,123,83.84611084814829,-5,90.5,150.15
24.4,12.2,15,95,81,1.25,1870,79,20,208,0,None,136,76.63931285274064,14,88.0,260.0
22.2,14.7,45,78,83,1.43,1368,76,35,219,1,Blades,91,61.62159386414691,-5,80.5,313.16999999999996
9.1,18.2,29,93,95,1.24,1124,68,29,231,0,None,130,123.51634778423322,-2,94.0,286.44
19.4,12.2,41,96,75,0.94,1526,64,33,118,0,None,105,78.65975326816843,21,85.5,110.91999999999999
10.8,13.1,40,86,92,0.89,1970,75,29,145,0,None,120,182.4072385118162,-6,89.0,129.05
18.7,14.4,39,82,92,0.67,983,62,18,297,0,None,138,52.56681680918887,-10,87.0,198.99
18.3,12.7,29,98,80,0.59,904,62,20,222,0,None,138,49.398880109901576,18,89.0,130.98
10.4,14.6,42,75,91,0.72,940,74,23,247,0,None,120,90.38452847641493,-16,83.0,177.84
9.7,10.1,26,71,82,1.03,1814,64,24,193,0,None,105,187.01011648441602,-11,76.5,198.79
7.1,12.1,27,75,88,0.63,901,73,28,42,0,None,107,126.90122971657787,-13,81.5,26.46
6.0,18.3,23,91,84,1.45,1144,67,27,130,1,Gearbox,121,190.66634888941854,7,87.5,188.5
22.2,14.1,28,94,77,0.72,1980,62,17,276,0,None,137,89.18914901389684,17,85.5,198.72
6.0,16.4,45,92,93,1.33,1720,72,32,188,1,Gearbox,121,286.6661888896852,-1,92.5,250.04000000000002
6.8,12.3,32,83,86,1.32,1141,73,32,250,0,None,105,167.79387089136634,-3,84.5,330.0
9.8,16.5,40,99,85,0.64,1144,71,32,184,0,None,120,116.734574760638,14,92.0,117.76
22.8,20.0,23,83,93,1.21,1404,67,19,112,0,None,138,61.578920360122645,-10,88.0,135.51999999999998
11.7,16.0,44,99,82,1.32,984,78,21,82,1,Gearbox,139,84.10249222009213,17,90.5,108.24000000000001
8.8,16.3,15,98,86,1.38,1618,74,30,178,1,Gearbox,124,183.86342742792337,12,92.0,245.64
19.3,11.1,43,82,93,1.45,1446,71,23,53,1,Generator,129,74.92224097293214,-11,87.5,76.85
11.4,14.0,42,75,82,1.43,1361,70,24,132,0,None,109,119.38586018784194,-7,78.5,188.76
11.7,18.6,17,73,91,0.81,1439,77,27,269,0,None,110,122.99134787064285,-18,82.0,217.89000000000001
19.8,18.3,33,86,85,0.77,1199,79,16,127,0,None,139,60.555524971957084,1,85.5,97.79
10.0,15.2,39,93,78,0.9,1135,71,16,271,0,None,139,113.4998865001135,15,85.5,243.9
22.9,19.0,27,75,76,0.97,975,61,16,199,0,None,119,42.57640062165912,-1,75.5,193.03
16.2,11.4,18,80,90,0.73,1588,70,19,63,0,None,132,98.02463084899331,-10,85.0,45.99
15.8,16.6,40,89,80,0.59,1443,73,35,191,0,None,99,91.32905612085055,9,84.5,112.69
10.3,12.5,29,84,91,1.16,1682,76,17,260,0,None,141,163.3008123293084,-7,87.5,301.59999999999997
21.7,16.5,23,88,79,0.67,1884,66,33,184,0,None,101,86.82023648837028,9,83.5,123.28
16.5,10.9,17,90,86,1.41,1992,74,17,100,0,None,142,120.727199559273,4,88.0,141.0
8.1,19.4,34,81,77,0.79,1150,61,30,119,0,None,98,141.9751333640329,4,79.0,94.01
9.1,17.9,16,94,90,0.7,1085,67,28,174,0,None,128,119.23063820808989,4,92.0,121.8
14.4,12.0,39,91,90,0.69,1903,66,30,270,0,None,121,132.15268600507918,1,90.5,186.29999999999998
20.6,16.4,38,91,93,0.79,1342,62,17,247,0,None,150,65.14559944388377,-2,92.0,195.13
23.8,17.6,25,74,86,1.11,1784,74,30,197,0,None,100,74.95795169833963,-12,80.0,218.67000000000002
18.3,12.1,29,84,77,1.48,1049,67,22,269,0,None,117,57.32237304788358,7,80.5,398.12
15.1,10.9,35,87,92,0.99,1224,64,20,260,0,None,139,81.05954896718612,-5,89.5,257.4
10.0,13.5,44,77,81,1.1,912,63,27,192,0,None,104,91.19990880009121,-4,79.0,211.20000000000002
18.5,11.4,31,93,93,1.34,1989,78,17,247,1,Gearbox,152,107.51345539813222,0,93.0,330.98
24.6,15.7,45,74,95,0.83,906,63,20,279,1,Blades,129,36.82925332144174,-21,84.5,231.57
14.5,14.2,25,74,78,0.68,1089,77,26,178,0,None,100,75.10339648041622,-4,76.0,121.04
8.2,14.6,31,82,77,0.93,1513,70,31,35,0,None,97,184.51197010735356,5,79.5,32.550000000000004
7.1,15.4,18,74,93,0.82,1835,61,32,61,0,None,103,258.45034021078845,-19,83.5,50.019999999999996
10.4,19.8,32,70,93,1.37,1773,79,24,169,1,Generator,115,170.4806053071103,-23,81.5,231.53000000000003
16.4,17.9,31,82,87,1.48,1178,71,35,111,0,None,99,71.82922449437531,-5,84.5,164.28
23.9,16.3,40,89,93,1.19,1868,66,30,171,0,None,122,78.15896311340457,-4,91.0,203.48999999999998
11.0,13.6,45,85,94,1.15,977,65,23,227,0,None,133,88.81810107445357,-9,89.5,261.04999999999995
11.1,10.3,45,72,86,1.21,1265,66,23,287,0,None,112,113.96386129381867,-14,79.0,347.27
14.6,11.2,22,77,89,0.97,1189,64,24,180,0,None,118,81.43830038472576,-12,83.0,174.6
23.4,17.3,25,86,87,1.13,1621,65,30,175,0,None,113,69.27347466945527,-1,86.5,197.74999999999997
13.4,13.7,23,92,78,0.57,942,68,21,31,0,None,128,70.29845500115299,14,85.0,17.669999999999998
9.5,13.3,21,94,84,0.99,1840,70,17,223,0,None,144,193.68400664841406,10,89.0,220.77
8.3,18.9,20,86,89,0.83,1957,75,26,202,0,None,123,235.78284845439944,-3,87.5,167.66
14.1,14.8,30,89,87,0.55,1160,66,27,146,0,None,122,82.26944519897503,2,88.0,80.30000000000001
21.0,19.0,41,97,79,1.04,1892,63,34,275,1,Blades,108,90.0951951927642,18,88.0,286.0
10.8,18.9,33,72,93,0.86,1897,60,18,209,0,None,129,175.64798551112452,-21,82.5,179.74
15.3,10.8,41,73,91,1.09,1589,67,26,244,0,None,112,103.8561412704959,-18,82.0,265.96000000000004
17.1,19.5,44,84,76,1.01,1458,76,19,138,0,None,122,85.26310803327016,8,80.0,139.38
14.0,10.8,26,88,82,0.78,1752,67,30,259,0,None,110,125.14276775516589,6,85.0,202.02
8.8,19.6,40,70,95,1.04,1470,64,22,213,0,None,121,167.0452647212901,-25,82.5,221.52
23.4,14.5,17,84,83,0.88,1719,78,28,205,0,None,111,73.46150706773203,1,83.5,180.4
16.3,17.6,29,75,88,1.42,1002,73,18,95,0,None,127,61.47235492493563,-13,81.5,134.9
19.6,17.1,26,89,77,0.88,1214,80,27,209,0,None,112,61.93874390880413,12,83.0,183.92
17.7,15.2,21,78,81,0.54,1334,71,15,45,0,None,129,75.36718905808529,-3,79.5,24.3
25.0,16.2,28,97,93,1.26,1126,71,32,136,0,None,126,45.039981984007206,4,95.0,171.36
14.1,19.5,28,72,85,1.46,1153,79,27,271,0,None,103,81.77299165036054,-13,78.5,395.65999999999997
13.5,19.3,39,94,92,0.67,1738,72,19,179,0,None,148,128.74064537729973,2,93.0,119.93
12.2,16.5,41,82,75,1.47,1091,70,22,136,0,None,113,89.42615620806869,7,78.5,199.92
12.2,16.6,35,96,88,1.12,1023,65,18,220,0,None,148,83.852390284926,8,92.0,246.40000000000003
10.5,12.5,34,94,81,1.35,1208,68,28,45,1,Gearbox,119,115.0475094785624,13,87.5,60.75000000000001
24.6,18.3,18,77,92,0.97,1076,71,22,216,0,None,125,43.739819617959505,-15,84.5,209.51999999999998
22.4,16.3,32,72,94,1.12,1123,71,34,69,0,None,98,50.13390619022046,-22,83.0,77.28
11.3,18.3,23,91,89,1.34,1761,69,33,182,1,Gearbox,114,155.84057005259288,2,90.0,243.88000000000002
11.1,16.6,24,76,78,1.48,1385,74,31,198,0,None,92,124.77466236516905,-2,77.0,293.04
7.1,13.0,18,98,84,0.68,1378,63,20,40,0,None,142,194.08423368417792,14,91.0,27.200000000000003
22.5,11.9,34,72,84,1.4,1477,77,21,41,0,None,114,65.64441526914877,-12,78.0,57.4
12.4,10.8,33,80,92,1.17,998,75,23,163,0,None,126,80.48380606144673,-12,86.0,190.70999999999998
16.5,15.9,22,70,84,1.45,1986,76,33,267,0,None,88,120.36356341602217,-14,77.0,387.15
23.0,12.8,23,80,82,0.82,1832,61,24,248,0,None,114,79.65213928167857,-2,81.0,203.35999999999999
13.2,16.3,38,86,87,0.74,1222,76,17,190,0,None,139,92.57568744266104,-1,86.5,140.6
21.1,10.6,39,90,88,0.87,962,75,20,267,0,None,138,45.592395453841014,2,89.0,232.29
13.6,13.8,30,92,91,1.38,1579,60,16,204,1,Gearbox,151,116.10285580672368,1,91.5,281.52
19.0,12.6,19,95,93,0.96,1551,69,16,117,0,None,156,81.63153598340212,2,94.0,112.32
13.6,13.7,17,73,93,1.45,1241,66,33,65,1,Generator,100,91.2499329044611,-20,83.0,94.25
12.9,10.5,23,93,88,0.74,1275,65,27,277,0,None,127,98.83713268439327,5,90.5,204.98
24.8,17.2,37,78,85,0.72,1478,63,17,245,0,None,129,59.59675016260074,-7,81.5,176.4
17.2,11.2,33,74,91,1.18,1867,65,27,292,0,None,111,108.54644851950668,-17,82.5,344.56
12.3,10.1,37,78,81,0.79,1020,75,34,197,0,None,91,82.92676184816109,-3,79.5,155.63
10.2,19.5,29,96,90,0.63,1461,78,15,97,0,None,156,143.2351536910258,6,93.0,61.11
5.8,11.9,38,89,85,0.88,1381,67,30,241,0,None,114,238.1030377533832,4,87.0,212.08
19.1,18.3,29,88,77,0.77,1413,66,19,281,0,None,127,73.97901885915243,11,82.5,216.37
12.4,19.6,18,88,90,0.91,1901,66,23,196,0,None,132,153.30632797876777,-2,89.0,178.36
21.4,15.3,17,82,88,0.69,1499,71,17,54,0,None,136,70.04669623986157,-6,85.0,37.26
12.3,15.3,40,83,77,1.46,1664,61,15,156,0,None,130,135.28444285817653,6,80.0,227.76
12.5,13.7,34,74,84,1.3,1904,71,17,113,0,None,124,152.3198781440975,-10,79.0,146.9
20.6,14.3,23,80,85,1.34,1233,78,26,98,0,None,113,59.854339876534034,-5,82.5,131.32000000000002
14.8,14.8,38,85,88,0.8,1295,70,33,196,0,None,107,87.49994087841833,-3,86.5,156.8
22.7,11.5,19,88,89,1.36,1149,68,15,209,0,None,147,50.616717789992165,-1,88.5,284.24
16.8,13.6,34,72,79,1.09,1617,61,16,282,0,None,119,96.24994270836743,-7,75.5,307.38
9.8,18.2,45,80,76,0.56,1179,71,18,142,0,None,120,120.30599968775542,4,78.0,79.52000000000001
16.4,11.8,20,80,91,0.65,1158,63,34,266,0,None,103,70.6097130428579,-11,85.5,172.9
5.1,17.3,19,85,95,0.95,1985,69,18,121,0,None,144,389.21492310799397,-10,90.0,114.94999999999999
11.2,16.5,29,91,94,0.89,1667,66,24,55,0,None,137,148.83915282218499,-3,92.5,48.95
9.2,10.6,34,89,85,1.3,1796,65,16,158,0,None,142,195.21717911176185,4,87.0,205.4
18.1,10.2,16,87,86,1.37,1966,79,32,296,0,None,109,108.6187245200417,1,86.5,405.52000000000004
7.7,13.5,30,79,94,1.36,1968,76,34,30,1,Generator,105,255.58408365703423,-15,86.5,40.800000000000004
10.8,16.9,17,95,86,0.88,1266,62,30,43,0,None,121,117.22211368322807,9,90.5,37.84
11.6,13.3,22,94,81,1.14,1471,66,26,222,0,None,123,126.81023550841768,13,87.5,253.07999999999998
5.1,16.7,36,76,89,1.0,1916,74,20,167,0,None,125,375.68553787149443,-13,82.5,167.0
5.9,16.7,37,90,85,1.39,928,76,19,213,0,None,137,157.28786900361186,5,87.5,296.07
11.2,18.1,37,97,91,1.39,1908,71,25,128,1,Gearbox,138,170.35699075268684,6,94.0,177.92
9.4,11.0,17,83,91,0.55,1844,78,21,146,0,None,132,196.17000407446375,-8,87.0,80.30000000000001
7.3,15.8,39,98,94,1.07,1415,67,28,118,0,None,136,193.8353509104782,4,96.0,126.26
8.1,10.6,28,71,78,1.0,1469,62,20,79,0,None,109,181.35780079283853,-7,74.5,79.0
21.7,11.8,29,85,85,1.27,952,79,18,95,0,None,134,43.87094752490898,0,85.0,120.65
18.7,13.3,28,78,91,0.7,1511,68,27,289,0,None,115,80.80209582775625,-13,84.5,202.29999999999998
14.7,17.1,41,78,84,1.19,1035,60,30,256,0,None,102,70.40811536862901,-6,81.0,304.64
23.2,19.7,35,96,88,1.24,1190,74,16,143,0,None,152,51.29308133918908,8,92.0,177.32
5.6,13.4,30,79,91,0.53,1784,65,27,271,0,None,116,318.57085969489344,-12,85.0,143.63
11.9,15.2,40,71,84,0.93,1455,62,31,172,0,None,93,122.26880481613041,-13,77.5,159.96
21.5,12.6,39,86,83,1.48,1727,77,15,261,0,None,139,80.32554403463068,3,84.5,386.28
17.6,16.8,15,99,79,0.8,1925,65,19,63,0,None,140,109.37493785514894,20,89.0,50.400000000000006
24.6,13.7,29,72,91,1.38,1088,71,21,69,1,Generator,121,44.227624297713696,-19,81.5,95.22
23.9,14.8,16,79,91,1.09,1185,72,15,195,0,None,140,49.58156921273255,-12,85.0,212.55
8.4,15.7,24,84,90,0.8,1546,79,29,136,0,None,116,184.0473999435715,-6,87.0,108.80000000000001
24.4,16.9,39,95,83,1.34,1945,68,23,242,1,Gearbox,132,79.71308208480244,12,89.0,324.28000000000003
23.9,10.6,43,78,87,1.49,1757,70,28,97,1,Blades,109,73.51461359221189,-9,82.5,144.53
12.5,15.5,22,80,77,1.24,1603,66,23,50,0,None,111,128.23989740808207,3,78.5,62.0
24.7,14.3,16,82,81,0.56,1647,69,18,145,0,None,127,66.68013494731379,1,81.5,81.2
5.7,11.3,27,81,84,0.55,1376,60,25,231,0,None,115,241.40308525774518,-3,82.5,127.05000000000001
18.2,12.1,25,76,76,0.99,1344,77,29,111,0,None,94,73.84611327136633,0,76.0,109.89
10.3,18.8,35,97,77,0.51,1986,61,18,145,0,None,138,192.8153467812167,20,87.0,73.95
7.6,18.7,30,94,92,1.18,1842,65,22,175,0,None,142,242.36810214723403,2,93.0,206.5
16.6,10.3,27,99,94,0.52,1737,74,30,152,0,None,133,104.6384911816318,5,96.5,79.04
11.1,16.9,22,81,81,1.47,1692,73,28,234,0,None,106,152.43229510604044,0,81.0,343.98
18.3,15.5,40,71,77,1.38,1524,75,35,206,0,None,78,83.27864301713497,-6,74.0,284.28
15.8,19.4,22,73,94,1.32,1262,70,18,74,1,Generator,131,79.87336716875495,-21,83.5,97.68
12.9,19.1,17,81,93,1.31,1376,79,22,221,1,Generator,130,106.66658397939226,-12,87.0,289.51
8.6,15.8,32,97,88,1.33,965,79,19,299,1,Gearbox,147,112.20917184980019,9,92.5,397.67
17.0,11.4,25,99,82,0.93,998,75,20,222,0,None,141,58.70584782008952,17,90.5,206.46
21.6,14.6,36,95,77,1.29,1323,66,19,108,0,None,134,61.249971643531644,18,86.0,139.32
17.0,17.3,17,77,94,0.87,1027,61,35,202,0,None,101,60.411729169571075,-17,85.5,175.74
17.2,19.5,44,90,93,1.35,1338,71,28,156,1,Generator,127,77.79065244729509,-3,91.5,210.60000000000002
15.2,13.6,21,88,90,1.12,1135,60,17,255,0,None,144,74.67100350591875,-2,89.0,285.6
12.8,17.8,26,95,94,0.86,1285,76,25,193,0,None,139,100.39054656988549,1,94.5,165.98
14.1,16.8,29,85,78,1.25,1317,72,17,196,0,None,129,93.40418907504322,7,81.5,245.0
24.8,10.8,42,80,77,0.74,1774,72,23,103,1,Blades,111,71.53222922087531,3,78.5,76.22
20.0,15.6,37,71,79,1.46,1654,61,28,86,0,None,94,82.69995865002068,-8,75.0,125.56
13.6,11.8,19,94,79,1.16,1796,72,16,234,0,None,141,132.05872642740704,15,86.5,271.44
14.1,16.8,28,86,92,0.9,1301,64,16,54,0,None,146,92.2694381067815,-6,89.0,48.6
15.0,16.1,31,86,93,1.05,1808,68,20,178,0,None,139,120.53325297783135,-7,89.5,186.9
18.2,19.7,36,99,79,1.24,1945,66,28,293,0,None,122,106.86807314941036,20,89.0,363.32
14.3,19.4,32,85,84,1.3,1205,65,33,165,0,None,103,84.26567533868857,1,84.5,214.5
18.7,10.1,29,79,84,1.47,1691,69,20,175,0,None,123,90.42775912954058,-5,81.5,257.25
11.6,10.8,38,80,79,0.71,963,75,34,103,0,None,91,83.01716981278464,1,79.5,73.13
13.2,17.7,26,70,92,1.0,1473,65,26,152,0,None,110,111.59082455240565,-22,81.0,152.0
22.3,16.9,45,74,85,0.59,1072,70,25,169,1,Blades,109,48.07172732209537,-11,79.5,99.71
11.6,18.0,43,71,86,0.58,1816,67,17,284,0,None,123,156.55158917966452,-15,78.5,164.72
24.3,12.7,36,77,80,0.6,1356,73,34,90,0,None,89,55.80244617183285,-3,78.5,54.0
8.5,18.5,41,72,86,0.76,1565,71,31,217,0,None,96,184.11743045008183,-14,79.0,164.92000000000002
9.8,14.4,27,80,91,1.2,1540,73,15,158,0,None,141,157.14269679316652,-11,85.5,189.6
14.3,12.6,32,74,81,1.36,1015,80,31,47,0,None,93,70.97897134337668,-7,77.5,63.92
20.9,10.1,23,98,77,0.94,1010,70,26,253,0,None,123,48.32533572950444,21,87.5,237.82
19.6,18.7,42,98,87,1.06,1529,62,17,253,0,None,151,78.01016428052843,11,92.5,268.18
8.5,15.4,29,88,88,0.71,1246,61,29,132,0,None,118,146.58806283757315,0,88.0,93.72
9.7,19.8,31,94,79,1.29,1023,61,28,86,0,None,117,105.46380880019713,15,86.5,110.94
16.5,17.1,41,90,80,1.39,1241,67,29,146,0,None,112,75.21207562904507,10,85.0,202.94
10.9,10.8,39,94,78,0.99,1110,74,33,158,0,None,106,101.83476895892755,16,86.0,156.42
13.4,15.9,25,89,93,0.66,944,77,30,117,0,None,122,70.44770862111297,-4,91.0,77.22
14.7,10.2,18,83,79,0.51,1318,72,33,154,0,None,96,89.65980295251501,4,81.0,78.54
16.9,15.6,20,96,75,1.04,1649,70,23,119,0,None,125,97.57390676100192,21,85.5,123.76
10.0,13.5,25,83,92,1.0,1025,77,26,283,0,None,123,102.4998975001025,-9,87.5,283.0
8.3,16.4,24,82,91,1.43,1544,61,35,130,1,Generator,103,186.02387226039485,-9,86.5,185.9
13.0,15.4,16,89,84,0.54,1067,66,27,176,0,None,119,82.07685994087697,5,86.5,95.04
6.6,12.6,28,98,91,0.65,975,61,23,75,0,None,143,147.72704889841077,7,94.5,48.75
15.5,11.6,18,83,84,0.7,1001,79,24,168,0,None,119,64.58060349638484,-1,83.5,117.6
21.8,14.0,22,87,79,1.05,1131,62,30,155,0,None,106,51.88071014646324,8,83.0,162.75
7.4,19.9,39,85,84,0.78,1412,79,22,155,0,None,125,190.8105529587122,1,84.5,120.9
7.3,14.4,30,97,85,0.71,1389,75,16,288,0,None,150,190.27371195381926,12,91.0,204.48
6.6,17.5,26,90,75,1.01,1424,70,33,176,0,None,99,215.75724885265328,15,82.5,177.76
22.0,10.6,21,83,77,0.54,1313,66,25,192,0,None,110,59.68179105373134,6,80.0,103.68
6.6,13.8,41,88,92,1.48,1868,71,25,139,1,Generator,130,283.0298741971603,-4,90.0,205.72
24.7,15.8,42,75,83,1.36,1873,73,22,209,1,Blades,114,75.82992881379401,-8,79.0,284.24
12.2,17.5,31,80,82,0.77,1624,70,33,272,0,None,96,133.11464498799592,-2,81.0,209.44
11.6,15.3,43,92,93,0.84,1256,78,19,182,0,None,147,108.27576872778559,-1,92.5,152.88
6.8,15.2,29,87,78,0.75,1104,63,23,113,0,None,119,162.35270242249646,9,82.5,84.75
16.7,17.6,18,79,79,1.43,1668,63,23,232,0,None,112,99.88017971246724,0,79.0,331.76
16.7,13.1,16,81,92,1.15,1996,76,25,173,0,None,123,119.52088651443923,-11,86.5,198.95
14.9,10.9,19,94,81,1.02,1801,71,34,55,0,None,107,120.87240209905899,13,87.5,56.1
11.2,13.5,34,86,88,1.01,1261,68,19,274,0,None,136,112.58918518822752,-2,87.0,276.74
12.4,11.6,25,77,90,0.67,1111,76,28,162,0,None,111,89.5967019381436,-13,83.5,108.54
11.4,19.7,34,79,79,1.46,1799,79,26,30,0,None,106,157.8068791167727,0,79.0,43.8
13.5,15.8,30,84,80,1.41,1342,70,20,282,0,None,124,99.40733377234535,4,82.0,397.62
11.8,14.5,25,93,85,1.45,1543,71,23,181,1,Gearbox,132,130.76260104864318,8,89.0,262.45
18.5,19.1,22,100,91,0.79,947,61,23,49,0,None,145,51.18916151937215,9,95.5,38.71
10.9,19.0,17,76,86,0.98,1787,70,20,259,0,None,122,163.94480372036355,-10,81.0,253.82
12.0,14.2,38,93,76,1.02,1122,60,25,206,0,None,119,93.49992208339826,17,84.5,210.12
13.7,18.7,40,89,82,0.99,1740,68,19,172,0,None,133,127.00720656408281,7,85.5,170.28
5.1,10.6,31,86,82,0.52,1626,79,19,246,0,None,130,318.8229042688152,4,84.0,127.92
14.8,18.9,20,99,91,1.33,1354,75,32,76,1,Gearbox,126,91.48642467133467,8,95.0,101.08000000000001
10.1,13.1,23,80,81,1.25,1487,75,34,195,0,None,93,147.22757700239902,-1,80.5,243.75
6.1,15.7,44,75,93,0.97,1491,76,23,42,0,None,122,244.42582881011674,-18,84.0,40.74
23.2,12.7,22,96,82,0.77,1148,77,15,84,0,None,148,49.482737291923584,14,89.0,64.68
11.4,19.8,17,72,79,1.13,1042,61,33,77,0,None,85,91.4034285934837,-7,75.5,87.00999999999999
13.5,10.7,32,95,86,0.64,1791,78,31,242,0,None,119,132.66656839513453,9,90.5,154.88
21.5,14.5,23,88,83,1.5,1659,75,23,224,0,None,125,77.16275480802102,5,85.5,336.0
8.3,16.2,44,75,88,0.63,1583,74,27,260,0,None,109,190.72266177992555,-13,81.5,163.8
22.0,16.2,32,77,93,0.56,1206,68,33,132,0,None,104,54.81815690083777,-16,85.0,73.92
9.8,17.4,44,75,94,1.11,1342,66,35,296,0,None,99,136.93863577690226,-19,84.5,328.56
16.8,17.2,39,92,80,0.96,1062,64,24,209,0,None,124,63.21424808675709,12,86.0,200.64
18.7,17.9,37,74,78,1.22,1730,67,24,119,0,None,104,92.51331951159385,-4,76.0,145.18
23.1,12.3,40,90,94,0.63,917,78,32,139,0,None,120,39.69695251214177,-4,92.0,87.57000000000001
17.2,13.7,33,74,91,0.86,903,61,30,150,0,None,105,52.49996947676193,-17,82.5,129.0
14.1,13.8,15,94,80,1.0,1473,75,31,250,0,None,112,104.46801101559502,14,87.0,250.0
16.4,19.6,27,98,91,0.95,1279,62,27,54,0,None,135,77.98775732453822,7,94.5,51.3
9.0,14.1,22,87,90,1.08,1058,62,22,51,0,None,133,117.55542493841673,-3,88.5,55.080000000000005
18.8,12.2,28,99,80,0.6,1695,64,19,131,0,None,141,90.15952651089015,19,89.5,78.6
8.7,16.3,29,82,93,1.0,1925,73,34,172,0,None,107,221.26411348952476,-11,87.5,172.0
16.1,14.3,19,77,81,1.05,1209,77,18,248,0,None,122,75.09312106017325,-4,79.0,260.40000000000003
18.0,12.5,16,75,85,1.38,1563,63,24,30,0,None,112,86.83328509261939,-10,80.0,41.4
23.0,17.2,19,84,87,1.07,1719,65,25,284,0,None,121,74.73909793952264,-3,85.5,303.88
14.0,11.9,41,74,79,1.05,1577,73,33,70,0,None,87,112.64277668373094,-5,76.5,73.5
20.5,16.3,38,96,87,1.31,1321,69,29,112,1,Gearbox,125,64.4389929565888,9,91.5,146.72
8.4,14.3,39,94,89,0.56,1511,73,20,218,0,None,143,179.88073823721638,5,91.5,122.08000000000001
8.1,13.2,23,87,77,1.15,1697,63,19,82,0,None,126,209.50591419022942,10,82.0,94.3
15.5,19.5,22,92,83,1.31,1938,69,34,267,1,Gearbox,107,125.03217739859522,9,87.5,349.77000000000004
16.9,13.2,16,71,87,0.59,1750,67,16,189,0,None,126,103.55023458566002,-16,79.0,111.50999999999999
17.6,13.5,29,76,94,1.31,1247,69,33,68,1,Generator,104,70.85223247032246,-18,85.0,89.08
19.9,18.7,26,89,93,1.29,1639,66,19,246,0,None,144,82.36176765740319,-4,91.0,317.34000000000003
10.9,11.3,40,84,78,0.5,1908,63,17,238,0,None,128,175.04571096723765,6,81.0,119.0
17.5,11.1,35,88,87,0.75,1471,73,21,168,0,None,133,84.05709482451725,1,87.5,126.0
8.8,12.8,19,73,77,0.65,1005,73,26,146,0,None,98,114.20441567680037,-4,75.0,94.9
9.4,15.9,45,90,81,1.01,1605,65,32,193,0,None,107,170.74449920797957,9,85.5,194.93
6.3,13.8,38,94,87,1.41,1565,72,29,163,1,Gearbox,123,248.41230410745382,7,90.5,229.82999999999998
19.9,16.1,37,86,77,1.1,1048,79,30,137,0,None,103,52.663290118949696,9,81.5,150.70000000000002
15.1,11.6,21,81,93,1.1,1164,71,33,262,0,None,108,77.08604166487308,-12,87.0,288.20000000000005
9.8,12.6,42,75,92,0.62,1639,66,15,56,0,None,137,167.24472730129867,-17,83.5,34.72
16.1,15.7,29,78,84,1.17,1971,66,28,96,0,None,106,122.42228420976136,-6,81.0,112.32
12.1,12.2,24,86,85,1.39,1091,77,23,167,0,None,125,90.16521473949196,1,85.5,232.13
21.7,14.2,35,78,93,0.93,1575,70,27,151,0,None,117,72.58061171400382,-15,85.5,140.43
15.6,15.7,21,93,76,1.18,1421,65,16,295,0,None,137,91.08968519891975,17,84.5,348.09999999999997
5.6,19.7,42,74,78,0.79,1274,73,18,84,0,None,116,227.49959375072547,-4,76.0,66.36
24.7,10.8,41,85,81,0.77,1906,77,29,60,1,Blades,108,77.1659606615544,4,83.0,46.2
6.5,14.6,29,85,82,0.69,1931,75,33,163,0,None,101,297.0764660362061,3,83.5,112.46999999999998
18.9,14.0,21,74,95,0.74,1080,62,25,259,0,None,119,57.1428269085572,-21,84.5,191.66
13.7,18.2,30,100,78,0.84,1677,67,19,108,0,None,140,122.4086697746936,22,89.0,90.72
10.0,19.0,19,95,81,1.07,1751,76,30,32,0,None,116,175.0998249001751,14,88.0,34.24
18.5,19.1,23,82,92,1.28,1916,68,16,63,0,None,142,103.56751158512887,-10,87.0,80.64
7.5,13.8,29,91,91,0.79,980,80,30,76,0,None,122,130.66649244467675,0,91.0,60.040000000000006
22.2,13.0,16,91,88,0.67,1925,67,31,48,0,None,117,86.71167265239971,3,89.5,32.160000000000004
10.0,14.5,38,90,82,0.95,1171,78,16,191,0,None,140,117.09988290011711,8,86.0,181.45
12.2,13.4,21,83,77,1.29,1844,69,23,114,0,None,114,151.14741709228107,6,80.0,147.06
17.7,17.2,41,97,95,0.89,1811,79,17,126,0,None,158,102.31632637495686,2,96.0,112.14
5.0,12.1,16,93,80,1.41,1773,68,31,110,1,Gearbox,111,354.5992908014184,13,86.5,155.1
14.5,16.6,31,86,92,0.75,1223,69,31,191,0,None,116,84.3447694174004,-6,89.0,143.25
22.9,19.3,38,70,93,1.26,1736,71,33,261,0,None,97,75.80782715815408,-23,81.5,328.86
18.6,12.8,22,77,84,0.97,1188,61,18,127,0,None,125,63.87093340272397,-7,80.5,123.19
12.8,16.8,36,85,92,0.61,1241,62,29,240,0,None,119,96.95304925543027,-7,88.5,146.4
18.2,11.4,37,97,81,0.78,1799,77,33,153,0,None,112,98.84609953511016,16,89.0,119.34
23.7,11.2,34,89,93,1.36,1543,65,24,158,1,Generator,134,65.10545776141024,-4,91.0,214.88000000000002
8.8,11.2,26,83,88,0.51,1232,73,22,190,0,None,127,139.99984090927168,-5,85.5,96.9
15.6,11.4,39,71,79,1.26,1670,65,29,66,0,None,92,107.05121342870935,-8,75.0,83.16
9.7,12.2,34,88,91,1.31,1843,67,23,79,1,Generator,133,189.9998041239133,-3,89.5,103.49000000000001
22.1,15.6,33,81,93,0.62,1513,72,24,32,0,None,126,68.46150748348077,-12,87.0,19.84
19.4,17.7,40,86,86,1.46,1141,67,29,192,0,None,114,58.814402672988315,0,86.0,280.32
21.0,11.3,22,93,90,1.37,1538,75,24,173,1,Gearbox,135,73.2380603628284,3,91.5,237.01000000000002
23.9,18.7,22,94,91,0.68,1544,70,31,247,0,None,123,64.60248342992325,3,92.5,167.96
9.6,18.4,27,96,91,0.74,1594,75,29,64,0,None,129,166.0414937067774,5,93.5,47.36
6.0,17.3,17,89,84,1.32,1759,64,34,258,0,None,105,293.1661780563699,5,86.5,340.56
10.8,14.3,25,97,90,1.05,1979,73,26,133,0,None,135,183.24057107354528,7,93.5,139.65
13.0,10.0,27,91,86,1.42,1021,66,28,203,1,Gearbox,121,78.53840112430683,5,88.5,288.26
17.5,17.3,30,94,83,1.48,1111,67,16,162,1,Gearbox,145,63.485678008183996,11,88.5,239.76
21.0,18.8,23,91,78,0.84,1796,64,30,217,0,None,109,85.52376879820534,13,84.5,182.28
12.0,13.4,42,96,93,0.6,1482,63,27,79,0,None,135,123.4998970834191,3,94.5,47.4
14.5,17.2,24,77,83,1.2,1720,78,25,47,0,None,110,118.62060784785666,-6,80.0,56.4
20.7,10.6,41,93,80,1.42,1358,79,34,206,1,Gearbox,105,65.60383304162656,13,86.5,292.52
9.5,17.1,28,74,80,0.66,1823,68,23,187,0,None,108,191.89453484785807,-6,77.0,123.42
9.3,10.7,37,73,80,1.49,1363,75,18,44,0,None,117,146.5589821946428,-7,76.5,65.56
16.8,15.9,18,85,75,0.7,1941,76,21,239,0,None,118,115.53564551449672,10,80.0,167.29999999999998
13.7,16.0,31,79,84,0.59,1330,63,33,173,0,None,97,97.08022110932767,-5,81.5,102.07
24.0,13.0,44,87,93,1.0,1210,79,19,175,1,Blades,142,50.416645659730975,-6,90.0,175.0
12.1,10.8,35,90,76,1.31,1012,76,34,248,0,None,98,83.63629451545908,14,83.0,324.88
20.2,19.5,40,77,94,0.85,1833,76,29,30,0,None,113,90.74252933538152,-17,85.5,25.5
16.7,15.4,23,91,79,0.83,1944,78,19,280,0,None,132,116.40711592388269,12,85.0,232.39999999999998
6.1,15.8,39,100,89,0.7,1884,67,16,196,0,None,157,308.8519527017169,11,94.5,137.2
6.7,16.2,26,93,91,1.49,1736,78,24,166,1,Gearbox,136,259.10409088941657,2,92.0,247.34
9.1,18.9,30,75,90,0.84,1376,80,25,146,0,None,115,151.208625045467,-15,82.5,122.64
7.9,10.6,21,89,82,1.17,1239,65,22,196,0,None,127,156.8352445123487,7,85.5,229.32
11.6,18.9,30,70,89,0.63,1213,62,16,256,0,None,127,104.56887537165917,-19,79.5,161.28
16.6,12.4,30,84,84,0.95,1736,62,33,192,0,None,102,104.5782502540661,0,84.0,182.39999999999998
17.0,10.8,34,86,78,1.3,1279,68,27,190,0,None,110,75.23524986161773,8,82.0,247.0
16.8,16.6,41,99,79,1.47,1764,76,25,108,1,Gearbox,128,104.9999375000372,20,89.0,158.76
7.4,19.8,24,92,76,0.68,1981,75,22,221,0,None,124,267.7023409427825,16,84.0,150.28
17.0,10.6,45,91,82,0.59,1108,64,29,230,0,None,115,65.1764322491575,9,86.5,135.7
13.2,14.3,40,86,90,1.49,1026,71,26,179,0,None,124,77.72721384301983,-4,88.0,266.71
23.1,15.3,27,85,94,1.05,1031,67,32,132,0,None,115,44.63201531081588,-9,89.5,138.6
23.2,12.5,22,100,78,0.85,965,77,26,199,0,None,126,41.594809657409634,22,89.0,169.15
20.4,19.8,17,71,82,1.46,1660,76,25,266,0,None,103,81.37250913112298,-11,76.5,388.36
19.1,16.4,22,79,79,0.89,1552,76,19,125,0,None,120,81.25650195994662,0,79.0,111.25
7.3,18.4,42,74,90,0.73,1521,71,16,133,0,None,132,208.3558789645494,-16,82.0,97.09
6.7,14.2,24,79,93,1.3,1540,76,19,110,0,None,134,229.85040320835344,-14,86.0,143.0
21.8,13.5,19,84,77,0.81,976,75,18,268,0,None,125,44.77062166485245,7,80.5,217.08
13.5,15.5,16,80,93,0.82,1220,70,29,229,0,None,115,90.37030342940487,-13,86.5,187.78
14.0,14.4,24,99,80,0.94,1192,75,20,162,0,None,139,85.14279632657406,19,89.5,152.28
22.0,17.1,21,90,79,1.19,1427,68,29,161,0,None,111,64.8636068801787,11,84.5,191.59
17.4,12.7,18,92,76,1.34,1867,76,27,141,1,Gearbox,114,107.29878890874201,16,84.0,188.94
8.6,14.5,44,92,77,0.73,1969,72,20,135,0,None,129,228.9532221474161,15,84.5,98.55
9.2,19.0,23,97,76,0.86,1573,77,27,276,0,None,119,170.9780750238315,21,86.5,237.35999999999999
5.1,17.6,15,93,84,1.0,1171,78,29,72,0,None,119,229.60739292668057,9,88.5,72.0
19.2,11.7,43,70,88,0.53,1319,68,15,92,0,None,128,68.69788088652038,-18,79.0,48.760000000000005
14.7,18.9,32,78,79,1.2,1258,66,26,288,0,None,105,85.57817307607274,-1,78.5,345.59999999999997
24.0,15.9,17,100,79,1.07,1124,66,30,278,0,None,119,46.83331381945258,21,89.5,297.46000000000004
19.3,16.8,16,90,78,0.63,1976,67,17,249,0,None,134,102.38336664074266,12,84.0,156.87
7.1,12.9,18,72,91,0.63,1045,61,23,239,0,None,117,147.18289129170242,-19,81.5,150.57
8.2,14.4,33,84,78,1.4,1523,79,21,114,0,None,120,185.73148081526733,6,81.0,159.6
15.0,18.1,17,99,76,1.18,1779,62,28,201,0,None,119,118.59992093338604,23,87.5,237.17999999999998
23.5,13.3,32,100,76,0.89,1934,78,30,43,0,None,116,82.29783732006922,24,88.0,38.27
9.9,11.7,35,83,76,0.84,1121,70,34,47,0,None,91,113.23220885635469,7,79.5,39.48
21.5,13.8,19,97,86,0.82,1111,78,25,202,0,None,133,51.67439457004904,11,91.5,165.64
11.2,10.7,30,88,77,1.15,1447,79,29,182,0,None,107,129.19631321757748,11,82.5,209.29999999999998
10.4,17.2,44,85,79,0.68,1323,76,25,83,0,None,114,127.2114161428691,6,82.0,56.440000000000005
23.0,11.5,40,82,92,1.49,1174,68,22,159,1,Generator,130,51.04345606806258,-10,87.0,236.91
5.9,12.9,37,97,94,1.19,1004,68,19,62,0,None,153,170.1692031030456,3,95.5,73.78
18.2,18.8,31,89,92,0.63,1301,79,33,258,0,None,115,71.48347720688066,-3,90.5,162.54
5.9,15.4,27,80,94,0.64,1210,67,27,157,0,None,120,205.08439816203702,-14,87.0,100.48
21.0,13.2,29,85,88,1.15,1089,68,28,252,0,None,117,51.857118163277065,-3,86.5,289.79999999999995
21.6,15.5,38,83,95,0.88,1305,66,27,291,0,None,124,60.416638696000604,-12,89.0,256.08
22.9,12.2,32,84,85,1.16,990,70,20,83,0,None,129,43.23142216968465,-1,84.5,96.27999999999999
8.7,10.3,38,79,91,1.22,1909,72,21,250,0,None,128,219.42503514363779,-12,85.0,305.0
7.5,16.0,44,89,94,1.04,1559,73,32,140,0,None,119,207.86638951148066,-5,91.5,145.6
15.1,17.1,34,72,89,0.76,1427,63,24,87,0,None,113,94.50324867334525,-17,80.5,66.12
10.4,18.8,33,97,94,1.05,1043,67,15,258,0,None,161,100.28836510734125,3,95.5,270.90000000000003
17.1,17.7,27,82,80,0.92,1755,80,24,144,0,None,114,102.63151892893629,2,81.0,132.48000000000002
15.3,19.3,21,94,81,1.39,983,61,20,290,1,Gearbox,135,64.24832402070325,13,87.5,403.09999999999997
7.9,19.9,26,92,83,1.24,1984,67,32,275,0,None,111,251.13892260895872,9,87.5,341.0
19.8,17.4,31,84,84,1.12,1827,64,25,204,0,None,118,92.2726806703633,0,84.0,228.48000000000002
21.1,18.7,16,76,93,0.54,1418,66,35,279,0,None,99,67.20375961907126,-17,84.5,150.66
24.3,16.7,29,87,93,1.49,1639,69,16,77,1,Generator,148,67.4485319141844,-6,90.0,114.73
12.9,11.7,41,98,88,1.07,998,80,26,237,0,None,134,77.36428111296038,10,93.0,253.59
11.8,11.8,44,76,80,0.76,1437,76,16,236,0,None,124,121.77955781393405,-4,78.0,179.36
8.8,11.1,41,78,80,1.09,1802,65,21,206,0,None,116,204.7724945767107,-2,79.0,224.54000000000002
8.6,19.4,20,100,88,1.32,986,63,20,48,1,Gearbox,148,114.65102947554713,12,94.0,63.36
11.4,16.7,20,97,85,1.04,1139,72,21,102,0,None,140,99.91219305947978,12,91.0,106.08
24.6,17.9,27,86,80,1.28,1755,78,35,61,0,None,96,71.34143441405105,6,83.0,78.08
6.8,13.3,22,91,78,0.91,1404,64,21,265,0,None,127,206.47028460252267,13,84.5,241.15
10.2,14.6,35,83,89,1.09,1631,64,18,168,0,None,136,159.90180401783923,-6,86.0,183.12
6.7,10.4,18,82,91,0.92,1800,74,34,191,0,None,105,268.6563154383352,-9,86.5,175.72
10.5,18.9,28,83,80,1.03,1060,66,28,125,0,None,107,100.95228480734781,3,81.5,128.75
6.8,18.5,23,82,83,0.67,1415,61,21,82,0,None,123,208.08792928245694,-1,82.5,54.940000000000005
15.2,17.8,33,90,89,1.1,1519,66,28,206,0,None,123,99.93414478016791,1,89.5,226.60000000000002
13.8,10.6,39,80,84,1.48,1576,64,31,125,0,None,102,114.20281579506101,-4,82.0,185.0
8.5,11.7,43,75,94,1.26,1833,67,15,97,0,None,139,215.64680512140575,-19,84.5,122.22
8.5,13.3,44,91,78,0.82,1424,76,20,211,0,None,129,167.52921467151216,13,84.5,173.01999999999998
17.5,12.6,26,71,92,1.36,1249,73,26,283,1,Generator,111,71.3713877877784,-21,81.5,384.88000000000005
12.7,18.4,41,92,81,1.4,1783,66,25,282,1,Gearbox,123,140.39359024126753,11,86.5,394.79999999999995
6.1,11.9,33,78,89,0.68,1887,68,23,193,0,None,121,309.34375517417186,-11,83.5,131.24
23.4,15.3,36,76,80,0.55,1295,64,16,81,0,None,124,55.34185669151424,-4,78.0,44.550000000000004
13.1,15.7,41,81,94,1.07,1699,71,34,128,0,None,107,129.69455748507062,-13,87.5,136.96
16.8,14.3,19,74,76,0.98,1133,65,29,153,0,None,92,67.4404360473595,-2,75.0,149.94
22.7,12.4,43,82,85,1.21,999,79,35,50,1,Blades,97,44.00879118555454,-3,83.5,60.5
13.0,19.6,31,73,93,0.79,1314,65,32,113,0,None,102,101.0768453255036,-20,83.0,89.27000000000001
21.4,14.1,25,85,84,0.88,1348,74,26,189,0,None,117,62.99062477073609,1,84.5,166.32
23.3,17.3,25,75,92,0.76,1025,68,22,190,0,None,123,43.9913974285848,-17,83.5,144.4
8.5,11.8,38,74,94,0.79,1012,78,18,268,0,None,132,119.05868346037241,-20,84.0,211.72
22.8,18.2,35,87,76,0.51,1677,66,19,158,0,None,125,73.55259931903538,11,81.5,80.58
7.4,12.2,37,89,85,1.01,1691,60,32,274,0,None,110,228.51320471188552,4,87.0,276.74
10.5,16.8,23,70,89,0.97,980,62,32,30,0,None,95,93.3332444445291,-19,79.5,29.099999999999998
21.2,15.1,20,82,92,0.86,1457,61,32,179,0,None,110,68.72638267623459,-10,87.0,153.94
23.0,11.5,37,72,78,1.04,1516,66,32,55,0,None,86,65.91301482042834,-6,75.0,57.2
18.7,10.2,24,92,86,0.89,1448,73,19,291,0,None,140,77.43311367213173,6,89.0,258.99
7.1,19.3,22,90,78,0.93,1977,70,32,282,0,None,104,278.4503120418141,12,84.0,262.26
15.5,11.3,21,71,90,0.5,1403,65,18,223,0,None,125,90.51607063479314,-19,80.5,111.5
16.5,17.0,19,98,81,0.57,1500,80,23,204,0,None,133,90.90903581270557,17,89.5,116.27999999999999
10.6,16.5,28,99,80,0.65,1241,61,35,75,0,None,109,117.07536124965921,19,89.5,48.75
24.8,13.4,23,80,90,0.68,1177,72,29,262,0,None,112,47.45965828239585,-10,85.0,178.16000000000003
11.7,11.9,42,74,92,0.95,1801,76,28,55,0,None,110,153.93149236624586,-18,83.0,52.25
9.2,11.8,36,73,82,1.37,1921,79,20,278,0,None,115,208.80412086508605,-9,77.5,380.86
7.2,15.9,37,95,85,0.91,1254,67,30,289,0,None,120,174.16642476885448,10,90.0,262.99
12.6,15.5,27,84,89,1.13,1832,71,26,225,0,None,121,145.39671000261112,-5,86.5,254.24999999999997
18.9,18.8,33,70,90,0.53,1364,65,25,210,0,None,110,72.16927398451112,-20,80.0,111.30000000000001
9.6,16.4,30,98,90,1.35,1477,61,20,58,1,Gearbox,148,153.85400640207666,8,94.0,78.30000000000001
20.4,18.2,20,88,83,0.61,1096,70,17,218,0,None,137,53.72546386006674,5,85.5,132.98
7.7,10.3,16,91,86,0.78,1543,72,20,95,0,None,137,200.3893501437011,5,88.5,74.10000000000001
13.8,16.7,36,95,77,1.32,1948,66,25,213,1,Gearbox,122,141.1593180004942,18,86.0,281.16
19.0,12.3,19,95,94,0.76,956,65,34,39,0,None,121,50.31576299170369,1,94.5,29.64
7.7,12.5,17,72,89,0.76,1187,66,20,132,0,None,121,154.15564395370916,-17,80.5,100.32000000000001
17.0,17.2,28,87,83,1.1,1664,70,29,226,0,None,112,97.88229536335567,4,85.0,248.60000000000002
21.0,17.9,37,91,83,1.4,1196,74,19,49,1,Gearbox,136,56.95235383221246,8,87.0,68.6
16.9,13.7,38,73,77,0.71,1305,74,23,129,0,None,104,77.21888921959219,-4,75.0,91.58999999999999
15.2,17.9,41,77,84,1.12,1219,66,21,265,0,None,119,80.19731565966076,-7,80.5,296.8
21.8,14.4,21,82,88,1.1,1964,77,22,173,0,None,126,90.09170179279734,-6,85.0,190.3
24.7,18.6,45,97,94,1.16,1436,70,19,211,1,Blades,153,58.13762828436102,3,95.5,244.76
8.6,10.2,38,96,88,1.45,1047,71,34,93,1,Gearbox,116,121.74404448366921,8,92.0,134.85
18.8,10.8,20,93,88,0.67,1035,65,22,122,0,None,137,55.053162205764785,5,90.5,81.74000000000001
6.6,17.8,40,100,91,1.15,1241,68,32,57,0,None,127,188.03001813633617,9,95.5,65.55
5.9,16.2,30,77,85,0.68,1341,61,22,87,0,None,118,227.28775035974516,-8,81.0,59.160000000000004
10.6,15.6,17,84,76,0.81,1218,72,25,71,0,None,110,114.90555197589437,8,80.0,57.510000000000005
24.4,16.1,19,83,93,0.89,1506,75,33,104,0,None,110,61.72128617980075,-10,88.0,92.56
16.0,19.3,28,90,83,1.34,1859,71,19,229,0,None,135,116.18742738285789,7,86.5,306.86
10.4,16.6,31,96,95,0.55,1767,67,24,183,0,None,143,169.9036827849204,1,95.5,100.65
7.7,16.5,43,85,83,1.23,1537,77,34,212,0,None,100,199.61013037645407,2,84.0,260.76
23.4,17.6,21,85,88,1.41,1697,61,32,109,0,None,109,72.52133652934337,-3,86.5,153.69
12.2,18.7,29,88,84,0.58,1629,65,26,248,0,None,120,133.52448071763877,4,86.0,143.84
11.1,12.6,22,92,80,1.29,973,61,20,281,0,None,132,87.65757868686606,12,86.0,362.49
22.2,16.2,32,76,94,0.61,1598,68,26,298,0,None,118,71.98194955768038,-18,85.0,181.78
17.1,15.8,42,99,88,1.46,1859,65,32,70,1,Gearbox,123,108.7133867173177,11,93.5,102.2
8.4,11.3,32,73,84,1.32,1813,74,29,110,0,None,99,215.8330763891948,-11,78.5,145.20000000000002
13.4,15.2,30,71,78,1.19,1417,62,25,205,0,None,99,105.74618974164945,-7,74.5,243.95
23.6,10.7,38,81,95,1.05,1258,61,20,141,0,None,136,53.30506215887196,-14,88.0,148.05
23.0,11.8,19,91,93,1.42,1316,71,28,242,1,Gearbox,128,57.21736642723199,-2,92.0,343.64
6.4,19.1,42,99,83,0.62,1522,75,21,109,0,None,140,237.81212841854935,16,91.0,67.58
10.4,11.2,32,98,78,0.62,1351,69,15,292,0,None,146,129.90372124642187,20,88.0,181.04
8.1,15.8,36,91,76,1.32,1283,66,23,137,1,Gearbox,121,158.39486617917757,15,83.5,180.84
15.7,13.2,40,83,78,0.98,1030,70,19,237,0,None,123,65.60505375474284,5,80.5,232.26
20.0,15.6,34,88,86,1.35,1017,67,33,115,0,None,108,50.849974575012716,2,87.0,155.25
10.9,12.3,34,99,91,0.89,932,66,17,134,0,None,156,85.50450871145989,8,95.0,119.26
20.2,14.4,37,78,82,0.95,1993,69,22,61,0,None,116,98.66331749340719,-4,80.0,57.949999999999996
18.4,18.7,17,84,84,0.83,1299,72,19,130,0,None,130,70.59778771859364,0,84.0,107.89999999999999
19.6,13.8,26,91,84,1.45,980,72,18,195,1,Gearbox,139,49.999974489808935,7,87.5,282.75
24.0,13.5,44,70,75,0.96,1524,62,25,214,1,Blades,95,63.49997354167769,-5,72.5,205.44
13.5,14.5,23,81,79,1.26,1643,64,35,166,0,None,90,121.70361355287885,2,80.0,209.16
11.9,11.0,31,87,85,1.2,1649,60,23,225,0,None,126,138.57131212494778,2,86.0,270.0
18.7,13.9,20,97,81,0.74,1966,69,25,268,0,None,128,105.13363361837774,16,89.0,198.32
21.2,10.1,25,100,85,1.41,1135,75,28,250,1,Gearbox,129,53.53771059541953,15,92.5,352.5
8.8,15.0,37,87,77,1.04,1884,68,29,136,0,None,106,214.09066580606157,10,82.0,141.44
21.9,18.5,34,98,91,1.36,1897,80,24,38,1,Gearbox,141,86.62096501325799,7,94.5,51.68000000000001
6.2,15.5,27,73,91,1.33,1404,75,17,222,1,Generator,130,226.45124765927798,-18,82.0,295.26
5.1,16.1,43,91,88,0.56,1948,67,32,226,0,None,115,381.9600353724797,3,89.5,126.56000000000002
8.2,10.3,38,82,86,1.12,1122,79,26,273,0,None,116,136.8291014279251,-4,84.0,305.76000000000005
24.6,18.6,23,93,83,1.29,1273,73,24,296,0,None,128,51.74794644392421,10,88.0,381.84000000000003
15.5,13.9,29,96,89,1.41,1735,78,32,175,1,Gearbox,121,111.93541165457313,7,92.5,246.75
5.9,19.7,41,72,91,1.01,1940,62,27,63,0,None,109,328.813002011861,-19,81.5,63.63
24.9,11.2,16,98,91,1.25,986,71,19,205,0,None,151,39.59837767133427,7,94.5,256.25
19.9,19.4,32,72,82,1.47,1640,78,23,291,0,None,108,82.41201888843273,-10,77.0,427.77
21.8,16.3,22,93,79,1.33,1937,73,29,54,1,Gearbox,114,88.85317025083933,14,86.0,71.82000000000001
9.3,10.5,17,72,82,1.35,1013,80,35,152,0,None,84,108.92461405955477,-10,77.0,205.20000000000002
7.1,19.7,42,96,75,0.91,1101,80,27,279,0,None,117,155.07020412647307,21,85.5,253.89000000000001
15.3,10.1,39,76,83,0.59,1645,76,19,273,0,None,121,107.51626959720942,-7,79.5,161.07
20.4,17.3,21,83,80,1.47,1595,66,15,140,0,None,133,78.18623618321756,3,81.5,205.79999999999998
17.8,18.9,40,98,91,1.2,1228,77,21,91,0,None,147,68.98872528723298,7,94.5,109.2
17.6,11.8,19,94,88,0.67,1930,74,24,282,0,None,134,109.65902860282465,6,91.0,188.94
20.1,13.4,29,94,76,1.47,1325,62,27,190,1,Gearbox,116,65.92036521374865,18,85.0,279.3
9.5,15.6,37,93,78,1.22,1276,68,19,119,0,None,133,134.31564808879148,15,85.5,145.18
18.2,16.8,31,87,86,0.59,1825,77,17,79,0,None,139,100.27467017875266,1,86.5,46.61
12.8,18.7,41,99,87,0.67,1518,74,19,173,0,None,148,118.5936573487052,12,93.0,115.91000000000001
6.4,17.6,34,95,90,1.37,1386,69,26,80,1,Gearbox,133,216.56216162162247,5,92.5,109.60000000000001
9.0,13.6,28,83,94,1.45,1499,72,18,183,1,Generator,141,166.5553704940328,-11,88.5,265.34999999999997
20.9,18.2,43,92,89,0.86,1689,79,18,79,1,Blades,145,80.81335846250792,3,90.5,67.94
22.9,19.7,16,100,86,0.91,992,72,33,60,0,None,120,43.31875837608805,14,93.0,54.6
10.7,12.3,30,96,83,0.9,1267,65,17,124,0,None,145,118.4111042886876,13,89.5,111.60000000000001
8.8,10.7,35,70,90,1.34,1847,73,29,192,0,None,102,209.88612512940324,-20,80.0,257.28000000000003
5.5,14.3,40,92,94,0.95,1706,65,15,258,0,None,156,310.18125421590145,-2,93.0,245.1
24.0,18.8,31,97,83,0.88,981,72,27,293,0,None,126,40.874982968757095,14,90.0,257.84
18.7,11.5,42,80,87,1.12,1406,73,31,109,0,None,105,75.18712556838206,-7,83.5,122.08000000000001
24.1,18.9,28,99,79,0.99,1239,67,26,78,0,None,126,51.41076704947425,20,89.0,77.22
22.3,19.9,25,82,92,1.03,1772,75,20,137,0,None,134,79.46184777495615,-10,87.0,141.11
11.8,10.5,44,83,89,0.91,1058,66,15,107,0,None,142,89.66094096530426,-6,86.0,97.37
7.3,15.0,35,75,82,0.96,1059,60,15,211,0,None,127,145.06829442699396,-7,78.5,202.56
15.0,13.3,28,73,92,0.54,1716,67,31,73,0,None,103,114.39992373338418,-19,82.5,39.42
5.5,13.9,41,86,94,1.43,1986,77,28,190,1,Generator,124,361.09025256317716,-8,90.0,271.7
8.0,14.5,35,88,81,0.53,1329,72,24,236,0,None,121,166.1247923440096,7,84.5,125.08000000000001
9.7,17.4,34,81,79,1.27,1850,77,25,257,0,None,110,190.7214528644816,2,80.0,326.39
18.3,15.9,37,88,92,0.8,1338,63,26,32,0,None,128,73.11471414496495,-4,90.0,25.6
15.2,19.6,37,82,87,0.61,1622,64,22,261,0,None,125,106.71045611154204,-5,84.5,159.21
11.0,13.3,30,96,93,1.11,1435,63,32,129,0,None,125,130.45442685961194,3,94.5,143.19000000000003
16.3,15.4,28,99,82,1.21,1718,76,35,151,0,None,111,105.39870834435071,17,90.5,182.71
7.5,18.1,42,88,87,1.13,963,72,25,123,0,None,125,128.39982880022828,1,87.5,138.98999999999998
20.1,13.7,30,95,87,1.08,1504,67,25,260,0,None,132,74.82583341998337,8,91.0,280.8
19.2,14.7,21,96,79,1.04,1998,76,34,64,0,None,107,104.06244580080948,17,87.5,66.56
9.3,16.8,31,91,95,1.04,1727,69,28,55,0,None,130,185.69872505513433,-4,93.0,57.2
17.1,18.6,16,76,88,1.37,1153,72,28,228,0,None,108,67.42686115388236,-12,82.0,312.36
15.1,14.2,37,75,88,0.59,1236,77,16,268,0,None,131,81.85425042764872,-13,81.5,158.12
6.2,15.3,19,98,81,0.66,1658,69,25,146,0,None,129,267.4189235178653,17,89.5,96.36
10.6,19.8,18,78,88,1.31,1064,75,27,178,0,None,112,100.37726379503417,-10,83.0,233.18
25.0,10.4,43,77,92,0.8,908,71,31,227,1,Blades,107,36.31998547200581,-15,84.5,181.60000000000002
7.0,14.5,38,75,91,1.27,1750,78,30,271,0,None,106,249.99964285765307,-16,83.0,344.17
15.1,16.4,27,86,93,0.85,1559,69,35,218,0,None,109,103.24496473843395,-7,89.5,185.29999999999998
22.0,10.1,22,90,78,1.43,1640,66,17,164,0,None,134,74.54542066117243,12,84.0,234.51999999999998
11.0,16.0,40,90,79,0.78,924,65,26,280,0,None,117,83.99992363643307,11,84.5,218.4
10.2,10.6,44,78,89,0.93,1317,64,17,274,0,None,133,129.11752047301917,-11,83.5,254.82000000000002
22.8,18.6,30,73,91,0.66,1485,67,31,209,0,None,102,65.13155038089896,-18,82.0,137.94
11.1,18.1,32,79,88,1.17,1668,69,27,109,0,None,113,150.27013489177037,-9,83.5,127.52999999999999
18.0,10.3,22,85,78,0.9,1829,63,20,159,0,None,123,101.61105466052518,7,81.5,143.1
19.8,10.5,33,88,87,1.44,1215,75,24,33,0,None,127,61.36360537191648,1,87.5,47.519999999999996
20.8,17.5,27,78,90,0.52,1898,79,34,144,0,None,100,91.24995612982879,-12,84.0,74.88
24.9,13.7,40,75,78,0.89,1639,68,31,295,0,None,91,65.82326673764389,-3,76.5,262.55
21.1,15.8,26,95,76,0.52,1338,79,26,237,0,None,119,63.412292221662454,19,85.5,123.24000000000001
18.1,12.7,34,96,80,0.83,1628,68,31,132,0,None,114,89.94470168801011,16,88.0,109.55999999999999
22.9,11.7,21,78,77,0.88,1627,64,16,178,0,None,123,71.0480039091686,1,77.5,156.64000000000001
23.1,13.0,18,87,78,0.76,1135,77,33,205,0,None,99,49.134177863992264,9,82.5,155.8
24.5,12.5,16,83,79,0.76,907,78,30,35,0,None,102,37.02039305290079,4,81.0,26.6
20.5,14.5,27,74,86,0.76,1035,73,31,176,0,None,98,50.48778024986329,-12,80.0,133.76
8.9,17.5,20,98,78,0.77,1950,78,26,207,0,None,124,219.10087741474447,20,88.0,159.39000000000001
19.2,15.5,45,70,87,0.78,1844,67,29,108,0,None,99,96.04161664499134,-17,78.5,84.24000000000001
6.5,16.1,39,76,81,1.35,1090,66,28,284,0,None,101,167.69204970453893,-5,78.5,383.40000000000003
11.4,14.7,36,80,81,0.54,1625,77,31,265,0,None,99,142.54373461075912,-1,80.5,143.10000000000002
7.3,13.2,39,96,94,1.49,1908,66,29,96,1,Gearbox,132,261.36950497328087,2,95.0,143.04
24.0,11.4,23,94,91,0.78,1908,77,25,110,0,None,135,79.4999668750138,3,92.5,85.8
11.8,13.5,41,87,83,0.53,1521,65,17,43,0,None,136,128.89819584898657,4,85.0,22.790000000000003
19.3,16.7,45,91,84,0.68,1696,74,35,256,0,None,105,87.8756021369937,7,87.5,174.08
16.4,17.3,24,80,77,1.44,1333,76,22,193,0,None,113,81.28043824363523,3,78.5,277.92
7.2,14.7,45,98,92,1.5,979,77,30,115,1,Gearbox,130,135.97203337217587,6,95.0,172.5
16.2,16.4,25,71,75,0.75,1482,79,27,45,0,None,92,91.48142501146604,-4,73.0,33.75
18.2,12.1,15,73,78,0.73,1250,66,35,66,0,None,81,68.68128094435113,-5,75.5,48.18
22.6,18.6,26,98,86,1.34,1348,71,34,245,1,Gearbox,116,59.64599130708349,12,92.0,328.3
6.4,18.7,45,98,79,1.41,1091,79,24,181,1,Gearbox,129,170.4684836429943,19,88.5,255.20999999999998
10.9,13.2,34,85,88,1.15,1709,60,32,145,0,None,109,156.7888469827092,-3,86.5,166.75
18.8,15.5,36,87,75,1.44,1943,72,17,96,0,None,128,103.35100885584635,12,81.0,138.24
5.7,16.1,22,97,77,1.45,1671,63,19,67,1,Gearbox,136,293.1573804256484,20,87.0,97.14999999999999
9.1,14.7,19,96,90,1.26,1442,69,26,245,0,None,134,158.46136432817107,6,93.0,308.7
9.4,19.1,42,96,87,0.85,1361,62,19,52,0,None,145,144.78708001374466,9,91.5,44.199999999999996
18.4,17.4,27,81,75,0.65,1506,67,17,96,0,None,122,81.84778160446653,6,78.0,62.400000000000006
10.7,16.7,15,95,79,1.02,1616,74,19,155,0,None,136,151.02789623561102,16,87.0,158.1
17.0,15.2,24,72,80,0.79,1039,76,22,30,0,None,108,61.11761110728759,-8,76.0,23.700000000000003
24.3,10.8,21,85,92,0.62,1770,71,35,79,0,None,107,72.83947619774642,-7,88.5,48.98
20.9,11.1,33,77,87,0.89,906,69,17,39,0,None,130,43.34926155537725,-10,82.0,34.71
11.7,13.0,38,71,86,0.98,1830,67,17,32,0,None,123,156.41012272639085,-15,78.5,31.36
14.4,12.1,30,89,77,1.16,1453,78,16,265,0,None,134,100.90270770645299,12,83.0,307.4
9.0,19.5,21,72,88,0.72,1378,64,20,169,0,None,120,153.11094098784335,-16,80.0,121.67999999999999
5.3,14.1,17,74,78,1.37,1033,74,17,122,0,None,118,194.90529263152337,-4,76.0,167.14000000000001
10.8,18.8,24,72,85,0.69,1543,63,16,241,0,None,125,142.8702380831129,-13,78.5,166.29
12.4,18.2,39,99,87,1.5,998,78,24,73,1,Gearbox,138,80.48380606144673,12,93.0,109.5
16.3,18.1,28,71,92,1.06,1853,66,31,106,0,None,101,113.68091185220132,-21,81.5,112.36
23.9,12.2,23,78,91,0.65,1233,67,17,32,0,None,135,51.5899365732483,-13,84.5,20.8
24.0,14.5,16,90,79,1.33,1090,64,17,101,0,None,135,45.41664774306344,11,84.5,134.33
6.4,13.2,30,95,93,0.75,1176,79,31,86,0,None,126,183.7497128910736,2,94.0,64.5
17.3,19.7,36,88,75,0.69,1486,78,22,282,0,None,119,85.89590410641381,13,81.5,194.57999999999998
5.8,18.8,21,99,82,0.63,1516,69,25,172,0,None,131,261.37885969162124,17,90.5,108.36
18.0,12.5,31,80,76,1.05,1272,61,31,126,0,None,94,70.66662740742922,4,78.0,132.3
7.4,13.1,28,84,89,1.38,1767,78,23,71,0,None,127,238.78346110343094,-5,86.5,97.97999999999999
23.9,15.3,36,95,85,1.4,1316,79,15,273,1,Gearbox,150,55.06273846747345,10,90.0,382.2
22.3,12.8,41,90,78,1.29,1381,61,23,129,1,Blades,122,61.92822335057249,12,84.0,166.41
5.4,18.2,24,76,77,1.08,1043,72,33,93,0,None,87,193.1477904670547,-1,76.5,100.44000000000001
20.6,18.2,42,85,80,1.03,1049,79,17,149,1,Blades,131,50.92230537752166,5,82.5,153.47
17.7,17.2,36,99,93,0.87,1011,74,29,33,0,None,134,57.11861179739447,6,96.0,28.71
14.9,16.9,16,96,89,0.54,1061,70,25,146,0,None,135,71.20800590066717,7,92.5,78.84
17.1,15.5,39,76,80,1.34,1890,67,26,149,0,None,104,110.52625115423909,-4,78.0,199.66000000000003
18.6,13.5,30,75,93,1.5,1653,75,32,172,1,Generator,104,88.87091996187098,-18,84.0,258.0
22.7,18.4,43,95,78,1.42,1639,80,31,144,1,Gearbox,111,72.20261136448839,17,86.5,204.48
20.3,18.6,25,76,89,1.43,1060,73,35,241,0,None,95,52.21672304594924,-13,82.5,344.63
16.5,10.5,33,84,83,0.83,1471,70,18,217,0,None,131,89.1514611203266,1,83.5,180.10999999999999
21.5,14.0,44,75,80,0.6,1438,63,20,61,1,Blades,115,66.88368982153962,-5,77.5,36.6
24.7,10.3,23,70,80,1.37,1216,77,30,251,0,None,90,49.23074929929179,-10,75.0,343.87
11.0,18.4,29,96,85,1.26,1197,68,32,62,0,None,117,108.81808289265192,11,90.5,78.12
7.4,11.8,38,93,94,0.89,1739,75,31,285,0,None,125,234.9996824328616,-1,93.5,253.65
19.6,16.7,36,84,90,1.33,1228,67,24,128,0,None,126,62.653029258658535,-6,87.0,170.24
24.6,13.6,40,75,88,0.64,1552,62,17,286,0,None,129,63.089405248209246,-13,81.5,183.04
7.3,18.2,31,94,93,1.15,1911,73,22,109,0,None,143,261.78046331443386,1,93.5,125.35
13.6,15.1,25,81,86,1.45,1465,71,21,94,0,None,125,107.72050902903749,-5,83.5,136.29999999999998
6.2,13.2,31,90,79,1.41,1564,63,25,183,0,None,119,252.25765764893927,11,84.5,258.03
20.5,13.2,25,80,95,1.26,1863,77,18,56,0,None,139,90.87800444975393,-15,87.5,70.56
24.0,13.3,20,83,86,0.77,1693,66,28,75,0,None,113,70.54163727431781,-3,84.5,57.75
15.0,17.9,32,86,81,0.6,915,69,34,48,0,None,99,60.999959333360444,5,83.5,28.799999999999997
13.2,17.1,16,93,91,0.82,1059,70,30,166,0,None,124,80.22721194908186,2,92.0,136.12
23.2,13.2,16,95,84,1.12,1196,65,35,268,0,None,109,51.55170191736987,11,89.5,300.16
7.7,14.9,17,83,75,0.82,1373,70,29,212,0,None,100,178.31145673836787,8,79.0,173.84
22.8,10.8,35,77,81,0.91,1204,61,30,168,0,None,98,52.8069943828972,-4,79.0,152.88
12.8,18.3,27,75,84,0.9,1407,64,26,250,0,None,107,109.92178912360224,-9,79.5,225.0
16.2,12.7,30,80,82,0.84,1762,66,34,57,0,None,94,108.76536495965127,-2,81.0,47.879999999999995
15.6,18.9,25,94,86,1.42,1970,67,22,267,1,Gearbox,136,126.2819703320703,8,90.0,379.14
17.3,16.0,23,78,79,0.82,1592,65,30,127,0,None,97,92.02306819475827,-1,78.5,104.14
23.8,15.7,26,71,86,1.49,1857,69,15,50,0,None,127,78.02517730034567,-15,78.5,74.5
24.0,11.6,21,87,95,0.71,1278,73,31,199,0,None,120,53.24997781250924,-8,91.0,141.29
21.6,10.7,35,71,90,1.37,1051,67,21,151,0,None,119,48.65738488084033,-19,80.5,206.87
8.8,15.5,18,97,89,1.23,1816,61,17,290,0,None,152,206.36340185977062,8,93.0,356.7
11.7,14.7,31,90,79,1.17,1749,73,29,63,0,None,111,149.48705172046863,11,84.5,73.71
14.8,11.2,29,78,87,0.95,1160,78,25,199,0,None,115,78.37832542005039,-9,82.5,189.04999999999998
23.1,18.4,24,84,91,1.32,1492,62,21,123,1,Generator,133,64.5887166282612,-7,87.5,162.36
15.4,14.2,18,92,80,0.99,1993,64,30,50,0,None,112,129.41550037954522,12,86.0,49.5
24.5,12.6,36,97,77,0.64,1969,61,24,139,0,None,126,80.36731413579015,20,87.0,88.96000000000001
24.7,17.9,32,96,88,0.78,1397,64,28,268,0,None,128,56.55868155518966,8,92.0,209.04000000000002
17.0,19.1,39,72,88,0.68,1212,66,35,247,0,None,90,71.29407570936723,-16,80.0,167.96
22.5,13.1,22,72,91,1.07,1223,69,15,92,0,None,133,54.355531397541604,-19,81.5,98.44000000000001
25.0,17.8,39,88,88,1.16,1866,74,32,296,0,None,112,74.63997014401194,0,88.0,343.35999999999996
22.0,16.5,24,85,92,0.84,1636,69,26,220,0,None,125,74.36360256199883,-7,88.5,184.79999999999998
18.1,19.9,18,79,80,0.54,1559,67,22,231,0,None,115,86.13254909803916,-1,79.5,124.74000000000001
21.9,12.0,19,99,76,1.16,1195,74,34,30,0,None,107,54.56618512959584,23,87.5,34.8
6.7,19.6,22,92,90,0.56,1347,73,34,79,0,None,114,201.04447605302082,2,91.0,44.24
17.7,13.2,35,91,83,1.47,1513,68,16,157,1,Gearbox,142,85.48017769481487,8,87.0,230.79
9.3,14.1,22,75,79,1.39,1473,67,29,100,0,None,96,158.38692646567046,-4,77.0,139.0
7.3,13.6,33,79,76,1.33,958,68,27,174,0,None,101,131.23269694151105,3,77.5,231.42000000000002
22.9,12.7,23,88,90,0.87,1435,68,29,254,0,None,120,62.663728094441886,-2,89.0,220.98
17.8,16.9,26,94,92,1.24,1572,62,34,251,0,None,118,88.3145571266533,2,93.0,311.24
9.9,15.9,42,98,83,0.55,1766,64,35,60,0,None,111,178.38365819832507,15,90.5,33.0
12.7,13.1,30,91,93,0.59,1041,73,20,141,0,None,144,81.96843939492962,-2,92.0,83.19
24.5,11.3,33,83,83,0.99,1807,79,21,175,0,None,124,73.75507193670533,0,83.0,173.25
22.2,13.2,21,91,94,1.09,1002,62,30,137,0,None,125,45.13511480400234,-3,92.5,149.33
5.3,13.8,19,72,95,1.27,1449,62,29,102,0,None,109,273.39571057413104,-23,83.5,129.54
24.6,13.8,27,88,91,0.8,993,62,18,121,0,None,143,40.365837249659656,-3,89.5,96.80000000000001
12.4,13.6,41,97,80,1.04,1799,65,34,228,0,None,109,145.0805281608644,17,88.5,237.12
18.9,10.5,22,89,82,0.56,1410,76,31,55,0,None,109,74.60313513061634,7,85.5,30.800000000000004
19.3,14.6,34,70,86,0.97,1583,77,22,141,0,None,112,82.02068289083788,-16,78.0,136.77
23.2,18.4,41,91,82,1.17,1449,78,27,125,1,Blades,119,62.45686963065965,9,86.5,146.25
22.7,11.8,43,92,91,1.49,1407,76,29,128,1,Gearbox,125,61.98235154962487,1,91.5,190.72
10.6,11.5,45,86,94,1.27,1101,69,33,268,0,None,114,103.8678265397863,-8,90.0,340.36
17.9,14.7,38,94,95,1.5,1938,71,35,283,1,Gearbox,119,108.26809593961121,-1,94.5,424.5
12.9,13.7,17,76,82,1.0,1702,74,29,60,0,None,100,131.93788221869596,-6,79.0,60.0
15.5,15.6,41,82,80,0.93,1523,65,27,127,0,None,108,98.25800112387024,2,81.0,118.11
16.1,19.5,42,94,78,1.33,1126,71,34,266,1,Gearbox,104,69.93784475910263,16,86.0,353.78000000000003
12.9,17.6,32,88,76,0.96,1340,70,25,203,0,None,114,103.87588846830351,12,82.0,194.88
14.3,16.9,17,100,79,1.26,1277,75,20,170,0,None,139,89.3006368527015,21,89.5,214.2
9.2,14.2,29,72,81,1.49,1731,65,17,241,0,None,119,188.1519694000333,-9,76.5,359.09
17.2,12.9,21,77,83,1.22,1112,78,18,63,0,None,124,64.6511252028342,-6,80.0,76.86
20.2,15.4,28,76,77,0.51,1634,68,27,219,0,None,99,80.8910490638371,-1,76.5,111.69
13.6,18.9,37,99,91,0.68,1893,70,28,172,0,None,134,139.19107412421022,8,95.0,116.96000000000001
24.6,18.8,35,96,87,0.78,1822,67,30,56,0,None,123,74.06501054267864,9,91.5,43.68
6.1,14.5,38,74,86,1.32,1273,62,21,71,0,None,118,208.6881824783894,-12,80.0,93.72
16.8,12.5,29,81,86,1.43,1067,64,22,196,0,None,123,63.51186695722205,-5,83.5,280.28
16.7,12.3,30,72,81,1.15,1299,80,31,158,0,None,91,77.78438456024877,-9,76.5,181.7
5.7,10.3,43,89,94,0.59,1334,67,18,248,0,None,147,234.0346771321454,-5,91.5,146.32
9.5,18.4,34,80,80,1.0,1491,62,32,105,0,None,96,156.94720321347032,0,80.0,105.0
23.1,12.6,37,78,88,1.36,950,69,21,38,0,None,124,41.12552332228427,-10,83.0,51.68000000000001
15.9,13.6,35,86,80,0.86,1462,63,24,225,0,None,118,91.94962770463667,6,83.0,193.5
13.7,18.1,34,94,95,0.57,1566,72,20,197,0,None,149,114.30648590767453,-1,94.5,112.28999999999999
13.3,11.2,42,82,93,1.28,1936,60,18,32,0,None,139,145.5638003279697,-11,87.5,40.96
22.8,14.6,26,93,80,1.16,1697,71,30,174,0,None,113,74.42979191675794,13,86.5,201.83999999999997
12.3,11.2,28,83,95,0.97,931,74,31,199,0,None,116,75.69099537317449,-12,89.0,193.03
22.2,14.4,26,76,88,1.35,1093,62,22,265,0,None,120,49.234212056661235,-12,82.0,357.75
11.2,10.5,38,83,90,1.35,1423,63,33,266,0,None,107,127.05345798798395,-7,86.5,359.1
15.6,15.2,41,86,81,1.2,1974,75,29,40,0,None,109,126.53838042411512,5,83.5,48.0
7.9,18.0,26,84,79,1.44,1561,68,25,37,0,None,113,197.5946865890043,5,81.5,53.28
21.5,16.8,19,78,92,0.95,1829,62,32,64,0,None,106,85.06972787454518,-14,85.0,60.8
19.7,15.1,30,76,81,1.23,1014,77,33,258,0,None,91,51.472055090327366,-5,78.5,317.34
15.6,18.3,45,98,93,1.33,1381,75,27,102,1,Gearbox,137,88.52558427847163,5,95.5,135.66
5.5,12.3,21,79,82,1.14,925,64,27,159,0,None,107,168.1815123972502,-3,80.5,181.26
14.6,18.3,29,91,75,1.05,1173,67,29,90,0,None,108,80.34241072437622,16,83.0,94.5
9.5,12.8,23,80,87,1.23,1792,71,26,287,0,None,115,188.63138038802066,-7,83.5,353.01
13.3,13.6,43,99,82,0.85,1584,60,27,245,0,None,127,119.09765481379337,17,90.5,208.25
22.1,11.3,32,100,95,0.87,1210,70,27,259,0,None,141,54.751106447463144,5,97.5,225.33
20.4,11.0,32,95,83,1.48,1826,67,21,190,1,Gearbox,136,89.50976004423528,12,89.0,281.2
9.8,19.3,15,87,81,0.62,1709,79,30,211,0,None,108,174.3875771555335,6,84.0,130.82
24.7,11.9,35,86,86,1.34,1452,65,22,62,0,None,128,58.785401301456965,0,86.0,83.08
23.1,13.3,24,80,90,1.29,949,68,28,141,0,None,114,41.082233297734504,-10,85.0,181.89000000000001
15.6,15.3,30,74,94,0.55,1897,63,30,182,0,None,108,121.60248615225247,-20,84.0,100.10000000000001
15.6,13.5,31,72,76,1.2,1636,63,26,163,0,None,96,104.87172764632844,-4,74.0,195.6
23.0,18.7,33,84,83,0.59,1795,66,20,63,0,None,127,78.04344432893726,1,83.5,37.169999999999995
17.7,19.0,40,99,88,0.71,1929,76,27,169,0,None,133,108.9829892751473,11,93.5,119.99
15.7,13.3,24,77,75,1.46,1052,68,31,147,0,None,90,67.00632674756258,2,76.0,214.62
20.0,10.9,23,82,85,0.86,1728,64,17,79,0,None,133,86.3999568000216,-3,83.5,67.94
9.7,12.1,39,89,91,0.56,1070,60,28,259,0,None,124,110.30916462972719,-2,90.0,145.04000000000002
22.6,14.7,37,81,76,1.02,1467,71,17,139,0,None,123,64.91147570288686,5,78.5,141.78
15.6,12.9,22,70,82,0.71,1700,70,28,75,0,None,96,108.97428911904544,-12,76.0,53.25
17.1,14.5,15,82,83,0.93,1472,64,21,88,0,None,123,86.08182100478304,-1,82.5,81.84
6.8,17.6,35,94,89,0.6,1420,67,33,278,0,None,117,208.82322231879073,5,91.5,166.79999999999998
11.2,14.2,20,98,81,0.6,1212,66,23,294,0,None,133,108.21418909447404,17,89.5,176.4
13.5,12.0,44,78,80,1.0,1745,74,23,139,0,None,112,129.25916351173075,-2,79.0,139.0
13.3,13.6,33,98,77,0.84,998,67,32,104,0,None,111,75.03753756576123,21,87.5,87.36
20.6,17.4,40,96,95,0.66,1155,69,34,232,0,None,123,56.06793394760488,1,95.5,153.12
10.6,14.2,39,82,84,1.08,950,80,16,140,0,None,134,89.62255695985193,-2,83.0,151.20000000000002
8.6,12.5,32,70,76,0.56,1095,78,25,132,0,None,96,127.32543334251937,-6,73.0,73.92
16.7,14.3,28,95,77,1.25,1348,73,26,56,0,None,120,80.71851453981166,18,86.0,70.0
17.3,14.5,30,79,78,0.55,933,70,34,70,0,None,89,53.930604664390366,1,78.5,38.5
7.4,13.0,39,93,79,1.47,1150,67,27,89,1,Gearbox,118,155.4051953983846,14,86.0,130.82999999999998
5.0,20.0,34,87,90,1.24,945,79,27,107,0,None,123,188.999622000756,-3,88.5,132.68
23.4,17.7,21,77,86,1.4,1863,78,30,87,0,None,103,79.61535059173052,-9,81.5,121.8
6.6,16.9,33,89,91,0.94,1879,63,31,40,0,None,118,284.6965383385783,-2,90.0,37.599999999999994
23.0,18.5,27,93,75,0.56,1668,65,24,143,0,None,120,72.52170759925757,18,84.0,80.08000000000001
13.0,16.7,17,84,80,0.73,1554,68,18,236,0,None,128,119.53836958586955,4,82.0,172.28
18.1,17.9,26,92,83,1.47,1775,69,32,222,1,Gearbox,111,98.06624416229604,9,87.5,326.34
8.7,14.1,22,82,84,1.12,1210,71,18,115,0,None,130,139.08029990770126,-2,83.0,128.8
21.5,15.0,40,99,76,0.73,1716,61,35,231,0,None,105,79.8139163656203,23,87.5,168.63
8.6,10.5,18,77,85,0.98,1263,61,22,245,0,None,118,146.86029434849496,-8,81.0,240.1
12.7,12.8,26,93,81,0.82,1387,69,34,126,0,None,106,109.21251243109258,12,87.0,103.32
9.8,13.7,36,92,79,0.99,1978,78,29,279,0,None,113,201.83652873823598,13,85.5,276.21
21.8,16.3,42,86,88,1.34,1830,75,32,297,1,Blades,110,83.94491562159834,-2,87.0,397.98
22.2,14.6,25,81,77,0.72,1361,71,34,38,0,None,90,61.306278690865454,4,79.0,27.36
12.4,16.1,33,83,92,0.9,1896,61,28,204,0,None,119,152.903102497498,-9,87.5,183.6
11.1,17.1,26,89,93,0.95,1007,61,31,245,0,None,120,90.72063899041532,-4,91.0,232.75
20.5,10.4,21,86,82,1.09,1893,73,19,274,0,None,130,92.34141837003982,4,84.0,298.66
22.6,12.6,25,93,95,0.58,1878,64,23,161,0,None,142,83.09730836402285,-2,94.0,93.38
17.5,11.7,34,81,83,0.71,1611,72,23,120,0,None,118,92.05709025309129,-2,82.0,85.19999999999999
23.5,11.9,36,73,94,0.9,1257,69,18,236,0,None,131,53.48933894070684,-21,83.5,212.4
12.7,15.0,26,85,95,1.31,1804,64,26,108,1,Generator,128,142.04713224635256,-10,90.0,141.48000000000002
8.0,17.4,20,78,92,0.69,1199,69,30,142,0,None,110,149.87481265648418,-14,85.0,97.97999999999999
8.6,12.7,19,88,77,1.38,1056,78,20,297,0,None,125,122.79055489470362,11,82.5,409.85999999999996
18.4,18.2,39,86,87,0.84,1506,64,30,256,0,None,113,81.84778160446653,-1,86.5,215.04
13.2,18.9,35,93,90,0.75,1042,79,32,295,0,None,119,78.93933413686808,3,91.5,221.25
8.1,13.5,37,87,77,0.91,1293,65,15,88,0,None,134,159.62943255625612,10,82.0,80.08
10.8,16.8,30,83,93,1.05,1538,69,32,245,0,None,112,142.40727554881894,-10,88.0,257.25
15.6,11.2,29,74,92,1.23,1128,74,19,237,0,None,128,72.30764595663722,-18,83.0,291.51
7.4,17.4,21,74,94,0.98,1355,75,15,164,0,None,138,183.10786066505315,-20,84.0,160.72
5.1,11.7,20,89,85,1.32,1239,66,31,224,0,None,112,242.94070011627431,4,87.0,295.68
23.3,16.9,20,96,81,1.32,1070,60,31,55,1,Gearbox,115,45.92272707179096,15,88.5,72.60000000000001
11.1,14.2,45,82,85,0.5,1597,73,15,169,0,None,137,143.87374425788806,-3,83.5,84.5
9.4,19.3,40,86,90,1.29,1560,66,16,83,0,None,144,165.95727025822313,-4,88.0,107.07000000000001
19.0,14.6,34,88,83,0.94,1515,70,33,76,0,None,105,79.73680013852625,5,85.5,71.44
22.1,10.3,21,84,82,1.47,1924,61,33,61,0,None,100,87.05878413629677,2,83.0,89.67
17.6,14.8,25,72,77,1.32,1919,68,25,146,0,None,99,109.03402895793809,-5,74.5,192.72
10.1,18.0,26,88,84,0.88,1530,73,32,271,0,None,108,151.48499852970443,4,86.0,238.48
22.2,16.5,29,74,83,1.13,1713,62,21,150,0,None,115,77.16212740444712,-9,78.5,169.49999999999997
15.2,19.7,28,87,88,0.69,1785,69,18,132,0,None,139,117.4341332670176,-1,87.5,91.08
12.6,18.4,43,93,84,0.79,1021,69,35,194,0,None,107,81.03168172088753,9,88.5,153.26000000000002
17.1,15.3,37,70,75,0.7,1829,66,27,171,0,None,91,106.95900177836153,-5,72.5,119.69999999999999
19.0,12.1,17,83,85,1.25,906,80,21,55,0,None,126,47.68418542937609,-2,84.0,68.75
16.9,10.0,26,92,90,0.51,902,79,25,295,0,None,132,53.37274948358019,2,91.0,150.45
23.4,19.8,19,86,94,0.91,1241,70,27,247,0,None,126,53.034165370014804,-8,90.0,224.77
17.6,19.4,23,77,79,1.34,1772,64,22,33,0,None,112,100.68176097627217,-2,78.0,44.220000000000006
22.6,12.7,44,91,83,1.21,1914,69,30,147,1,Blades,114,84.69022801317344,8,87.0,177.87
16.7,16.4,36,94,92,0.92,1339,77,16,52,0,None,154,80.17959270683072,2,93.0,47.84
11.6,17.3,15,81,76,1.13,1594,67,20,104,0,None,117,137.41367464338393,5,78.5,117.51999999999998
15.6,15.8,25,79,82,0.93,1420,67,21,232,0,None,119,91.02558267590855,-3,80.5,215.76000000000002
6.7,18.4,28,86,87,1.34,1208,76,29,123,0,None,115,180.29823836083827,-1,86.5,164.82000000000002
9.6,10.8,33,81,82,1.07,1855,73,31,243,0,None,101,193.2289653864944,-1,81.5,260.01
20.3,19.0,30,95,85,1.13,1546,68,28,96,0,None,124,76.15759795192218,10,90.0,108.47999999999999
18.2,13.9,17,93,94,1.49,1658,70,22,256,1,Gearbox,143,91.09885104458735,-1,93.5,381.44
8.3,14.8,30,79,75,1.27,1579,72,20,163,0,None,114,190.24073464971727,4,77.0,207.01
13.8,14.4,19,84,77,0.79,992,63,23,195,0,None,115,71.88400588115516,7,80.5,154.05
7.8,15.3,31,97,79,1.27,1813,70,24,262,0,None,128,232.43559944153918,18,88.0,332.74
22.1,16.0,22,74,83,1.43,942,70,27,170,0,None,103,42.624415102074614,-9,78.5,243.1
7.2,17.1,19,93,84,0.8,1660,80,29,250,0,None,119,230.5552353399509,9,88.5,200.0
18.1,15.2,24,80,76,1.32,1055,65,23,59,0,None,110,58.28726061477314,4,78.0,77.88000000000001
17.1,16.8,18,74,93,0.74,1502,65,17,50,0,None,133,87.8362059437392,-19,83.5,37.0
14.5,13.4,24,74,90,0.93,1040,75,24,48,0,None,116,71.72408846614589,-16,82.0,44.64
10.6,19.4,41,78,80,1.19,1966,67,22,289,0,None,114,185.47152314007252,-2,79.0,343.90999999999997
13.1,10.6,24,86,80,0.74,1376,61,16,170,0,None,134,105.03808775718493,6,83.0,125.8
21.1,15.5,29,97,76,0.69,1773,79,19,91,0,None,135,84.02839619507289,21,86.5,62.78999999999999
20.2,10.9,31,79,83,0.96,1776,61,23,85,0,None,116,87.92074855408488,-4,81.0,81.6
19.8,14.4,20,76,80,1.28,1034,78,26,143,0,None,104,52.222195847375836,-4,78.0,183.04
20.0,12.6,28,84,87,1.1,1523,76,26,224,0,None,119,76.14996192501904,-3,85.5,246.40000000000003
7.9,19.4,41,75,86,1.2,1999,72,19,168,0,None,123,253.03765438271597,-11,80.5,201.6
7.0,10.1,17,78,94,1.19,1320,78,20,194,0,None,132,188.57115918405833,-16,86.0,230.85999999999999
22.2,13.9,43,100,91,1.04,1005,64,29,92,1,Blades,133,45.27024987826582,9,95.5,95.68
21.7,17.8,41,87,77,0.82,1741,64,22,141,1,Blades,120,80.23037777401946,10,82.0,115.61999999999999
18.6,11.9,41,94,89,0.92,1554,69,19,177,0,None,145,83.54834217831065,5,91.5,162.84
17.1,18.2,21,76,77,0.88,1686,80,24,90,0,None,105,98.5964335693371,-1,76.5,79.2
12.3,18.6,30,86,81,0.58,1485,60,25,165,0,None,117,120.73160916129336,5,83.5,95.69999999999999
9.5,17.1,33,85,86,1.4,1196,63,19,85,0,None,133,125.89460432146915,-1,85.5,118.99999999999999
18.4,12.1,18,94,85,1.14,1415,74,24,199,0,None,131,76.90213211840647,9,89.5,226.85999999999999
23.3,12.7,32,71,89,1.36,1544,65,30,89,0,None,100,66.26606598022919,-18,80.0,121.04
13.7,11.7,40,96,91,1.28,1161,71,18,291,0,None,151,84.7444636901725,5,93.5,372.48
11.1,11.8,43,72,92,0.57,1839,74,22,165,0,None,120,165.6755264184447,-20,82.0,94.05
10.4,10.4,23,97,76,0.72,1353,77,17,107,0,None,139,130.0960287538185,21,86.5,77.03999999999999
5.5,18.6,24,74,88,1.45,1687,71,19,51,0,None,124,306.7267150423363,-14,81.0,73.95
15.4,15.3,23,86,94,0.96,1938,62,24,179,0,None,132,125.84407412722459,-8,90.0,171.84
24.8,13.3,20,73,90,1.31,1357,74,34,296,0,None,95,54.71771987188715,-17,81.5,387.76
21.3,12.9,28,83,85,1.08,1407,70,29,93,0,None,110,66.0563070158183,-2,84.0,100.44000000000001
22.9,15.4,39,79,95,1.32,1102,74,34,43,1,Generator,106,48.12224972827523,-16,87.0,56.760000000000005
17.4,13.3,36,83,76,1.23,1314,61,17,175,0,None,125,75.51719797862187,7,79.5,215.25
14.6,18.6,42,86,77,0.78,1482,60,34,165,0,None,95,101.50677978987686,9,81.5,128.70000000000002
24.8,12.1,26,84,90,1.49,1153,78,25,191,0,None,124,46.491916737130346,-6,87.0,284.59
13.9,18.8,32,71,86,0.99,929,71,21,239,0,None,115,66.83448429173792,-15,78.5,236.60999999999999
23.3,16.6,38,96,77,1.08,1184,64,32,240,0,None,109,50.8154288345799,19,86.5,259.20000000000005
20.2,19.6,42,73,83,1.04,1651,74,27,247,1,Blades,102,81.73263280562733,-10,78.0,256.88
11.6,10.2,41,99,76,1.39,1844,74,17,238,1,Gearbox,141,158.96538020225844,23,87.5,330.82
15.1,10.6,29,96,86,0.78,1044,78,26,177,0,None,130,69.13902706024699,10,91.0,138.06
12.7,15.0,42,87,77,0.56,1639,75,28,237,0,None,108,129.055016492113,10,82.0,132.72
7.7,19.1,28,77,75,0.93,1274,77,15,213,0,None,122,165.45433057879146,2,76.0,198.09
12.1,17.3,42,73,81,1.42,1231,77,26,143,0,None,102,101.73545311119578,-8,77.0,203.06
22.8,16.2,38,90,80,0.94,1376,66,22,150,0,None,126,60.35085072331108,10,85.0,141.0
20.1,10.3,22,76,82,0.78,1858,70,24,106,0,None,110,92.43776495633584,-6,79.0,82.68
10.6,13.5,43,92,82,1.12,1539,61,17,192,0,None,140,145.18854227496013,10,87.0,215.04000000000002
12.4,13.5,22,95,88,1.24,1605,61,25,208,0,None,133,129.43537948759717,7,91.5,257.92
17.3,15.4,42,100,89,0.96,1026,78,35,148,0,None,119,59.30632410039069,11,94.5,142.07999999999998
13.3,12.6,33,85,78,0.88,1033,61,30,107,0,None,103,77.66911453450035,7,81.5,94.16
15.1,12.7,35,99,85,0.86,1453,71,34,241,0,None,116,96.22510183768091,14,92.0,207.26
19.0,16.2,18,74,93,0.92,1690,79,21,294,0,None,125,88.94732160667284,-19,83.5,270.48
14.3,19.4,17,95,78,1.34,1115,64,23,168,1,Gearbox,127,77.97197344617241,17,86.5,225.12
8.8,16.6,44,81,94,0.98,1503,69,28,213,0,None,119,170.79526045993128,-13,87.5,208.74
15.4,16.7,25,81,75,0.81,1908,73,30,276,0,None,96,123.89602344414062,6,78.0,223.56
12.1,19.9,40,78,77,0.68,1464,71,21,237,0,None,113,120.99163554410286,1,77.5,161.16000000000003
10.8,11.5,36,75,79,0.78,1429,67,22,145,0,None,110,132.31469230121084,-4,77.0,113.10000000000001
11.6,10.3,33,83,84,0.96,1544,76,18,31,0,None,131,133.10333353160902,-1,83.5,29.759999999999998
13.8,17.5,36,100,81,1.05,1662,68,29,111,0,None,123,120.43469533717729,19,90.5,116.55000000000001
22.7,14.4,18,80,83,1.12,1232,68,22,124,0,None,119,54.27310384444765,-3,81.5,138.88000000000002
19.7,14.3,27,84,94,0.57,1268,60,18,161,0,None,142,64.3654495606855,-10,89.0,91.77
18.4,12.3,33,77,82,1.11,1072,77,28,181,0,None,103,58.26083790171854,-5,79.5,200.91000000000003
14.4,15.1,41,80,92,0.85,1944,80,15,277,0,None,142,134.9999062500651,-12,86.0,235.45
5.0,14.4,36,72,76,0.76,952,75,34,195,0,None,80,190.3996192007616,-4,74.0,148.2
11.8,13.5,23,99,91,0.83,1407,79,28,297,0,None,134,119.23718708712958,8,95.0,246.51
21.3,14.4,45,85,93,1.28,1652,70,27,160,1,Blades,124,77.5586490334981,-8,89.0,204.8
12.8,13.8,34,92,81,1.3,1682,72,28,148,0,None,117,131.4061473389474,11,86.5,192.4
16.3,19.4,30,85,86,0.6,1589,78,21,204,0,None,129,97.48460277018235,-1,85.5,122.39999999999999
9.1,19.8,38,93,79,0.99,1275,70,20,158,0,None,132,140.1097361431471,14,86.0,156.42
23.3,18.4,33,86,77,1.03,985,61,26,227,0,None,111,42.27465996795709,9,81.5,233.81
23.5,19.9,36,91,90,0.53,1925,75,34,204,0,None,113,81.91485875963457,1,90.5,108.12
7.9,12.7,34,91,88,1.22,1110,63,21,218,0,None,137,140.5061512580364,3,89.5,265.96
19.5,18.4,20,86,90,0.87,1900,67,29,130,0,None,118,97.43584746879617,-4,88.0,113.1
6.5,14.1,31,77,84,0.92,1148,77,34,63,0,None,93,176.61511289982633,-7,80.5,57.96
17.0,17.5,23,76,80,1.11,978,66,26,82,0,None,104,57.52937792389534,-4,78.0,91.02000000000001
8.6,12.0,32,96,84,0.97,992,79,24,299,0,None,132,115.3487030829034,12,90.0,290.03
7.9,18.1,19,74,76,1.25,1294,76,30,35,0,None,90,163.7972610161253,-2,75.0,43.75
5.1,10.8,22,87,81,1.1,1067,79,18,283,0,None,132,209.21527604847836,6,84.0,311.3
23.8,12.7,39,85,81,0.73,1431,62,16,163,0,None,134,60.12602515713228,4,83.0,118.99
21.6,18.2,27,94,89,1.37,1399,66,22,252,1,Gearbox,139,64.76848853310716,5,91.5,345.24
6.5,17.5,35,74,76,0.72,1820,76,32,278,0,None,86,279.99956923143196,-2,75.0,200.16
17.0,15.0,30,91,80,1.21,1665,73,17,233,0,None,137,97.94111885816538,11,85.5,281.93
9.7,16.7,25,88,81,1.29,1668,75,27,278,0,None,115,171.95858560970558,7,84.5,358.62
10.3,11.9,30,91,86,1.19,1550,77,16,158,0,None,145,150.4852907909798,5,88.5,188.01999999999998
22.5,16.7,39,89,80,0.92,952,65,25,64,0,None,119,42.311092306181195,9,84.5,58.88
7.3,10.1,23,87,78,1.38,1722,79,18,116,0,None,129,235.89008782179752,9,82.5,160.07999999999998
17.0,18.3,28,98,80,0.83,1294,75,27,88,0,None,124,76.11760228376336,18,89.0,73.03999999999999
13.0,15.2,21,80,83,1.19,1820,79,21,240,0,None,121,139.99989230777516,-3,81.5,285.59999999999997
8.8,19.4,26,76,86,1.38,1171,62,22,278,0,None,118,133.06803060451068,-10,81.0,383.64
14.0,14.8,42,94,76,0.66,1637,71,16,291,0,None,138,116.92848790822292,18,85.0,192.06
23.8,14.3,39,74,81,1.15,1564,76,31,287,0,None,93,65.7142581032529,-7,77.5,330.04999999999995
20.6,14.5,26,90,90,1.4,1023,62,27,52,0,None,126,49.6601700678786,0,90.0,72.8
7.6,13.6,19,86,87,0.6,1050,70,27,212,0,None,119,138.15771295037771,-1,86.5,127.19999999999999
22.0,11.7,28,70,84,0.65,2000,76,28,202,0,None,98,90.90904958679565,-14,77.0,131.3
23.7,18.4,38,77,84,0.88,1269,61,28,193,0,None,105,53.54428120494464,-7,80.5,169.84
10.5,13.9,16,85,82,1.49,1348,74,22,31,0,None,123,128.38083011349514,3,83.5,46.19
11.7,15.3,37,80,82,0.72,1841,79,20,128,0,None,122,157.35029286299758,-2,81.0,92.16
7.5,10.2,35,83,83,0.82,1594,61,21,40,0,None,124,212.5330499559334,0,83.0,32.8
11.9,10.6,17,88,92,1.34,1647,78,31,179,1,Generator,118,138.40324503928989,-4,90.0,239.86
18.5,16.0,34,92,84,0.63,1600,68,18,38,0,None,140,86.4864397370596,8,88.0,23.94
10.4,18.8,24,75,88,1.5,1256,60,25,31,0,None,113,120.76911464508207,-13,81.5,46.5
5.1,14.9,20,78,91,1.24,1812,67,28,99,0,None,113,355.2934209932922,-13,84.5,122.76
11.8,11.6,27,89,84,1.46,937,66,25,265,0,None,123,79.40671236719291,5,86.5,386.9
14.1,11.2,21,88,92,0.64,1304,65,26,104,0,None,128,92.48220391333057,-4,90.0,66.56
16.3,19.0,40,92,95,0.73,1950,77,32,217,0,None,123,119.631828446731,-3,93.5,158.41
18.7,17.0,37,89,85,0.87,1316,69,22,40,0,None,130,70.3742939174899,4,87.0,34.8
6.2,19.7,44,80,83,0.55,918,66,22,199,0,None,119,148.06427731568175,-3,81.5,109.45
14.4,10.8,31,85,91,0.56,1111,66,18,243,0,None,140,77.15272419949709,-6,88.0,136.08
10.3,19.0,18,97,88,1.4,1939,80,30,194,1,Gearbox,125,188.25224441529667,9,92.5,271.59999999999997
24.0,18.5,26,76,87,0.54,1834,72,19,162,0,None,125,76.41663482640216,-11,81.5,87.48
12.2,18.9,40,81,93,1.25,1115,61,25,54,0,None,124,91.39336771035434,-12,87.0,67.5
7.0,10.1,27,95,88,1.22,1975,78,32,201,0,None,119,282.1424540822085,7,91.5,245.22
5.8,17.4,29,81,88,0.57,1075,75,17,148,0,None,135,185.34450802671032,-7,84.5,84.36
10.3,15.5,27,82,79,0.69,1992,64,18,85,0,None,125,193.39787048750438,3,80.5,58.65
8.6,15.7,22,80,89,0.95,1829,62,19,174,0,None,131,212.67417130910314,-9,84.5,165.29999999999998
18.0,14.7,17,97,93,1.14,1904,68,18,224,0,None,154,105.77771901237833,4,95.0,255.35999999999999
21.9,17.4,20,90,87,1.4,1054,64,34,93,0,None,109,48.12783190509959,3,88.5,130.2
11.3,20.0,26,76,93,1.03,1232,74,30,84,0,None,109,109.02645218898036,-17,84.5,86.52
16.6,17.1,22,92,82,1.44,1672,63,24,197,1,Gearbox,126,100.7228308898609,10,87.0,283.68
19.6,16.8,32,71,76,0.69,1456,70,21,194,0,None,105,74.28567638485899,-5,73.5,133.85999999999999
13.0,16.5,33,82,84,1.12,1221,73,17,30,0,None,132,93.92300467461179,-2,83.0,33.6
6.3,17.0,32,97,75,1.34,1665,73,15,138,1,Gearbox,142,264.2852947852464,22,86.0,184.92000000000002
9.6,13.4,18,91,78,0.73,1758,75,28,135,0,None,113,183.1248092449904,13,84.5,98.55
22.7,13.2,35,94,79,1.29,1214,70,25,135,0,None,123,53.480152651915134,15,86.5,174.15
21.5,17.8,27,98,86,0.9,994,64,27,210,0,None,130,46.23253663602947,12,92.0,189.0
6.7,10.5,41,93,94,1.5,1532,67,18,177,1,Gearbox,151,228.6563751397386,-1,93.5,265.5
9.5,17.6,31,73,75,0.59,1336,68,27,220,0,None,94,140.63143091428324,-2,74.0,129.79999999999998
20.4,18.1,18,77,80,1.05,1866,74,19,77,0,None,119,91.47054339679246,-3,78.5,80.85000000000001
14.7,15.2,15,85,94,1.28,950,73,16,126,0,None,147,64.62580637700248,-9,89.5,161.28
20.2,19.1,36,70,93,1.18,1602,70,32,192,0,None,99,79.30689143223196,-23,81.5,226.56
9.2,14.7,27,89,92,1.01,952,69,32,33,0,None,117,103.47814839331697,-3,90.5,33.33
24.1,11.8,24,90,77,1.01,1025,61,27,267,0,None,113,42.531102684189754,13,83.5,269.67
20.7,13.6,28,91,88,0.91,1306,74,33,146,0,None,113,63.091756960503886,3,89.5,132.86
8.9,19.1,17,87,79,0.84,1151,76,30,281,0,None,106,129.32569738685686,8,83.0,236.04
16.2,19.9,27,84,88,1.09,1078,78,20,50,0,None,132,66.54316880051309,-4,86.0,54.50000000000001
7.3,14.2,24,96,84,1.25,1772,60,33,144,0,None,114,242.73939350768015,12,90.0,180.0
12.2,11.7,39,93,88,0.78,1155,77,23,41,0,None,135,94.6720535474971,5,90.5,31.98
18.2,12.9,20,88,84,1.45,1301,78,35,227,0,None,102,71.48347720688066,4,86.0,329.15
11.6,15.5,38,71,93,0.86,1899,73,29,248,0,None,106,163.70675542521084,-22,82.0,213.28
18.1,15.7,30,91,76,0.93,1764,66,19,193,0,None,129,97.4585096914311,15,83.5,179.49
9.9,16.3,17,87,79,0.91,1476,78,23,169,0,None,120,149.09075849418335,8,83.0,153.79
19.4,18.4,44,91,92,0.61,1003,67,28,94,0,None,127,51.70100427783285,-1,91.5,57.339999999999996
12.2,17.1,37,79,90,0.62,1940,72,31,117,0,None,107,159.0162631014237,-11,84.5,72.54
20.8,12.6,23,93,79,1.3,1680,69,27,110,0,None,118,80.7691919378885,14,86.0,143.0
7.7,14.0,32,83,77,0.88,939,78,30,192,0,None,100,121.9478935741642,6,80.0,168.96
12.2,18.4,42,97,81,0.72,1944,65,25,45,0,None,128,159.34413168513797,16,89.0,32.4
14.3,16.3,43,73,85,1.21,979,67,21,214,0,None,116,68.46149058637022,-12,79.0,258.94
13.5,11.7,37,85,76,1.46,1563,68,29,140,0,None,103,115.77769201652444,9,80.5,204.4
13.7,13.3,37,76,92,1.44,1333,77,31,179,1,Generator,106,97.29919905167954,-16,84.0,257.76
13.9,17.9,23,84,85,1.22,1979,66,21,215,0,None,127,142.37399829208755,-1,84.5,262.3
24.8,11.7,45,81,93,0.69,1915,66,24,245,1,Blades,126,77.21771079931015,-12,87.0,169.04999999999998
8.9,16.9,22,94,82,0.65,1559,76,22,143,0,None,132,175.16834250748033,12,88.0,92.95
20.4,15.6,18,75,76,1.37,1671,68,18,84,0,None,115,81.91172455307621,-1,75.5,115.08000000000001
16.0,11.5,44,88,92,1.46,1804,73,30,46,1,Generator,120,112.74992953129404,-4,90.0,67.16
13.3,16.9,20,82,78,1.12,1802,78,25,75,0,None,110,135.48861993336845,4,80.0,84.00000000000001
17.7,11.4,31,86,82,1.4,1559,65,18,191,0,None,132,88.07904628302471,4,84.0,267.4
22.1,14.0,29,91,84,1.31,1177,69,22,144,1,Gearbox,131,53.25789445344142,7,87.5,188.64000000000001
14.3,13.1,40,81,85,0.65,1244,70,30,45,0,None,106,86.9929461587789,-4,83.0,29.25
22.3,16.9,27,81,75,0.72,1632,71,23,120,0,None,110,73.183823684384,6,78.0,86.39999999999999
6.9,17.8,30,72,86,0.57,1657,78,16,285,0,None,126,240.1445795006094,-14,79.0,162.45
18.1,11.7,16,87,77,0.97,1309,80,17,33,0,None,130,72.32040203292705,10,82.0,32.01
11.7,18.1,21,83,82,0.82,1877,76,35,215,0,None,95,160.4272133100741,1,82.5,176.29999999999998
12.7,10.1,40,94,95,0.93,1340,61,24,167,0,None,141,105.51172794352131,-1,94.5,155.31
16.4,15.3,29,83,81,0.51,1668,62,28,95,0,None,108,101.7072550565518,2,82.0,48.45
14.6,15.2,22,99,91,1.22,1130,62,27,88,0,None,136,77.39720726218681,8,95.0,107.36
12.6,16.2,26,75,85,0.7,1288,71,18,252,0,None,124,102.22214109353882,-10,80.0,176.39999999999998
11.2,12.4,24,78,79,0.87,1501,61,23,193,0,None,111,134.01773748416298,-1,78.5,167.91
17.4,10.1,32,82,89,0.9,941,70,29,119,0,None,113,54.080428689408805,-7,85.5,107.10000000000001
15.1,14.5,17,75,86,0.57,946,75,23,136,0,None,115,62.648965133135675,-11,80.5,77.52
11.5,10.7,22,99,86,0.87,1197,66,27,160,0,None,131,104.08686601142087,13,92.5,139.2
9.1,18.9,26,89,76,1.4,1811,69,22,123,0,None,121,199.01077031783484,13,82.5,172.2
20.5,11.7,43,70,82,1.39,1138,62,20,65,1,Blades,112,55.512168042844856,-12,76.0,90.35
21.0,14.3,34,87,90,0.52,1874,61,15,217,0,None,147,89.23805274378441,-3,88.5,112.84
9.3,14.3,30,93,91,0.53,1688,71,23,239,0,None,138,181.50518117722453,2,92.0,126.67
10.2,15.5,21,72,91,1.09,1658,60,23,96,0,None,117,162.54886024621547,-19,81.5,104.64000000000001
9.8,17.8,32,87,76,0.7,1642,74,24,161,0,None,115,167.55084943790874,11,81.5,112.69999999999999
22.7,14.7,43,81,78,1.4,1974,63,15,297,1,Blades,129,86.96031411439907,3,79.5,415.79999999999995
20.5,10.3,32,87,95,0.98,1597,78,25,200,0,None,132,77.90240102321901,-8,91.0,196.0
6.5,17.7,20,78,78,0.83,1614,77,17,266,0,None,122,248.3073102964457,0,78.0,220.78
21.7,10.8,45,90,79,1.45,1399,65,25,52,1,Blades,119,64.47001637326434,11,84.5,75.39999999999999
5.7,16.4,30,90,91,0.82,1860,65,22,110,0,None,137,326.3152169908474,-1,90.5,90.19999999999999
10.1,18.0,25,86,83,0.82,963,61,16,94,0,None,137,95.34644025104926,3,84.5,77.08
23.4,12.8,30,98,77,0.63,1279,80,18,222,0,None,139,54.65809629995885,21,87.5,139.86
22.3,14.5,23,97,78,0.72,1215,61,20,145,0,None,135,54.48428050032265,19,87.5,104.39999999999999
20.6,10.1,16,71,77,1.26,1338,70,20,195,0,None,108,64.95142478086176,-6,74.0,245.7
14.2,18.0,42,79,79,1.26,1428,77,27,279,0,None,104,100.56330946245814,0,79.0,351.54
11.4,17.0,28,81,85,0.89,1952,63,16,63,0,None,134,171.2279199755088,-4,83.0,56.07
22.6,12.3,38,72,75,0.85,1917,75,24,55,0,None,99,84.82297131726932,-3,73.5,46.75
18.1,13.9,44,86,77,0.92,1572,63,31,210,0,None,101,86.850780745425,9,81.5,193.20000000000002
10.9,17.0,34,71,93,0.8,922,66,21,243,0,None,122,84.58707836047857,-22,82.0,194.4
14.3,13.6,36,90,93,1.11,1511,65,27,298,0,None,129,105.66426177324351,-3,91.5,330.78000000000003
22.6,11.6,43,70,92,1.34,975,61,33,109,1,Generator,96,43.14157383116202,-22,81.0,146.06
23.1,15.2,30,71,89,0.51,1296,62,31,73,0,None,98,56.1038718165057,-18,80.0,37.230000000000004
18.2,17.2,25,95,88,1.44,1235,74,32,262,1,Gearbox,119,67.85710557301891,7,91.5,377.28
19.7,13.2,43,78,81,0.62,1613,62,24,203,0,None,111,81.87813102632943,-3,79.5,125.86
5.8,11.2,17,72,82,1.4,920,80,17,262,0,None,120,158.62041617169626,-10,77.0,366.79999999999995
17.1,18.3,21,82,80,0.73,1768,65,25,110,0,None,112,103.39175240248397,2,81.0,80.3
18.8,12.5,25,72,95,1.42,1809,62,16,135,1,Generator,135,96.22335307268453,-23,83.5,191.7
5.4,15.1,38,93,88,1.29,936,67,25,153,0,None,131,173.33301234627342,5,90.5,197.37
21.9,16.9,42,85,94,0.77,990,66,25,176,1,Blades,129,45.20545881029278,-9,89.5,135.52
23.6,13.2,29,87,80,0.53,1913,62,31,137,0,None,105,81.05928768674251,7,83.5,72.61
9.8,16.5,24,93,87,1.22,1578,73,26,94,0,None,128,161.020243856894,6,90.0,114.67999999999999
21.9,14.6,26,94,90,1.32,1956,76,17,80,1,Gearbox,150,89.31502771003302,4,92.0,105.60000000000001
18.3,15.7,35,74,77,1.18,1403,60,24,205,0,None,103,76.66662477233619,-3,75.5,241.89999999999998
16.6,15.9,20,78,88,0.88,1110,71,30,68,0,None,106,66.86742959793398,-10,83.0,59.84
21.9,18.2,31,75,78,0.63,1307,73,17,105,0,None,119,59.680338045507746,-3,76.5,66.15
10.7,16.6,33,72,82,0.85,1922,80,25,190,0,None,104,179.6260003495324,-10,77.0,161.5
20.8,12.6,36,86,89,0.77,1027,73,25,181,0,None,125,49.37497626203064,-3,87.5,139.37
11.3,10.6,33,77,84,1.22,1881,66,34,281,0,None,93,166.46002968138967,-7,80.5,342.82
20.7,10.0,18,75,93,0.66,1483,73,31,180,0,None,106,71.64247746740219,-18,84.0,118.80000000000001
14.0,19.0,36,85,80,1.32,977,66,20,216,0,None,125,69.78566443881111,5,82.5,285.12
7.3,19.4,16,89,78,1.11,1340,63,31,272,0,None,105,183.5613923816543,11,83.5,301.92
12.6,10.9,27,93,82,0.98,1168,75,24,79,0,None,127,92.69833912830228,11,87.5,77.42
9.7,14.9,28,71,92,0.86,1533,70,25,81,0,None,113,158.04107418445963,-21,81.5,69.66
7.0,11.5,18,86,92,1.01,1068,79,22,103,0,None,134,152.57121061255629,-6,89.0,104.03
7.2,19.5,15,78,82,1.04,1935,61,17,263,0,None,126,268.7496267366295,-4,80.0,273.52
20.6,12.5,17,100,91,0.74,1132,70,35,251,0,None,121,54.95142963522833,9,95.5,185.74
22.6,15.0,28,75,77,1.49,1596,65,17,188,0,None,118,70.61943777900983,-2,76.0,280.12
23.5,11.7,22,83,75,1.41,1814,70,17,211,0,None,124,77.19145651427382,8,79.0,297.51
22.1,13.3,17,99,92,0.89,1555,61,17,33,0,None,157,70.3619591122357,7,95.5,29.37
21.6,12.7,23,76,92,0.75,1621,61,21,102,0,None,126,75.04626155265669,-16,84.0,76.5
6.4,14.8,31,94,78,0.81,1350,71,26,48,0,None,120,210.93717041067123,16,86.0,38.88
20.8,14.2,37,77,81,1.48,1012,67,30,272,0,None,98,48.65382276258521,-4,79.0,402.56
20.7,13.3,27,72,92,0.91,1044,60,30,248,0,None,104,50.43475824407815,-20,82.0,225.68
7.6,11.1,33,71,77,1.41,1672,72,25,125,0,None,98,219.9997105266967,-6,74.0,176.25
18.2,14.8,33,98,92,0.56,1777,69,32,65,0,None,126,97.63730899048957,6,95.0,36.400000000000006
14.1,18.5,42,76,86,1.28,1827,80,15,117,0,None,132,129.57437618838568,-10,81.0,149.76
23.0,17.3,20,79,88,1.26,1299,77,16,194,0,None,135,56.4782363138103,-9,83.5,244.44
18.9,17.2,29,99,87,1.15,1966,75,28,193,0,None,130,104.02110898354023,12,93.0,221.95
24.0,13.7,34,90,87,0.62,1606,70,24,274,0,None,129,66.91663878473383,3,88.5,169.88
7.1,17.1,31,85,79,1.48,1069,70,25,134,0,None,114,150.56316822088985,6,82.0,198.32
5.8,14.7,29,83,80,0.71,974,79,19,236,0,None,125,167.9307449469915,3,81.5,167.56
24.5,11.5,44,71,87,1.21,1499,75,32,82,1,Blades,94,61.18364849647,-16,79.0,99.22
6.6,14.2,43,95,83,1.25,1715,62,25,216,0,None,128,259.84809113925587,12,89.0,270.0
12.7,11.3,33,93,86,1.26,920,69,19,168,0,None,141,72.4408878418206,7,89.5,211.68
18.0,11.1,28,73,80,1.33,925,68,18,236,0,None,117,51.38886033952203,-7,76.5,313.88
22.6,10.2,38,81,84,1.49,1536,62,35,33,0,None,95,67.96457169709217,-3,82.5,49.17
10.1,12.8,30,97,78,0.6,1989,77,30,273,0,None,115,196.93049808861576,19,87.5,163.79999999999998
5.6,13.3,45,77,76,0.97,1711,66,26,86,0,None,101,305.5351686871988,1,76.5,83.42
15.4,17.0,36,88,94,1.47,1067,67,26,117,1,Generator,130,69.28566929501994,-6,91.0,171.99
14.4,15.4,17,85,89,1.38,996,80,17,34,0,None,140,69.16661863429262,-4,87.0,46.919999999999995
11.1,18.6,27,95,85,1.49,1796,74,29,131,1,Gearbox,122,161.80165603454412,10,90.0,195.19
22.5,11.8,37,71,86,1.08,1791,76,33,92,0,None,91,79.59996462223795,-15,78.5,99.36000000000001
20.0,12.7,40,94,85,1.17,1403,62,33,169,0,None,113,70.14996492501754,9,89.5,197.73
22.2,19.4,39,74,93,0.76,939,71,31,209,0,None,105,42.29727824446926,-19,83.5,158.84
8.2,14.4,44,70,90,0.96,1743,74,28,31,0,None,104,212.5607163893703,-20,80.0,29.759999999999998
18.8,17.9,30,88,82,0.52,1353,76,20,68,0,None,130,71.968046825507,6,85.0,35.36
24.5,14.9,19,78,79,1.22,1798,78,22,187,0,None,113,73.38772514786729,-1,78.5,228.14
17.2,14.7,35,91,76,1.43,1059,62,32,57,1,Gearbox,103,61.56973164550486,15,83.5,81.50999999999999
8.4,11.5,17,84,78,0.61,1410,75,29,200,0,None,104,167.85694302744878,6,81.0,122.0
24.9,18.5,44,88,85,0.95,1479,62,35,98,1,Blades,103,59.39756650700141,3,86.5,93.1
15.6,10.8,38,91,79,1.12,1307,68,17,184,0,None,136,83.78199757564258,12,85.0,206.08
21.8,13.1,44,98,81,1.13,1989,69,22,229,1,Blades,135,91.23849025757328,17,89.5,258.77
8.0,16.7,26,95,78,0.81,1739,66,33,198,0,None,107,217.37472828158965,17,86.5,160.38000000000002
18.3,15.1,15,85,93,0.52,1813,77,16,190,0,None,146,99.07098411421633,-8,89.0,98.8
23.3,18.8,31,83,76,1.39,1165,72,22,249,0,None,115,49.99997854078174,7,79.5,346.10999999999996
15.6,10.4,19,90,82,0.59,1323,63,34,123,0,None,104,84.80763794382183,8,86.0,72.57
10.8,16.5,35,92,80,0.68,1022,67,26,272,0,None,120,94.62954200968332,12,86.0,184.96
7.5,14.8,30,75,75,1.46,1998,62,21,130,0,None,108,266.3996448004736,0,75.0,189.79999999999998
10.9,11.5,38,71,94,1.0,1183,70,34,254,0,None,97,108.53201052109127,-23,82.5,254.0
12.1,17.4,24,84,81,1.37,1011,67,22,115,0,None,121,83.5536499556612,3,82.5,157.55
19.2,14.1,40,73,85,1.4,1126,66,18,146,0,None,122,58.64580278864438,-12,79.0,204.39999999999998
8.6,15.3,35,78,87,1.49,1529,77,27,245,0,None,111,177.79049094128962,-9,82.5,365.05
7.1,19.7,45,88,87,0.54,1269,77,29,189,0,None,117,178.73214263078503,1,87.5,102.06
12.7,14.9,20,75,84,0.55,1080,74,17,198,0,None,125,85.03930311865896,-9,79.5,108.9
14.2,18.2,17,71,87,0.69,1415,78,27,272,0,None,104,99.64781714942455,-16,79.0,187.67999999999998
17.6,17.7,41,87,90,1.16,1638,73,22,172,0,None,133,93.06812893856309,-3,88.5,199.51999999999998
19.2,16.6,25,84,94,0.76,1631,72,17,80,0,None,144,84.94787242298312,-10,89.0,60.8
22.8,19.0,28,79,88,1.0,916,62,28,55,0,None,111,40.17542097569255,-9,83.5,55.0
10.8,12.5,43,84,84,1.29,1731,60,20,145,0,None,128,160.2776293725654,0,84.0,187.05
15.6,18.2,28,91,84,0.69,1165,64,18,220,0,None,139,74.67943930805173,7,87.5,151.79999999999998
12.3,13.8,24,73,89,0.79,1914,76,17,292,0,None,128,155.609629585667,-16,81.0,230.68
5.0,18.1,17,78,88,1.23,1052,79,23,152,0,None,120,210.3995792008416,-10,83.0,186.96
16.6,14.9,28,94,83,0.51,1339,65,27,182,0,None,123,80.66260201048071,11,88.5,92.82000000000001
21.3,18.6,35,90,82,1.26,1243,63,35,56,0,None,102,58.356780114187735,8,86.0,70.56
5.7,18.9,23,78,95,1.18,1441,77,22,252,0,None,129,252.80657402355436,-17,86.5,297.35999999999996
5.1,16.0,37,82,90,0.63,1245,68,27,58,0,None,118,244.11716839770907,-8,86.0,36.54
19.6,15.1,29,74,79,0.74,1748,80,17,284,0,None,119,89.18362796753675,-5,76.5,210.16
18.7,17.8,41,78,81,0.52,1320,79,34,97,0,None,91,70.58819754641843,-3,79.5,50.440000000000005
13.1,12.7,20,95,93,1.08,1285,67,30,128,0,None,128,98.09152817440598,2,94.0,138.24
18.2,10.2,38,83,88,0.9,1968,71,29,47,0,None,113,108.13180871878643,-5,85.5,42.300000000000004
24.1,14.1,43,89,81,0.92,1344,74,26,69,1,Blades,118,55.76761171468393,8,85.0,63.480000000000004
10.0,15.1,37,75,82,0.6,1043,73,26,78,0,None,105,104.2998957001043,-7,78.5,46.8
9.9,13.0,27,75,83,0.85,1195,80,24,62,0,None,110,120.70694878085982,-8,79.0,52.699999999999996
8.7,13.8,22,98,79,1.42,1696,67,16,36,1,Gearbox,145,194.94230466401766,19,88.5,51.12
19.5,11.3,18,95,85,0.56,1188,75,16,208,0,None,148,60.923045680489395,10,90.0,116.48000000000002
12.1,12.8,34,94,90,1.47,1649,72,19,115,1,Gearbox,146,136.2808791067115,4,92.0,169.04999999999998
24.8,12.4,19,80,86,1.35,1906,70,19,265,0,None,128,76.85480771983559,-6,83.0,357.75
19.3,13.0,40,87,88,0.7,1312,63,16,247,0,None,143,67.97923938899514,-1,87.5,172.89999999999998
12.3,13.0,44,85,87,1.21,1112,75,25,120,0,None,122,90.40643056387759,-2,86.0,145.2
8.0,15.6,19,99,76,0.59,1688,68,25,286,0,None,125,210.9997362503297,23,87.5,168.73999999999998
16.8,12.5,26,77,79,0.66,1382,63,27,136,0,None,102,82.26185579651441,-2,78.0,89.76
10.9,19.4,43,98,82,0.99,951,60,31,180,0,None,118,87.24762637832443,16,90.0,178.2
23.1,15.1,29,91,93,0.9,1536,63,34,105,0,None,116,66.49347770845121,-2,92.0,94.5
13.8,11.3,31,82,82,1.32,1539,74,34,280,0,None,96,111.5216583176389,0,82.0,369.6
10.9,12.8,37,78,82,1.44,1650,75,33,41,0,None,94,151.37600791191934,-4,80.0,59.04
16.8,17.3,21,93,77,1.44,1709,61,30,142,1,Gearbox,110,101.72612992492266,16,85.0,204.48
7.7,10.1,44,95,94,0.65,1610,63,28,128,0,None,133,209.09063754462656,1,94.5,83.2
16.2,19.4,38,81,91,1.19,1272,80,17,269,0,None,138,78.51847005032714,-10,86.0,320.11
6.1,14.5,20,75,90,1.07,1819,68,28,237,0,None,109,298.19623246519274,-15,82.5,253.59
17.1,15.2,18,85,83,0.87,1929,78,18,147,0,None,132,112.8069515748821,2,84.0,127.89
15.6,19.9,43,84,77,1.49,1232,68,30,211,0,None,101,78.97430834980234,7,80.5,314.39
15.4,15.0,36,92,80,0.96,1210,71,18,237,0,None,136,78.57137755105354,12,86.0,227.51999999999998
18.7,19.5,16,99,92,1.17,1464,78,29,164,0,None,133,78.28872818784589,7,95.5,191.88
5.9,19.2,19,86,79,1.0,1984,80,16,283,0,None,133,336.2706164904805,7,82.5,283.0
14.2,19.4,16,92,93,0.6,1080,61,21,145,0,None,143,76.0562844674053,-1,92.5,87.0
13.9,18.1,44,81,86,0.64,1444,73,22,226,0,None,123,103.88481734905227,-5,83.5,144.64000000000001
14.2,13.0,30,88,89,1.25,1114,69,21,57,0,None,135,78.45064897841621,-1,88.5,71.25
24.6,13.5,29,73,84,1.3,1351,71,21,258,0,None,115,54.91867686232648,-11,78.5,335.40000000000003
7.8,13.6,44,94,94,0.86,1317,64,26,183,0,None,136,168.84593737700337,0,94.0,157.38
18.8,19.8,30,80,80,0.57,1528,78,31,198,0,None,98,81.27655251247207,0,80.0,112.85999999999999
13.0,13.6,31,72,86,1.46,938,66,32,266,0,None,94,72.15379065093028,-14,79.0,388.36
15.2,11.1,45,100,76,1.0,1788,63,16,174,0,None,144,117.63150155822267,24,88.0,174.0
20.2,17.8,18,97,85,0.63,1680,74,19,135,0,None,144,83.16827565926948,12,91.0,85.05
8.1,13.7,45,76,94,0.7,2000,80,21,36,0,None,128,246.9132754157094,-18,85.0,25.2
20.3,16.2,20,81,77,0.55,1181,65,29,65,0,None,100,58.17731124270382,4,79.0,35.75
6.4,19.2,29,98,85,1.21,1855,69,23,126,0,None,137,289.8432971198483,13,91.5,152.46
14.7,15.8,25,94,87,1.2,1571,61,25,202,0,None,131,106.87067559817987,7,90.5,242.39999999999998
19.8,16.4,44,97,94,1.1,1154,67,31,215,0,None,129,58.28279884707129,3,95.5,236.50000000000003
8.9,16.4,30,87,81,1.05,1225,76,28,30,0,None,112,137.64029478618562,6,84.0,31.5
20.4,16.1,16,77,85,0.88,922,78,27,221,0,None,108,45.196056276443,-8,81.0,194.48
8.3,11.6,22,77,95,1.45,1278,65,27,192,1,Generator,118,153.97571810154446,-18,86.0,278.4
21.0,14.6,28,86,90,1.3,1889,71,19,39,0,None,138,89.95233811793423,-4,88.0,50.7
14.4,10.1,35,98,91,1.41,983,76,17,44,1,Gearbox,155,68.26384148344341,7,94.5,62.04
18.7,16.3,32,89,91,0.81,1921,60,22,41,0,None,136,102.72721779293167,-2,90.0,33.21
23.3,15.8,40,71,85,1.48,1318,64,30,61,0,None,96,56.56649932768269,-14,78.0,90.28
13.2,13.2,40,87,84,0.67,1715,61,32,98,0,None,107,129.9241439968606,3,85.5,65.66000000000001
9.7,15.2,33,88,80,0.56,1624,63,31,70,0,None,106,167.42250781184762,8,84.0,39.2
22.3,14.9,32,87,84,0.82,1640,64,18,183,0,None,135,73.54256791813097,3,85.5,150.06
8.2,12.5,23,91,75,0.7,1503,61,33,246,0,None,100,183.2924593994398,16,83.0,172.2
17.6,12.9,44,79,77,1.02,1411,69,23,215,0,None,110,80.17040899408579,2,78.0,219.3
23.5,17.6,17,74,81,0.85,1921,68,32,109,0,None,91,81.74464606610806,-7,77.5,92.64999999999999
18.5,17.6,27,93,82,0.67,1648,66,28,202,0,None,119,89.08103292917139,11,87.5,135.34
8.9,14.7,35,76,89,1.34,1576,66,31,246,0,None,103,177.07845272083964,-13,82.5,329.64000000000004
8.0,17.2,43,73,78,1.01,1360,71,16,125,0,None,119,169.99978750026563,-5,75.5,126.25
10.0,14.5,30,81,91,0.61,1148,76,24,182,0,None,124,114.7998852001148,-10,86.0,111.02
12.8,18.5,42,95,91,0.58,902,80,27,272,0,None,132,70.46869494633206,4,93.0,157.76
8.2,13.3,18,72,87,0.88,1979,76,22,261,0,None,115,241.34116909613527,-15,79.5,229.68
21.0,19.3,31,76,85,1.41,1732,68,31,243,0,None,99,82.47615120183276,-9,80.5,342.63
12.1,15.4,24,84,84,1.01,1993,78,29,112,0,None,110,164.71060767718376,0,84.0,113.12
23.7,15.4,39,79,83,0.64,1747,76,23,285,0,None,116,73.71304906622403,-4,81.0,182.4
21.8,16.7,28,92,77,0.75,950,78,24,168,0,None,121,43.577961661485475,15,84.5,126.0
23.2,13.4,29,90,88,0.55,1388,61,25,241,0,None,128,59.82756041915499,2,89.0,132.55
10.9,17.2,17,95,87,1.33,1028,67,26,140,1,Gearbox,130,94.31184008088066,8,91.0,186.20000000000002
16.5,13.2,28,76,75,1.45,1781,61,21,163,0,None,109,107.93932852161907,1,75.5,236.35
11.4,14.0,17,89,79,0.58,1105,66,20,90,0,None,128,96.9297395353162,10,84.0,52.199999999999996
10.1,16.7,24,93,84,0.67,1623,66,17,91,0,None,143,160.69291020503942,9,88.5,60.970000000000006
17.1,13.8,19,72,93,0.67,1624,78,18,280,0,None,129,94.97070469549432,-21,82.5,187.60000000000002
21.4,12.0,25,71,95,1.3,1603,79,24,242,0,None,118,74.90650705303409,-24,83.0,314.6
6.9,18.7,22,87,90,1.34,1866,74,28,60,0,None,121,270.43439067479613,-3,88.5,80.4
10.5,19.2,24,88,90,0.92,1698,66,28,227,0,None,122,161.71413170082695,-2,89.0,208.84
9.1,16.3,19,82,83,1.47,1260,60,24,267,0,None,117,138.46138630616892,-1,82.5,392.49
21.0,18.1,28,71,86,0.76,1246,73,27,138,0,None,103,59.33330507937853,-15,78.5,104.88
23.7,19.9,30,82,80,1.03,925,70,34,192,0,None,94,39.02951939682726,2,81.0,197.76
6.6,16.1,40,89,90,1.5,1899,64,35,42,0,None,109,287.7268367775201,-1,89.5,63.0
12.6,19.1,31,91,76,1.33,1014,64,32,196,1,Gearbox,103,80.47612660624873,15,83.5,260.68
23.3,13.6,22,85,83,0.99,1427,71,33,264,0,None,102,61.24460890789317,2,84.0,261.36
11.9,17.0,37,86,92,0.61,1459,63,18,160,0,None,142,122.60493898744623,-6,89.0,97.6
19.3,10.6,24,90,95,1.4,1393,71,21,143,1,Generator,143,72.17612840615108,-5,92.5,200.2
7.0,17.9,38,83,89,1.04,1532,78,34,174,0,None,104,218.85683020452828,-6,86.0,180.96
13.9,18.3,27,78,79,0.81,1702,76,18,87,0,None,121,122.44595507485246,-1,78.5,70.47
15.1,14.0,30,77,86,0.95,1116,79,32,120,0,None,99,73.90723582302263,-9,81.5,114.0
20.2,16.4,30,93,86,0.81,981,65,24,97,0,None,131,48.56433239389486,7,89.5,78.57000000000001
10.8,18.6,44,85,94,1.05,1843,79,34,296,0,None,111,170.64799014074987,-9,89.5,310.8
10.3,18.8,20,89,92,0.77,1444,70,29,192,0,None,123,140.19403864656442,-3,90.5,147.84
11.1,11.1,43,84,76,0.95,1040,73,22,185,0,None,116,93.69360928503669,8,80.0,175.75
16.1,18.3,32,95,79,0.93,1639,66,17,111,0,None,140,101.80117900547887,16,87.0,103.23
22.5,12.7,45,85,92,1.12,1145,80,20,244,1,Blades,137,50.888866271614994,-7,88.5,273.28000000000003
21.6,17.3,32,100,94,0.51,990,69,29,45,0,None,136,45.83331211420735,6,97.0,22.95
6.2,13.3,35,77,81,1.1,1211,64,21,116,0,None,116,195.32226560924903,-4,79.0,127.60000000000001
22.6,10.6,37,74,89,1.09,1227,71,34,172,0,None,95,54.292011375216205,-15,81.5,187.48000000000002
6.9,12.1,40,81,81,0.89,1855,65,26,143,0,None,110,268.84019008668105,0,81.0,127.27
13.3,14.1,29,98,76,0.75,1238,69,25,38,0,None,124,93.08263677997235,22,87.0,28.5
20.3,17.4,35,96,92,1.34,1758,64,31,190,1,Gearbox,126,86.60094256111203,4,94.0,254.60000000000002
6.6,11.0,33,77,90,0.84,1535,68,31,252,0,None,105,232.57540518878005,-13,83.5,211.67999999999998
5.8,18.1,27,88,76,0.81,1004,62,29,168,0,None,106,173.1031498221555,12,82.0,136.08
11.6,20.0,40,88,78,0.96,1072,66,34,117,0,None,98,92.41371343645395,10,83.0,112.32
19.6,17.9,21,79,95,0.78,988,65,27,107,0,None,120,50.408137546868595,-16,87.0,83.46000000000001
15.4,14.7,20,77,88,1.33,1342,79,33,225,0,None,99,87.14280055662302,-11,82.5,299.25
13.3,15.7,37,82,91,1.06,1967,72,24,209,0,None,125,147.89462564313862,-9,86.5,221.54000000000002
21.3,10.1,34,94,83,1.25,1099,61,30,148,0,None,117,51.59621990787797,11,88.5,185.0
20.3,12.1,25,76,85,1.25,1276,78,20,253,0,None,121,62.85711189304833,-9,80.5,316.25
20.7,19.0,34,83,87,1.29,1802,73,32,240,0,None,106,87.05309804198163,-4,85.0,309.6
14.2,10.2,38,84,91,1.37,1863,67,22,285,1,Generator,131,131.19709070627417,-7,87.5,390.45000000000005
5.4,19.0,22,98,82,1.42,1709,67,30,155,1,Gearbox,120,316.48089540574927,16,90.0,220.1
8.4,11.1,32,79,88,0.88,1414,61,21,79,0,None,125,168.3331329367465,-9,83.5,69.52
19.8,11.3,40,71,91,0.94,1614,79,34,79,0,None,94,81.51511034590386,-20,81.0,74.25999999999999
20.1,11.8,27,91,91,0.55,1395,77,19,219,0,None,144,69.40295054579575,0,91.0,120.45
24.4,18.0,32,93,85,1.43,1833,61,26,82,1,Gearbox,126,75.12292003159016,8,89.0,117.25999999999999
8.8,14.8,17,91,84,1.09,1351,74,23,42,0,None,129,153.52255281528087,7,87.5,45.78
7.5,11.5,40,91,77,1.21,1800,69,26,214,0,None,116,239.99968000042668,14,84.0,258.94
7.8,16.9,39,84,85,0.94,1544,76,20,288,0,None,129,197.9484641686357,-1,84.5,270.71999999999997
8.7,19.4,29,71,89,0.97,1473,72,25,172,0,None,110,169.31015021821815,-18,80.0,166.84
15.6,15.7,19,92,93,1.04,1622,68,18,251,0,None,149,103.97429232417159,-1,92.5,261.04
24.5,11.0,35,98,78,1.3,1221,69,20,232,0,None,136,49.83671435236149,20,88.0,301.6
16.8,10.5,32,75,94,1.11,1331,73,28,135,0,None,113,79.22614331777183,-19,84.5,149.85000000000002
15.5,18.0,43,72,80,1.31,1786,73,24,185,0,None,104,115.2257321124309,-8,76.0,242.35000000000002
18.5,16.3,23,78,79,0.72,1322,71,25,68,0,None,107,71.4594208327455,-1,78.5,48.96
6.5,19.2,16,95,77,0.71,1619,78,34,270,0,None,104,249.07653988224635,18,86.0,191.7
21.3,15.5,23,73,95,0.71,1630,76,19,213,0,None,130,76.52578566864523,-22,84.0,151.23
17.9,10.6,28,91,86,0.5,1857,62,26,153,0,None,125,103.74295880281632,5,88.5,76.5
8.4,14.0,20,72,80,0.68,1388,77,26,187,0,None,100,165.23789852631128,-8,76.0,127.16000000000001
17.6,16.6,44,71,81,0.62,1893,64,24,211,0,None,104,107.55675707002439,-10,76.0,130.82
16.9,13.8,22,97,94,0.95,1992,79,32,223,0,None,127,117.8697527397913,3,95.5,211.85
6.3,20.0,35,93,93,0.63,1086,76,26,107,0,None,134,172.38067876082738,0,93.0,67.41
10.3,14.1,29,88,82,0.92,1687,78,31,283,0,None,108,163.7862487512148,6,85.0,260.36
12.8,15.5,32,75,76,1.5,1668,74,32,276,0,None,87,130.3123981934389,-1,75.5,414.0
9.9,12.3,43,78,92,1.0,1402,73,16,126,0,None,138,141.6160185696782,-14,85.0,126.0
9.9,11.5,31,71,93,1.42,1234,65,34,97,1,Generator,96,124.64633874107199,-22,82.0,137.73999999999998
16.5,16.5,24,89,92,1.2,930,73,30,133,0,None,121,56.363602203877456,-3,90.5,159.6
14.4,15.9,22,91,93,1.39,1600,68,25,65,1,Gearbox,134,111.11103395067087,-2,92.0,90.35
18.3,10.0,42,80,87,1.13,1247,63,31,71,0,None,105,68.14203926664521,-7,83.5,80.22999999999999
24.1,12.8,45,80,92,1.31,1507,67,20,139,1,Generator,132,62.53109438543801,-12,86.0,182.09
18.2,16.4,23,89,94,0.8,1034,73,31,190,0,None,121,56.81315559716726,-5,91.5,152.0
16.6,18.1,37,98,93,0.87,949,78,26,296,0,None,139,57.16864025985526,5,95.5,257.52
22.0,13.1,30,82,87,1.46,1783,69,24,247,0,None,121,81.04541770662831,-5,84.5,360.62
17.6,16.5,36,85,90,0.77,1035,66,26,97,0,None,123,58.806784768872284,-5,87.5,74.69
8.3,12.7,44,91,89,0.92,1051,63,29,63,0,None,122,126.62635346222474,2,90.0,57.96
11.3,16.9,23,80,91,1.15,1528,68,21,67,0,None,129,135.22111927334578,-11,85.5,77.05
19.7,17.0,37,96,80,0.89,1704,66,17,140,0,None,142,86.49741802161522,16,88.0,124.60000000000001
19.8,11.3,28,95,75,0.52,909,69,33,155,0,None,104,45.90906772269307,20,85.0,80.60000000000001
24.7,16.7,35,90,85,1.29,1386,62,34,187,0,None,107,56.113337605936195,5,87.5,241.23000000000002
17.5,13.3,27,86,90,0.84,1594,75,27,44,0,None,122,91.08566223676443,-4,88.0,36.96
23.0,11.7,36,100,78,0.73,1712,60,25,257,0,None,128,74.43475024576077,22,89.0,187.60999999999999
6.1,15.0,25,91,86,1.01,1943,74,16,56,0,None,145,318.5240679933312,5,88.5,56.56
16.3,14.5,30,89,81,0.51,918,66,23,193,0,None,124,56.31898385338414,8,85.0,98.43
23.4,17.7,36,96,92,1.36,1888,67,22,267,1,Gearbox,144,80.68372620353581,4,94.0,363.12
10.7,10.8,16,87,77,0.76,1963,63,23,215,0,None,118,183.45777246937155,10,82.0,163.4
8.1,17.9,25,77,92,1.42,1852,79,29,54,1,Generator,111,228.64169303494688,-15,84.5,76.67999999999999
12.0,11.1,31,74,87,1.18,1944,61,22,90,0,None,117,161.9998650001125,-13,80.5,106.19999999999999
20.8,12.1,17,84,93,1.05,1030,66,31,284,0,None,115,49.51920696191973,-9,88.5,298.2
6.7,15.2,36,85,94,1.31,1991,63,35,174,1,Generator,109,297.16373557651406,-9,89.5,227.94
17.0,14.6,39,95,91,1.49,1742,70,26,90,1,Gearbox,134,102.47052795851297,4,93.0,134.1
7.7,19.9,20,74,86,0.75,976,71,21,256,0,None,118,126.75308213885437,-12,80.0,192.0
13.7,15.9,37,90,78,0.86,1647,64,34,208,0,None,100,120.21889035117493,12,84.0,178.88
24.3,13.3,34,79,80,0.98,1673,73,30,46,0,None,99,68.84770829312416,-1,79.5,45.08
8.9,19.0,27,98,83,1.04,1592,71,19,241,0,None,143,178.8762035098837,15,90.5,250.64000000000001
5.7,13.1,20,84,90,1.05,1862,77,35,237,0,None,104,326.6660935682569,-6,87.0,248.85000000000002
13.5,12.7,44,89,86,1.05,1724,78,15,127,0,None,145,127.7036091084377,3,87.5,133.35
16.6,14.9,29,90,84,1.33,1078,74,27,68,0,None,120,64.93971991583138,6,87.0,90.44
11.0,19.1,21,73,85,0.9,1175,73,29,230,0,None,100,106.81808471083208,-12,79.0,207.0
15.8,17.1,37,96,90,0.51,1410,72,19,43,0,None,148,89.24044984781655,6,93.0,21.93
24.1,16.8,33,75,76,1.38,1334,63,16,173,0,None,119,55.352674127521105,-1,75.5,238.73999999999998
11.2,17.3,39,82,84,1.16,1629,78,15,265,0,None,136,145.44629870866189,-2,83.0,307.4
11.2,16.6,45,90,86,0.69,1050,67,34,174,0,None,108,93.74991629471761,4,88.0,120.05999999999999
14.7,17.6,16,72,87,0.53,1290,74,27,55,0,None,105,87.75504234350862,-15,79.5,29.150000000000002
15.3,11.9,37,87,87,0.82,1167,69,18,201,0,None,138,76.27445995133337,0,87.0,164.82
5.0,11.8,45,82,76,0.62,1223,78,27,135,0,None,104,244.5995108009784,6,79.0,83.7
17.3,13.6,31,72,86,1.4,1682,68,15,288,0,None,128,97.22537732637149,-14,79.0,403.2
24.9,18.5,36,92,86,0.78,989,71,22,228,0,None,134,39.71885955065882,6,89.0,177.84
10.8,17.1,28,85,92,1.21,1876,64,30,197,0,None,117,173.70354286708994,-7,88.5,238.37
17.6,15.7,26,79,90,1.16,1605,71,17,219,0,None,135,91.1931300039034,-11,84.5,254.04
5.1,10.2,36,73,76,1.21,1353,64,27,182,0,None,95,265.2935974635344,-3,74.5,220.22
17.1,12.4,45,86,86,1.03,1434,76,21,266,0,None,130,83.8596000821052,0,86.0,273.98
13.9,18.0,18,79,89,1.23,1668,67,17,296,0,None,134,119.99991366912685,-10,84.0,364.08
15.6,12.4,28,98,87,1.01,1704,68,31,175,0,None,123,109.23069921109025,11,92.5,176.75
15.9,17.3,43,88,89,0.88,1785,73,26,242,0,None,125,112.2640803370564,-1,88.5,212.96
8.5,11.8,18,79,77,1.36,1190,62,31,32,0,None,94,139.99983529431142,2,78.0,43.52
20.4,16.1,35,86,78,0.96,1844,66,34,103,0,None,96,90.392112552886,8,82.0,98.88
16.1,16.3,28,86,87,1.07,1814,79,19,178,0,None,135,112.67073747159162,-1,86.5,190.46
10.4,17.5,26,92,91,0.97,1841,77,18,218,0,None,147,177.0190605585956,1,91.5,211.46
23.7,14.4,21,97,76,1.28,989,65,35,230,0,None,103,41.729940198337474,21,86.5,294.40000000000003
5.3,16.3,20,99,84,1.04,1058,70,20,70,0,None,143,199.62226486365122,15,91.5,72.8
19.5,14.9,30,92,95,0.97,1587,72,24,283,0,None,139,81.3845736489366,-3,93.5,274.51
12.6,19.5,26,86,90,0.76,1948,66,32,191,0,None,112,154.60305190233976,-4,88.0,145.16
15.5,15.2,30,77,84,1.41,1021,67,20,143,0,None,121,65.87092524456436,-7,80.5,201.63
10.8,12.1,21,82,77,1.36,1713,80,29,107,0,None,101,158.61096424910718,5,79.5,145.52
11.4,16.7,26,85,82,0.93,1050,63,31,116,0,None,105,92.10518236387512,3,83.5,107.88000000000001
5.3,15.5,45,74,78,1.16,1946,78,25,233,0,None,102,367.16911854883296,-4,76.0,270.28
19.6,18.0,26,78,93,1.01,1780,67,25,110,0,None,121,90.8162801957754,-15,85.5,111.1
19.2,11.8,27,100,89,0.68,1217,65,20,260,0,None,149,63.38538365344602,11,94.5,176.8
18.1,12.6,16,93,92,0.88,952,65,28,277,0,None,129,52.59665602394694,1,92.5,243.76
22.6,19.2,26,84,93,1.35,1380,66,19,216,1,Generator,139,61.061919884106246,-9,88.5,291.6
23.0,19.3,38,77,87,1.3,1478,66,20,136,0,None,124,64.26084162572103,-10,82.0,176.8
16.1,14.4,30,87,75,0.6,1480,65,27,118,0,None,108,91.92540874198214,12,81.0,70.8
18.7,10.5,35,77,86,0.58,1837,77,21,198,0,None,121,98.23524158543232,-9,81.5,114.83999999999999
5.2,13.1,32,76,91,1.35,1979,65,24,86,1,Generator,119,380.5761911996323,-15,83.5,116.10000000000001
21.9,12.5,18,73,81,1.4,1375,77,34,297,0,None,86,62.785359458739975,-8,77.0,415.79999999999995
21.3,14.1,25,80,94,0.79,1080,79,27,91,0,None,120,50.704201547323215,-14,87.0,71.89
5.4,13.2,36,86,95,0.85,1315,66,30,42,0,None,121,243.51806755913415,-9,90.5,35.699999999999996
15.9,18.3,31,75,86,0.84,1683,71,29,219,0,None,103,105.84899003208174,-11,80.5,183.95999999999998
23.1,10.0,35,76,86,0.63,1542,69,34,96,0,None,94,66.75321785574984,-10,81.0,60.480000000000004
8.6,16.4,26,82,88,1.25,995,77,17,256,0,None,136,115.69753988658154,-6,85.0,320.0
12.1,16.6,21,85,86,0.87,1131,66,19,222,0,None,133,93.47099713140733,-1,85.5,193.14
11.6,16.6,40,93,78,1.34,1663,75,29,75,1,Gearbox,113,143.3619453776333,15,85.5,100.5
12.1,15.2,26,87,80,1.38,1668,70,32,123,0,None,103,137.8511257428713,7,83.5,169.73999999999998
5.8,16.1,35,89,79,1.41,1570,73,30,267,0,None,108,270.68918846691645,10,84.0,376.46999999999997
10.6,18.1,26,91,76,1.32,1223,72,18,145,1,Gearbox,131,115.37724964410411,15,83.5,191.4
10.9,17.8,43,84,78,1.29,1080,61,29,91,0,None,104,99.08247790598357,6,81.0,117.39
22.3,10.3,45,80,94,0.95,1152,72,28,60,1,Blades,118,51.65916965956517,-14,87.0,57.0
12.0,10.3,34,94,86,0.53,1788,77,26,187,0,None,128,148.99987583343682,8,90.0,99.11
13.9,18.4,33,95,78,0.61,1437,66,26,88,0,None,121,103.38122058904993,17,86.5,53.68
12.6,15.7,40,75,89,1.03,1286,68,27,243,0,None,110,102.06341106078487,-14,82.0,250.29000000000002
7.4,19.6,30,99,85,0.86,1050,64,19,253,0,None,146,141.89170014635116,14,92.0,217.57999999999998
24.8,14.3,41,98,79,1.33,1332,64,22,285,1,Gearbox,133,53.70965576223558,19,88.5,379.05
21.5,11.8,27,96,94,1.06,1360,66,27,136,0,None,136,63.25578453219324,2,95.0,144.16
15.8,14.7,16,83,79,0.6,1875,75,17,298,0,None,128,118.67081096784116,4,81.0,178.79999999999998
14.5,14.4,43,95,77,0.98,1934,70,29,85,0,None,114,133.37921835915975,18,86.0,83.3
18.0,15.2,37,89,79,1.32,1823,74,30,222,0,None,108,101.27772151237694,10,84.0,293.04
11.5,18.1,30,76,93,1.36,1327,79,18,110,1,Generator,133,115.3912040076487,-17,84.5,149.60000000000002
6.0,16.6,43,93,92,0.67,1515,75,21,82,0,None,143,252.49957916736807,1,92.5,54.940000000000005
13.1,11.9,42,82,93,0.6,1825,67,20,109,0,None,135,139.3128707535338,-11,87.5,65.39999999999999
24.7,17.3,18,79,93,0.89,955,70,19,50,0,None,134,38.663951957914186,-14,86.0,44.5
8.6,15.9,34,96,77,0.57,1486,66,22,56,0,None,129,172.79049675523635,19,86.5,31.919999999999998
15.6,15.8,31,96,89,1.23,1338,61,30,92,0,None,125,85.76917578898988,7,92.5,113.16
5.2,16.8,38,96,88,0.95,1319,73,23,274,0,None,138,253.65335835892625,8,92.0,260.3
7.4,15.6,24,96,95,0.7,1285,73,26,57,0,None,139,173.64841398862976,1,95.5,39.9
16.7,14.6,15,87,89,0.6,1605,77,17,263,0,None,142,96.10772688160067,-2,88.0,157.79999999999998
10.9,16.4,21,89,91,1.43,1359,63,27,256,1,Generator,126,124.67878469836266,-2,90.0,366.08
23.1,17.2,21,98,89,0.54,1254,78,35,250,0,None,117,54.28569078541524,9,93.5,135.0
13.1,12.3,24,74,87,0.6,1523,76,30,150,0,None,101,116.25945323705861,-13,80.5,90.0
9.2,15.0,26,94,86,0.73,1310,62,25,199,0,None,130,142.39114957483744,8,90.0,145.27
15.9,14.6,36,86,94,0.59,938,80,24,117,0,None,132,58.99367358888453,-8,90.0,69.03
20.9,10.4,17,99,94,1.14,1359,61,33,210,0,None,127,65.02389233306587,5,96.5,239.39999999999998
5.4,18.3,30,89,84,0.72,1116,76,23,153,0,None,127,206.66628395132602,5,86.5,110.16
15.1,13.8,30,75,81,0.98,1010,69,30,126,0,None,96,66.88737292226959,-6,78.0,123.48
20.5,10.7,33,94,85,1.36,1860,77,27,281,1,Gearbox,125,90.73166305772534,9,89.5,382.16
7.1,14.6,24,90,90,1.32,1661,75,28,213,0,None,124,233.94333247417964,0,90.0,281.16
23.1,11.6,23,74,83,0.65,1319,61,17,205,0,None,123,57.099542381150485,-9,78.5,133.25
10.3,17.0,30,70,86,0.59,1984,65,28,201,0,None,100,192.62117221245416,-16,78.0,118.58999999999999
8.4,15.7,35,86,81,1.16,1304,79,28,73,0,None,111,155.23791043105902,5,83.5,84.67999999999999
16.8,12.7,16,77,84,0.71,1169,63,30,273,0,None,101,69.58329191470719,-7,80.5,193.82999999999998
8.5,19.5,24,96,94,1.28,1421,61,29,223,0,None,132,167.176273910266,2,95.0,285.44
18.6,12.9,39,78,79,0.93,1940,63,33,116,0,None,91,104.30101919300043,-1,78.5,107.88000000000001
14.8,15.5,30,90,95,0.65,1630,74,35,198,0,None,115,110.13506071955356,-5,92.5,128.70000000000002
7.2,18.0,44,80,79,1.47,1704,61,19,293,0,None,121,236.6663379634195,1,79.5,430.71
23.2,15.1,41,81,81,0.56,1082,69,33,136,1,Blades,96,46.63791093193495,0,81.0,76.16000000000001
18.5,19.6,25,75,77,0.62,944,62,21,72,0,None,110,51.02699944486517,-2,76.0,44.64
15.9,18.4,37,85,90,1.31,1491,74,20,83,0,None,135,93.77352592860005,-5,87.5,108.73
12.5,19.2,23,87,75,0.95,1263,65,19,35,0,None,124,101.03991916806467,12,81.0,33.25
7.7,13.7,20,87,91,1.44,947,74,26,56,1,Generator,126,122.98685326382693,-4,89.0,80.64
19.2,15.5,41,96,87,0.61,1886,64,26,208,0,None,131,98.22911550566901,9,91.5,126.88
21.3,18.4,26,90,90,0.66,928,68,32,104,0,None,116,43.56805466288513,0,90.0,68.64
7.5,19.0,21,92,91,0.5,914,79,24,185,0,None,135,121.86650417799443,1,91.5,92.5
14.9,19.4,44,80,77,0.72,1229,68,31,148,0,None,95,82.48316611868046,3,78.5,106.56
14.7,18.8,16,83,75,1.16,1447,62,34,156,0,None,90,98.43530718686587,8,79.0,180.95999999999998
12.0,17.3,26,71,78,1.22,1396,67,19,242,0,None,111,116.33323638896968,-7,74.5,295.24
20.8,10.2,16,72,83,0.93,1296,69,17,287,0,None,121,62.30766235208541,-11,77.5,266.91
7.0,13.1,30,82,76,0.76,1850,69,22,50,0,None,114,264.2853367352333,6,79.0,38.0
9.1,11.3,27,76,84,1.22,1227,74,34,199,0,None,92,134.83501666481686,-8,80.0,242.78
5.0,11.5,37,94,81,0.67,1618,62,31,215,0,None,113,323.5993528012944,13,87.5,144.05
12.5,12.9,44,90,82,1.27,1338,69,24,124,0,None,124,107.03991436806851,8,86.0,157.48
10.8,10.7,31,99,94,1.29,1328,65,17,173,0,None,159,122.96284910847304,5,96.5,223.17000000000002
22.3,12.4,24,97,89,0.94,1926,69,21,141,0,None,144,86.36767427458553,8,93.0,132.54
19.9,19.6,41,99,88,0.69,1667,63,33,273,0,None,121,83.7688021262301,11,93.5,188.36999999999998
6.7,13.1,33,81,88,1.13,1492,65,18,122,0,None,133,222.68623479666448,-7,84.5,137.85999999999999
19.8,11.6,32,85,86,1.35,1092,71,28,216,0,None,115,55.151487297228634,-1,85.5,291.6
18.5,17.2,21,81,85,1.03,1051,66,27,277,0,None,112,56.81078010228103,-4,83.0,285.31
10.6,18.3,16,99,93,0.96,1113,63,21,262,0,None,150,104.99990094348968,6,96.0,251.51999999999998
5.3,13.1,29,82,77,1.48,1590,72,27,96,0,None,105,299.9994339633322,5,79.5,142.07999999999998
7.3,12.8,31,74,81,1.04,962,77,30,138,0,None,95,131.78064139638167,-7,77.5,143.52
10.0,12.4,19,78,77,0.53,1411,76,16,192,0,None,123,141.0998589001411,1,77.5,101.76
21.3,13.9,17,83,75,1.0,1406,77,31,166,0,None,96,66.00935868105226,8,79.0,166.0
14.3,10.9,21,88,75,0.95,1910,60,24,166,0,None,115,133.56634016339848,13,81.5,157.7
23.4,16.7,17,89,75,0.79,1307,74,19,106,0,None,126,55.85467698518078,14,82.0,83.74000000000001
20.8,18.2,17,93,89,0.82,1886,80,26,180,0,None,130,90.67303333027243,4,91.0,147.6
10.7,16.6,28,89,77,1.43,1577,75,16,206,0,None,134,147.38303982893476,12,83.0,294.58
21.9,14.2,39,85,79,0.63,1329,65,32,50,0,None,100,60.684903796847586,6,82.0,31.5
7.3,12.9,35,71,83,1.26,1479,71,35,136,0,None,84,202.60246218840797,-12,77.0,171.36
5.7,14.1,35,91,80,1.4,1004,70,29,218,1,Gearbox,113,176.1400418595757,11,85.5,305.2
17.2,14.2,23,73,91,0.76,1879,69,21,202,0,None,122,109.24412253248691,-18,82.0,153.52
11.8,16.7,15,84,87,0.57,1595,74,33,45,0,None,105,135.16937697510426,-3,85.5,25.65
11.6,19.3,29,97,82,0.81,1379,63,21,55,0,None,137,118.87920786275185,15,89.5,44.550000000000004
18.7,10.7,26,88,81,0.93,1753,62,22,141,0,None,125,93.74326537793296,7,84.5,131.13
22.0,19.5,43,76,89,1.45,1345,70,33,107,1,Blades,99,61.13633584712007,-13,82.5,155.15
11.4,19.1,17,94,78,0.93,1407,79,27,74,0,None,118,123.42094436759265,16,86.0,68.82000000000001
11.5,11.2,38,79,81,0.59,1364,61,23,224,0,None,114,118.60859251426739,-2,80.0,132.16
15.7,11.8,27,87,82,0.65,1996,67,24,236,0,None,121,127.13367698491912,5,84.5,153.4
18.1,13.1,40,89,84,0.85,1747,70,29,97,0,None,115,96.51928369100348,5,86.5,82.45
9.1,15.6,30,92,79,0.68,1922,60,28,61,0,None,115,211.20855911147353,13,85.5,41.480000000000004
23.3,11.3,40,72,78,0.56,1318,66,22,165,0,None,106,56.56649932768269,-6,75.0,92.4
18.1,12.0,29,96,95,0.68,1439,62,17,60,0,None,157,79.50271850678536,1,95.5,40.800000000000004
17.5,19.0,27,73,93,0.61,1121,74,23,251,0,None,120,64.05710625308214,-20,83.0,153.10999999999999
23.1,11.1,44,73,85,0.7,911,69,28,160,1,Blades,102,39.43721236484313,-12,79.0,112.0
23.1,14.0,26,84,90,1.5,1114,72,20,162,0,None,134,48.22508734844703,-6,87.0,243.0
7.7,17.6,39,81,88,0.95,1922,72,33,75,0,None,103,249.61006544147347,-7,84.5,71.25
7.9,18.9,17,72,77,1.16,1402,67,22,200,0,None,105,177.46812978717747,-5,74.5,231.99999999999997
20.2,13.4,17,75,85,0.67,1044,61,19,98,0,None,122,51.683142731117464,-10,80.0,65.66000000000001
24.1,11.6,28,83,79,1.35,1398,65,23,247,0,None,116,58.0082746853632,4,81.0,333.45000000000005
18.3,17.4,33,95,87,0.77,1772,70,20,173,0,None,142,96.83054818002832,8,91.0,133.21
13.2,17.7,33,74,76,1.48,1451,64,24,283,0,None,102,109.9241591483643,-2,75.0,418.84
18.7,19.8,16,73,78,1.34,1931,79,17,154,0,None,117,103.26197686525302,-5,75.5,206.36
9.6,11.4,36,94,91,1.45,1888,68,24,125,1,Gearbox,137,196.66646180576896,3,92.5,181.25
25.0,17.1,19,85,92,1.17,1421,67,30,223,0,None,117,56.83997726400909,-7,88.5,260.90999999999997
13.6,14.2,44,81,93,1.16,991,62,21,137,0,None,132,72.86759347971068,-12,87.0,158.92
23.6,19.1,25,84,93,1.34,1675,66,35,158,1,Generator,107,70.97454619722619,-9,88.5,211.72
13.6,14.1,23,82,93,1.22,1292,72,19,150,0,None,137,94.99993014711019,-11,87.5,183.0
23.6,14.5,24,93,77,1.11,1764,76,22,192,0,None,126,74.74573103994447,16,85.0,213.12
11.7,11.3,43,70,88,0.86,1240,75,25,122,0,None,108,105.98281539930309,-18,79.0,104.92
20.2,13.2,29,83,89,0.72,1264,74,32,272,0,None,108,62.574226448402754,-6,86.0,195.84
24.0,14.0,28,75,80,1.28,1497,79,24,51,0,None,107,62.37497401042749,-5,77.5,65.28
17.9,10.2,32,79,95,0.89,927,65,30,58,0,None,114,51.78768056554159,-16,87.0,51.62
18.6,14.4,43,73,81,0.56,1087,65,15,219,0,None,124,58.44082879525333,-8,77.0,122.64000000000001
7.1,13.4,24,83,86,0.98,1837,61,16,115,0,None,137,258.7320299548874,-3,84.5,112.7
14.5,18.0,20,89,92,1.16,1952,74,16,168,0,None,149,134.62059681338152,-3,90.5,194.88
22.7,11.1,33,90,81,0.52,1111,76,15,145,0,None,141,48.94270971686797,9,85.5,75.4
9.8,17.6,30,94,87,1.21,1750,65,19,114,0,None,143,178.57124635587107,7,90.5,137.94
20.8,17.1,17,94,89,0.72,1023,76,27,146,0,None,129,49.18266866217853,5,91.5,105.11999999999999
18.5,12.4,31,88,88,0.72,1420,74,31,80,0,None,114,76.7567152666404,0,88.0,57.599999999999994
9.5,10.8,32,81,83,1.06,1459,71,26,264,0,None,112,153.57878570654137,-2,82.0,279.84000000000003
10.7,18.4,36,72,94,0.84,1520,71,17,33,0,None,132,142.05594200379252,-22,83.0,27.72
13.6,12.5,45,71,87,0.95,1298,74,29,192,0,None,100,95.4411062933042,-16,79.0,182.39999999999998
7.5,11.5,28,73,79,1.01,1842,80,26,169,0,None,100,245.59967253376996,-6,76.0,170.69
23.3,13.6,30,100,91,1.42,1234,66,21,263,1,Gearbox,149,52.96135066036452,9,95.5,373.46
19.8,14.0,17,94,88,0.7,1434,61,19,260,0,None,144,72.42420584636068,6,91.0,182.0
12.3,13.3,40,82,77,0.96,1113,74,17,248,0,None,125,90.48773131078755,5,79.5,238.07999999999998
11.0,19.8,18,84,81,1.29,1530,61,25,122,0,None,115,139.09078264474306,3,82.5,157.38
18.8,18.8,43,92,78,0.71,1117,78,32,79,0,None,106,59.41486201337127,14,85.0,56.089999999999996
13.5,18.7,25,85,76,0.58,1166,79,17,144,0,None,127,86.37030639236563,9,80.5,83.52
9.6,14.0,25,81,80,0.52,1381,75,17,251,0,None,127,143.8540168187325,1,80.5,130.52
13.6,19.6,25,80,81,0.6,1206,67,20,194,0,None,121,88.67640538499604,-1,80.5,116.39999999999999
22.4,16.8,44,76,84,0.77,944,65,23,187,1,Blades,114,42.14283832909003,-8,80.0,143.99
6.4,18.3,44,97,94,0.91,1776,62,35,105,0,None,121,277.4995664069275,3,95.5,95.55
12.4,15.0,44,82,94,1.09,1802,60,26,76,0,None,124,145.32246344962624,-12,88.0,82.84
24.2,11.6,36,93,90,0.7,1891,69,32,94,0,None,119,78.14046357832083,3,91.5,65.8
5.3,18.9,18,87,88,0.77,1978,73,20,52,0,None,135,373.2068430059566,-1,87.5,40.04
22.8,14.9,27,93,94,1.2,1025,68,33,264,0,None,121,44.95612063328042,-1,93.5,316.8
12.5,19.7,24,80,78,1.41,1202,69,30,64,0,None,98,96.15992307206155,2,79.0,90.24
8.8,12.5,36,93,82,0.64,1594,74,22,230,0,None,131,181.13615779982067,11,87.5,147.20000000000002
5.3,19.9,30,94,86,0.97,1864,68,30,263,0,None,120,351.6974496274536,8,90.0,255.10999999999999
6.4,12.2,33,73,91,0.8,1079,75,33,192,0,None,98,168.59348657267722,-18,82.0,153.60000000000002
8.4,13.7,15,73,87,1.03,1432,73,22,86,0,None,116,170.47598752858627,-14,80.0,88.58
5.5,15.9,38,100,91,0.62,1977,73,32,212,0,None,127,359.45389190201473,9,95.5,131.44
11.7,16.9,44,74,78,0.77,1264,72,24,290,0,None,104,108.03409569735412,-4,76.0,223.3
5.9,17.2,35,91,79,1.21,1440,62,30,57,0,None,110,244.0673829366391,12,85.0,68.97
18.8,14.8,41,92,90,1.32,1663,74,21,45,1,Gearbox,140,88.45739975670226,2,91.0,59.400000000000006
21.4,10.8,29,72,82,1.12,1364,72,29,241,0,None,96,63.738287972762635,-10,77.0,269.92
22.7,15.0,16,92,84,1.44,1689,71,33,292,1,Gearbox,110,74.4052535659676,8,88.0,420.47999999999996
16.0,13.3,45,83,91,1.15,1062,72,25,174,0,None,124,66.37495851565093,-8,87.0,200.1
23.9,16.6,17,78,76,1.25,1154,80,31,284,0,None,92,48.284498625732795,2,77.0,355.0
5.1,11.8,21,90,78,0.86,1326,69,26,136,0,None,116,259.9994901970781,12,84.0,116.96
7.7,13.9,17,95,81,0.67,1982,62,32,275,0,None,112,257.402263113944,14,88.0,184.25
10.9,19.7,34,87,93,1.16,1284,70,20,271,0,None,140,117.7980570660027,-6,90.0,314.35999999999996
20.8,10.9,32,96,83,1.42,1907,63,15,191,1,Gearbox,149,91.68264822949604,13,89.5,271.21999999999997
22.7,16.0,21,71,80,1.48,1862,76,28,87,0,None,95,82.02639558308564,-9,75.5,128.76
17.4,10.9,44,92,89,0.95,1731,65,31,133,0,None,119,99.48270144672331,3,90.5,126.35
12.7,11.6,42,75,76,1.04,1307,80,17,263,0,None,117,102.9133047926734,-1,75.5,273.52
18.3,16.0,23,79,91,0.81,1263,64,28,61,0,None,114,69.01635572876737,-12,85.0,49.410000000000004
8.6,14.4,35,87,89,1.17,1604,68,19,138,0,None,138,186.511411033243,-2,88.0,161.45999999999998
14.2,15.5,41,78,76,1.27,1156,63,35,82,0,None,84,81.40839337437087,2,77.0,104.14
15.2,18.8,26,75,85,0.54,1297,68,31,67,0,None,98,85.32889123099261,-10,80.0,36.18
7.1,18.2,23,97,83,1.35,1797,70,18,257,1,Gearbox,144,253.09823507290838,14,90.0,346.95000000000005
5.7,18.9,23,97,78,1.01,1132,75,25,66,0,None,125,198.59614281378455,19,87.5,66.66
20.0,16.2,40,71,78,1.08,1811,60,31,109,0,None,87,90.54995472502264,-7,74.5,117.72000000000001
15.7,14.9,29,85,78,0.71,1507,65,25,207,0,None,113,95.98720000815287,7,81.5,146.97
11.6,14.6,36,76,87,0.51,1463,65,35,299,0,None,93,126.12058093053369,-11,81.5,152.49
13.7,17.4,35,96,78,1.45,1575,72,24,248,1,Gearbox,126,114.96341973473012,18,87.0,359.59999999999997
24.2,15.2,24,84,76,1.43,1595,66,33,168,0,None,94,65.90906367394064,8,80.0,240.23999999999998
12.7,11.1,21,84,94,1.27,1514,70,17,197,0,None,144,119.21250455708304,-10,89.0,250.19
7.1,11.4,19,89,76,0.97,1672,70,26,200,0,None,113,235.4926260667239,13,82.5,194.0
14.3,13.6,16,72,88,0.82,1294,76,35,191,0,None,90,90.48944721017678,-16,80.0,156.62
18.0,10.7,17,74,94,0.66,1792,78,29,132,0,None,110,99.5555002469443,-20,84.0,87.12
5.2,12.4,23,85,76,0.58,1143,80,18,181,0,None,125,219.8072696014046,9,80.5,104.97999999999999
11.6,16.6,36,99,94,0.96,1686,77,28,247,0,None,137,145.34470228904976,5,96.5,237.12
12.9,10.1,20,95,85,1.29,1324,78,24,243,0,None,132,102.63557935226407,10,90.0,313.47
14.3,16.0,31,97,91,1.23,1664,79,29,225,0,None,130,116.36355499052098,6,94.0,276.75
11.0,17.7,22,74,88,1.26,936,77,22,113,0,None,118,85.09083173560752,-14,81.0,142.38
18.3,11.7,30,99,87,0.62,1329,64,25,258,0,None,136,72.62291113502124,12,93.0,159.96
23.9,11.8,38,92,91,1.36,1959,76,19,288,1,Gearbox,145,81.96649290104901,1,91.5,391.68
23.3,10.3,23,80,76,1.3,1530,74,18,257,0,None,120,65.66520786900949,4,78.0,334.1
18.3,15.1,25,96,83,0.59,1449,71,21,144,0,None,137,79.18028460093737,13,89.5,84.96
15.1,16.5,37,92,94,0.86,1172,63,31,289,0,None,124,77.6158426385148,-2,93.0,248.54
21.5,14.6,31,92,76,0.88,1441,61,31,222,0,None,106,67.02322464036064,16,84.0,195.36
21.7,13.9,18,92,80,1.24,1806,64,26,117,0,None,120,83.22576809872439,12,86.0,145.08
21.6,14.5,38,94,88,1.36,1272,78,19,240,1,Gearbox,144,58.88886162552702,6,91.0,326.40000000000003
8.2,17.8,23,98,77,0.88,1521,65,31,97,0,None,113,185.48757867368457,21,87.5,85.36
5.5,10.3,27,74,86,0.63,1641,69,32,225,0,None,96,298.3630938852839,-12,80.0,141.75
24.7,17.8,22,100,89,0.58,1341,80,17,267,0,None,155,54.29147599535385,11,94.5,154.85999999999999
24.2,16.7,31,96,90,1.14,1211,70,23,96,0,None,140,50.041301635825775,6,93.0,109.44
16.3,12.4,36,83,86,1.0,1071,75,26,121,0,None,117,65.7054811622815,-3,84.5,121.0
24.9,15.2,39,75,85,1.4,1011,76,31,83,0,None,98,40.60239333237216,-10,80.0,116.19999999999999
20.4,10.5,43,84,89,1.45,1165,78,28,231,1,Blades,117,57.107815143227874,-5,86.5,334.95
15.3,13.8,26,93,78,1.4,921,67,23,233,1,Gearbox,125,60.19603908755615,15,85.5,326.2
12.8,11.7,43,88,89,0.58,1736,63,24,130,0,None,129,135.6248940430515,-1,88.5,75.39999999999999
16.9,10.2,34,78,93,0.78,1023,78,24,219,0,None,123,60.53250856064583,-15,85.5,170.82
15.3,13.6,27,82,89,0.74,1889,72,18,244,0,None,135,123.46397159217543,-7,85.5,180.56
24.9,17.3,42,99,76,0.57,1462,72,31,62,1,Blades,113,58.71483585749564,23,87.5,35.339999999999996
14.8,19.2,32,94,85,1.42,1403,71,16,49,1,Gearbox,147,94.79723324511266,9,89.5,69.58
21.7,16.6,29,74,90,1.39,971,61,29,75,0,None,106,44.74652315828426,-16,82.0,104.24999999999999
21.3,14.0,15,86,76,0.89,1047,65,18,142,0,None,126,49.15490650004389,10,81.0,126.38
6.4,20.0,37,98,90,1.46,1842,73,23,245,1,Gearbox,142,287.8120502936714,8,94.0,357.7
6.7,12.8,17,71,81,1.06,1640,61,17,279,0,None,118,244.7757540660387,-10,76.0,295.74
18.2,11.9,24,71,87,0.93,1004,72,27,127,0,None,104,55.16480485450283,-16,79.0,118.11
10.2,14.6,44,92,94,1.05,1649,61,33,272,0,None,120,161.66650817009005,-2,93.0,285.6
18.2,15.0,20,87,95,0.92,1044,60,27,113,0,None,128,57.36260584472207,-8,91.0,103.96000000000001
7.9,13.5,24,71,88,0.79,1706,78,23,258,0,None,113,215.9490937353244,-17,79.5,203.82000000000002
12.9,17.0,43,100,85,0.68,1939,78,34,35,0,None,117,150.30996100003023,15,92.5,23.8
7.0,11.8,25,87,79,0.96,1734,66,21,293,0,None,124,247.71393183724024,8,83.0,281.28
10.6,15.1,25,85,79,1.03,1806,77,20,248,0,None,124,170.37719775736062,6,82.0,255.44
6.8,15.0,34,83,84,1.32,1583,61,29,205,0,None,109,232.79377530327164,-1,83.5,270.6
24.4,18.2,19,91,89,0.97,904,68,34,166,0,None,112,37.049165143784776,2,90.0,161.01999999999998
12.9,19.3,44,84,90,1.33,1764,70,31,244,0,None,112,136.74408004334882,-6,87.0,324.52000000000004
23.0,16.6,23,90,79,1.45,1345,68,23,43,0,None,123,58.47823544424546,11,84.5,62.35
24.4,13.1,39,85,86,1.22,1860,67,21,178,0,None,129,76.2294769551324,-1,85.5,217.16
23.2,16.9,24,88,87,0.62,1530,72,24,196,0,None,127,65.94824743610025,1,87.5,121.52
14.1,12.5,23,94,93,0.96,1111,74,30,129,0,None,127,78.79427035867351,1,93.5,123.83999999999999
20.6,19.7,17,95,93,1.36,960,79,21,254,1,Gearbox,146,46.601919125281974,2,94.0,345.44
8.1,18.2,19,95,91,0.99,1511,63,32,212,0,None,122,186.54297957656843,4,93.0,209.88
6.9,14.3,31,76,85,1.31,1524,78,28,180,0,None,105,220.86924511703606,-9,80.5,235.8
22.5,17.8,32,72,76,1.28,1846,76,25,200,0,None,98,82.04440798026312,-4,74.0,256.0
5.6,14.1,39,95,82,0.66,943,66,17,279,0,None,143,168.39255644186352,13,88.5,184.14000000000001
24.4,10.7,17,71,87,0.83,1803,64,23,143,0,None,112,73.89341233876544,-16,79.0,118.69
18.4,17.1,26,76,88,1.26,1346,62,20,88,0,None,124,73.15213415644884,-12,82.0,110.88
13.4,14.0,21,86,92,0.66,1481,68,25,244,0,None,128,110.52230558036896,-6,89.0,161.04000000000002
7.8,19.3,26,96,83,0.92,1487,71,28,207,0,None,123,190.64078122976767,13,89.5,190.44
19.5,13.1,26,97,94,0.64,1321,71,21,273,0,None,149,67.74355500330513,3,95.5,174.72
16.3,18.4,26,89,78,0.74,1105,68,31,107,0,None,105,67.79136945314757,11,83.5,79.17999999999999
19.2,16.8,24,99,76,0.79,987,74,32,230,0,None,111,51.40622322592541,23,87.5,181.70000000000002
13.4,18.5,38,92,79,1.03,1128,74,20,277,0,None,131,84.1790416574316,13,85.5,285.31
6.3,12.9,36,86,84,1.41,1686,70,16,56,0,None,138,267.61862282758284,2,85.0,78.96
11.3,14.6,25,74,91,0.89,1650,71,18,54,0,None,129,146.01756989595583,-17,82.5,48.06
11.3,18.2,19,83,78,1.35,1643,64,24,221,0,None,113,145.39810141760935,5,80.5,298.35
5.2,16.4,31,95,86,1.2,1898,71,28,182,0,None,125,364.99929807827294,9,90.5,218.4
5.2,13.6,43,79,91,1.28,1403,62,27,135,0,None,116,269.80717344774337,-12,85.0,172.8
11.6,15.1,19,87,76,1.26,1735,71,27,297,0,None,109,149.56883657858916,11,81.5,374.22
19.6,20.0,38,100,76,0.8,1635,73,20,277,0,None,136,83.41832478656899,24,88.0,221.60000000000002
17.5,17.4,33,75,85,0.74,1931,80,18,137,0,None,124,110.34279408983195,-10,80.0,101.38
9.8,16.1,33,73,79,1.48,1637,68,16,230,0,None,120,167.04064587689194,-6,76.0,340.4
17.1,18.3,43,94,84,1.24,1098,70,24,42,0,None,130,64.21048876579604,10,89.0,52.08
17.9,14.4,44,71,76,0.87,1719,69,21,198,0,None,105,96.03346590309168,-5,73.5,172.26
15.5,19.5,22,89,95,1.05,1294,65,26,281,0,None,132,83.48381710721478,-6,92.0,295.05
15.4,15.5,39,80,88,1.28,1180,62,27,94,0,None,114,76.62332686796957,-8,84.0,120.32000000000001
12.4,13.3,34,92,89,0.56,1206,73,21,84,0,None,139,97.25798608226928,3,90.5,47.040000000000006
7.5,10.9,27,74,85,0.6,1808,61,26,63,0,None,107,241.06634524487302,-11,79.5,37.8
12.7,13.8,35,80,91,0.53,1398,69,27,289,0,None,117,110.07865348137523,-11,85.5,153.17000000000002
11.9,15.7,44,71,92,0.66,1416,60,33,220,0,None,97,118.99149664580113,-21,81.5,145.20000000000002
16.8,17.0,31,77,78,0.62,912,79,18,172,0,None,119,54.28568197280835,-1,77.5,106.64
22.1,18.8,43,84,90,0.96,1197,74,23,132,1,Blades,128,54.16287141951519,-6,87.0,126.72
12.5,19.4,34,75,86,0.79,1872,64,21,33,0,None,119,149.75988019209586,-11,80.5,26.07
19.2,11.0,29,88,90,0.55,1448,66,20,243,0,None,138,75.41662738717324,-2,89.0,133.65
21.2,16.0,34,74,93,0.95,1358,66,24,242,0,None,119,64.05657355822002,-19,83.5,229.89999999999998
9.2,16.7,33,92,82,1.08,981,70,34,259,0,None,106,106.63031888008818,10,87.0,279.72
23.0,11.7,28,98,86,0.87,1223,73,32,293,0,None,120,53.17388992439569,12,92.0,254.91
6.4,15.5,32,82,91,0.76,1044,62,25,183,0,None,123,163.12474511758575,-9,86.5,139.08
23.0,13.3,36,86,95,0.89,1081,73,23,145,0,None,135,46.999979565226276,-9,90.5,129.05
8.3,10.8,40,85,87,1.02,1273,61,24,103,0,None,124,153.3733091887841,-2,86.0,105.06
11.7,10.7,24,94,89,0.94,974,78,20,186,0,None,143,83.2477920959042,5,91.5,174.84
17.1,17.6,15,100,92,0.59,1756,70,28,58,0,None,136,102.6899984269015,8,96.0,34.22
23.1,16.2,32,92,90,0.96,1584,79,20,175,0,None,142,68.5713988868403,2,91.0,168.0
10.1,17.2,30,76,94,1.22,1780,73,17,180,0,None,136,176.23744926985222,-18,85.0,219.6
20.3,16.9,17,91,80,1.32,1283,68,21,130,1,Gearbox,129,63.2019393093895,11,85.5,171.6
19.2,11.3,34,88,93,0.94,1144,76,25,188,0,None,131,59.583302300363385,-5,90.5,176.72
8.2,11.5,43,76,79,1.49,1549,61,30,192,0,None,95,188.90220865584314,-3,77.5,286.08
14.6,12.5,27,77,86,1.34,924,72,25,250,0,None,113,63.28762788518638,-9,81.5,335.0
14.6,14.0,42,90,85,0.72,998,65,16,56,0,None,143,68.35611756430305,5,87.5,40.32
11.1,19.4,39,94,92,0.96,1716,77,29,153,0,None,128,154.59445532031054,2,93.0,146.88
20.6,16.7,20,93,83,0.8,1876,78,30,149,0,None,116,91.06791695732186,10,88.0,119.2
23.5,12.6,39,88,78,1.05,1126,72,17,186,0,None,132,47.91487322771352,10,83.0,195.3
19.3,10.6,31,98,89,0.72,1770,65,29,252,0,None,129,91.70979704155593,9,93.5,181.44
24.5,16.8,43,92,87,0.54,1322,68,28,179,1,Blades,123,53.95916164932178,5,89.5,96.66000000000001
6.0,16.3,21,86,92,1.4,1358,72,23,194,1,Generator,132,226.33295611173983,-6,89.0,271.59999999999997
5.7,16.8,19,94,90,1.02,1872,69,31,174,0,None,122,328.4204764553045,4,92.0,177.48
22.9,12.6,22,79,93,1.41,1583,76,29,287,1,Generator,114,69.12660736829373,-14,86.0,404.66999999999996
23.0,15.2,17,78,92,0.62,1793,67,26,149,0,None,118,77.95648784500528,-14,85.0,92.38
7.1,13.6,25,99,89,0.65,1753,70,30,199,0,None,128,246.90106070273143,10,94.0,129.35
12.1,18.2,23,98,84,0.73,1532,64,24,53,0,None,134,126.611465610359,14,91.0,38.69
21.7,10.7,27,96,75,0.96,1723,74,27,245,0,None,117,79.40088506871656,21,85.5,235.2
7.6,12.8,29,76,81,1.38,1679,77,16,80,0,None,125,220.92076194636587,-5,78.5,110.39999999999999
10.3,16.0,19,88,90,1.15,1428,67,24,164,0,None,130,138.64064209646398,-2,89.0,188.6
18.6,12.1,34,86,76,0.56,1067,79,27,84,0,None,108,57.365560556150236,10,81.0,47.040000000000006
24.6,16.7,22,76,90,0.91,1193,61,15,153,0,None,136,48.495915245562905,-14,83.0,139.23000000000002
20.9,11.4,19,83,85,1.22,1314,64,23,206,0,None,122,62.870783315414684,-2,84.0,251.32
20.5,10.2,36,84,92,0.82,1545,68,26,275,0,None,124,75.36581689472347,-8,88.0,225.5
11.9,18.6,16,77,88,0.99,1228,68,22,51,0,None,121,103.19319059395748,-11,82.5,50.49
18.2,13.3,26,99,91,1.21,1126,76,22,76,0,None,146,61.8680978746715,8,95.0,91.96
7.3,11.6,19,85,78,1.46,939,78,32,178,0,None,99,128.62996078087565,7,81.5,259.88
24.8,11.7,41,86,78,0.83,1134,66,34,110,1,Blades,96,45.72578801379515,8,82.0,91.3
14.6,18.9,40,88,79,1.24,1493,73,17,146,0,None,133,102.26020393136717,9,83.5,181.04
17.8,16.5,17,97,82,1.25,1054,71,33,242,0,None,113,59.21344988008433,15,89.5,302.5
22.5,19.6,32,86,93,1.04,932,64,23,138,0,None,133,41.422203812353864,-7,89.5,143.52
5.0,18.0,24,86,90,1.31,982,67,20,213,0,None,136,196.39960720078562,-4,88.0,279.03000000000003
24.5,17.7,21,77,82,1.04,1947,60,18,178,0,None,123,79.46935531863048,-5,79.5,185.12
12.2,15.0,24,88,93,1.12,939,66,30,232,0,None,121,76.96715002692622,-5,90.5,259.84000000000003
11.8,18.2,39,81,91,1.34,1420,62,29,33,1,Generator,114,120.33888106874485,-10,86.0,44.220000000000006
7.9,14.1,17,89,88,0.98,1657,78,17,169,0,None,143,209.7465699410507,1,88.5,165.62
22.2,18.3,34,79,84,0.98,1145,78,34,32,0,None,95,51.57655334389489,-5,81.5,31.36
22.4,17.6,42,91,88,1.09,1961,74,16,164,1,Blades,147,87.54460377473046,3,89.5,178.76000000000002
5.4,16.8,28,89,87,1.3,925,80,25,83,0,None,126,171.29597908152022,2,88.0,107.9
6.1,13.3,42,84,91,0.63,1868,72,28,219,0,None,119,306.2290061819571,-7,87.5,137.97
23.4,16.3,42,73,80,1.27,1331,64,33,86,1,Blades,87,56.88031757251386,-7,76.5,109.22
7.5,15.1,33,89,93,0.79,1322,78,20,204,0,None,142,176.2664316447578,-4,91.0,161.16
17.4,14.6,29,96,87,0.57,1419,64,20,84,0,None,143,81.551677269151,9,91.5,47.879999999999995
17.4,19.9,37,75,91,1.29,1969,65,31,51,0,None,104,113.16085450525604,-16,83.0,65.79
22.4,15.0,42,73,82,0.65,1591,73,23,129,1,Blades,109,71.02675400591339,-9,77.5,83.85000000000001
16.5,10.3,35,71,83,0.71,1866,63,19,195,0,None,116,113.09084055100573,-12,77.0,138.45
13.7,16.3,21,71,94,1.21,931,72,15,159,0,None,135,67.95615477652936,-23,82.5,192.39
24.5,17.3,40,95,87,1.06,1887,66,30,268,0,None,122,77.02037672637685,8,91.0,284.08000000000004
9.6,18.9,44,92,81,1.42,1135,73,15,290,1,Gearbox,143,118.22904351141302,11,86.5,411.79999999999995
10.3,16.3,27,76,77,1.45,1246,76,28,177,0,None,97,120.97075633907151,-1,76.5,256.65
6.7,10.2,36,98,84,0.81,981,68,24,146,0,None,134,146.41769191389267,14,91.0,118.26
24.5,11.2,31,74,92,0.82,1907,67,28,252,0,None,110,77.83670292379473,-18,83.0,206.64
19.1,11.6,18,81,80,0.71,1479,67,30,133,0,None,101,77.43451443219139,1,80.5,94.42999999999999
5.2,12.1,25,84,92,1.02,999,67,28,151,0,None,120,192.1150151634324,-8,88.0,154.02
19.1,18.0,20,72,78,0.88,1337,76,24,184,0,None,102,69.99996335080452,-6,75.0,161.92
13.1,13.1,35,80,78,0.51,1319,69,33,188,0,None,92,100.68694604049921,2,79.0,95.88
24.4,13.1,32,73,87,0.89,956,74,15,209,0,None,130,39.18031181134762,-14,80.0,186.01
10.5,17.6,16,94,91,0.56,1282,75,16,298,0,None,153,122.0951218141697,3,92.5,166.88000000000002
19.2,14.1,17,71,91,1.3,1222,71,25,163,0,None,112,63.64580018447907,-20,81.0,211.9
17.5,10.6,23,71,86,1.43,1911,69,20,122,0,None,117,109.19993760003565,-15,78.5,174.45999999999998
5.2,15.9,37,92,88,0.8,1787,68,24,246,0,None,132,343.653185282336,4,90.0,196.8
22.7,11.3,19,93,80,1.15,1076,73,21,182,0,None,131,47.40086017583253,13,86.5,209.29999999999998
7.8,15.7,21,85,86,0.59,1925,70,20,289,0,None,131,246.79455539159568,-1,85.5,170.51
18.3,17.8,42,80,79,0.86,1717,66,33,40,0,None,93,93.82508534148342,1,79.5,34.4
20.5,19.3,31,77,94,1.08,1440,71,19,93,0,None,133,70.24386817372284,-17,85.5,100.44000000000001
17.6,10.7,34,74,89,0.6,1376,73,17,115,0,None,129,78.18177376035581,-15,81.5,69.0
6.9,13.0,29,85,86,0.88,1920,71,20,97,0,None,131,278.2604662891793,-1,85.5,85.36
24.5,16.5,24,85,80,1.46,1236,60,24,229,0,None,117,50.4489590004249,5,82.5,334.34
9.7,13.2,22,84,83,0.67,1308,80,19,212,0,None,129,134.8452218090497,1,83.5,142.04000000000002
17.6,14.5,33,93,91,1.12,1660,75,17,233,0,None,150,94.31812822833623,2,92.0,260.96000000000004
20.9,10.2,29,73,80,1.33,1735,65,20,198,0,None,113,83.01431434721802,-7,76.5,263.34000000000003
23.8,16.9,27,90,78,1.27,1260,75,33,122,0,None,102,52.941154226405786,12,84.0,154.94
17.1,18.8,36,82,81,1.27,1914,75,30,163,0,None,103,111.92975910540403,1,81.5,207.01
10.2,19.8,27,77,91,0.56,1182,72,20,291,0,None,128,115.88223933113792,-14,84.0,162.96
21.7,18.3,16,90,93,1.47,1282,72,27,298,1,Generator,129,59.07831378879549,-3,91.5,438.06
8.3,10.3,40,76,83,1.23,1116,63,32,54,0,None,95,134.45766932810923,-7,79.5,66.42
5.4,16.5,25,77,91,1.45,1491,67,34,101,1,Generator,100,276.1105997951856,-14,84.0,146.45
23.2,15.0,43,100,82,1.48,1999,72,16,101,1,Gearbox,150,86.1637559638983,18,91.0,149.48
16.5,19.4,41,97,85,0.86,1690,62,19,121,0,None,144,102.42418034898161,12,91.0,104.06
6.4,19.0,22,91,75,1.04,1418,80,34,115,0,None,98,221.56215380913468,16,83.0,119.60000000000001
16.6,19.9,44,79,89,1.23,1981,62,33,281,0,None,102,119.33727750766414,-10,84.0,345.63
7.9,18.6,41,86,89,1.35,954,68,21,111,0,None,133,120.75934081096099,-3,87.5,149.85000000000002
5.6,15.5,45,74,77,1.47,1214,78,19,129,0,None,113,216.78532716905866,-3,75.5,189.63
7.3,17.1,35,80,82,1.47,1822,60,31,242,0,None,100,249.58869919356277,-2,81.0,355.74
20.5,19.6,43,72,85,0.83,1477,74,17,90,1,Blades,123,72.04874534207545,-13,78.5,74.7
20.1,15.8,36,88,90,1.18,905,68,27,186,0,None,124,45.02485322146606,-2,89.0,219.48
17.1,18.4,41,96,91,0.65,1402,74,33,134,0,None,121,81.98825614721862,5,93.5,87.10000000000001
9.2,19.4,33,94,89,1.31,924,73,19,205,1,Gearbox,145,100.43467344057235,5,91.5,268.55
19.8,15.7,43,96,79,0.66,1531,72,18,43,0,None,139,77.3231932711145,17,87.5,28.380000000000003
13.2,11.6,31,75,82,1.39,1596,77,28,266,0,None,101,120.90899931136417,-7,78.5,369.73999999999995
15.2,11.6,37,90,80,1.48,1122,60,27,70,0,None,116,73.81574091069677,10,85.0,103.6
23.0,11.2,43,99,88,0.59,1985,63,16,120,1,Blades,155,86.30431030247378,11,93.5,70.8
14.2,14.8,28,93,88,1.01,1817,76,22,228,0,None,137,127.95765636784763,5,90.5,230.28
17.5,14.8,16,70,75,0.76,1410,73,34,197,0,None,77,80.57138253063856,-5,72.5,149.72
24.2,16.2,18,96,90,0.97,1241,79,20,151,0,None,146,51.2809705450535,6,93.0,146.47
14.0,14.8,44,91,80,0.79,914,69,26,270,0,None,119,65.28566765309454,11,85.5,213.3
16.2,19.7,41,74,91,0.57,1663,71,22,244,0,None,121,102.65425762082863,-17,82.5,139.07999999999998
16.7,12.9,30,79,92,0.89,1189,72,33,114,0,None,105,71.19756215714841,-13,85.5,101.46000000000001
9.8,18.7,44,74,91,0.7,1334,64,25,198,0,None,115,136.12231007927542,-17,82.5,138.6
19.7,11.0,21,92,83,1.05,1371,63,24,98,0,None,127,69.59387330260239,9,87.5,102.9
19.5,16.0,18,70,82,1.18,1839,65,33,66,0,None,86,94.30764394479797,-12,76.0,77.88
9.3,16.5,33,84,84,0.91,1837,68,28,134,0,None,112,197.52666932616202,0,84.0,121.94
5.3,17.7,26,100,86,0.7,1754,70,22,190,0,None,142,330.94277180609095,14,93.0,133.0
25.0,15.0,25,96,80,0.69,1743,69,35,292,0,None,106,69.71997211201116,16,88.0,201.48
16.6,12.0,37,88,94,0.5,1444,76,33,103,0,None,116,86.98789940487987,-6,91.0,51.5
8.6,13.7,20,91,85,1.2,1770,63,20,105,0,None,136,205.81371417009981,6,88.0,126.0
10.7,12.7,38,88,76,0.75,1844,67,16,45,0,None,132,172.3362875361799,12,82.0,33.75
17.4,14.2,26,94,95,1.47,1448,79,17,279,1,Gearbox,155,83.21834297796381,-1,94.5,410.13
7.8,15.3,45,97,85,1.25,1890,75,18,111,0,None,146,242.30738165720302,12,91.0,138.75
5.7,16.3,39,93,94,0.8,1989,69,30,224,0,None,127,348.946756233761,-1,93.5,179.20000000000002
21.0,18.5,34,75,83,0.66,1093,72,23,128,0,None,112,52.04759426305035,-8,79.0,84.48
19.3,19.1,22,81,79,1.12,1977,69,22,292,0,None,116,102.43518008539891,2,80.0,327.04
11.2,14.6,44,94,90,1.36,1170,68,26,55,1,Gearbox,132,104.46419244268533,4,92.0,74.80000000000001
6.2,10.9,16,95,84,1.08,1927,63,18,101,0,None,143,310.8059503129834,11,89.5,109.08000000000001
14.7,18.0,22,89,93,0.51,1836,63,21,245,0,None,140,124.8978742191332,-4,91.0,124.95
10.5,14.8,16,91,84,1.29,1908,66,25,166,0,None,125,181.71411265322604,7,87.5,214.14000000000001
13.0,15.5,44,75,82,1.46,1407,67,24,119,0,None,109,108.2306859763954,-7,78.5,173.74
10.5,16.0,41,81,94,0.55,1066,65,27,105,0,None,121,101.5237128345592,-13,87.5,57.75000000000001
8.5,16.7,44,86,92,1.31,1145,72,21,211,1,Generator,136,134.705723875619,-6,89.0,276.41
12.7,18.9,36,100,79,1.22,1235,72,23,118,0,None,133,97.24401791809613,21,89.5,143.96
24.3,19.5,16,94,85,0.9,1175,61,16,57,0,None,147,48.35388956630059,9,89.5,51.300000000000004
10.3,19.4,43,76,77,1.13,1964,73,28,191,0,None,97,190.6794265248286,-1,76.5,215.82999999999998
11.7,18.1,28,81,77,0.66,1072,69,25,82,0,None,108,91.6238533129459,4,79.0,54.120000000000005
11.6,18.9,26,77,92,1.22,1654,71,16,116,0,None,137,142.58608397751382,-15,84.5,141.52
14.6,10.5,24,75,94,1.08,1463,78,25,262,0,None,119,100.20541081821177,-19,84.5,282.96000000000004
21.9,18.5,24,74,90,0.59,938,64,20,237,0,None,124,42.83103067076225,-16,82.0,139.82999999999998
13.0,10.7,39,99,95,1.37,1133,68,18,218,1,Gearbox,158,87.15377911247761,4,97.0,298.66
21.1,17.5,23,97,76,0.63,1927,70,15,215,0,None,143,91.32697093508486,21,86.5,135.45
7.3,11.7,22,84,82,0.94,1799,72,35,220,0,None,96,246.43801857805676,2,83.0,206.79999999999998
22.9,13.6,36,86,78,0.63,1545,74,34,86,0,None,96,67.46721944662907,8,82.0,54.18
8.7,11.8,24,95,91,1.15,984,63,31,191,0,None,124,113.10331827204797,4,93.0,219.64999999999998
5.8,14.4,15,89,93,1.24,1052,75,19,144,0,None,144,181.3789976224179,-4,91.0,178.56
8.2,14.1,43,92,84,1.45,1704,64,32,274,1,Gearbox,112,207.8046246285066,8,88.0,397.3
8.8,10.5,24,94,92,0.75,1733,79,33,160,0,None,120,196.93159439591545,2,93.0,120.0
15.2,18.3,38,84,92,0.87,1954,62,17,284,0,None,142,128.5525470049033,-8,88.0,247.08
14.0,18.5,29,99,78,0.89,1126,80,25,45,0,None,127,80.42851397963287,21,88.5,40.05
19.3,17.9,19,89,83,0.6,1614,79,17,67,0,None,138,83.62689967518152,6,86.0,40.199999999999996
6.0,18.5,35,89,79,1.31,1374,78,26,220,0,None,116,228.99961833396947,10,84.0,288.2
15.0,17.5,22,74,88,0.58,1025,61,32,96,0,None,98,68.33328777780815,-14,81.0,55.67999999999999
11.6,19.4,24,100,83,0.84,1270,64,28,148,0,None,127,109.48266423908255,17,91.5,124.32
17.6,15.8,16,72,88,0.69,1304,71,16,163,0,None,128,74.09086699382557,-16,80.0,112.46999999999998
5.9,15.8,15,100,93,1.16,1399,74,15,228,0,None,163,237.1182421724709,7,96.5,264.47999999999996
5.7,18.6,30,97,83,1.41,1222,75,17,85,1,Gearbox,146,214.38558879721265,14,90.0,119.85
13.5,13.5,17,96,94,1.25,1508,61,33,143,0,None,124,111.70362096028077,2,95.0,178.75
21.2,10.5,21,90,83,1.27,1567,74,35,172,0,None,103,73.91505947402855,7,86.5,218.44
18.4,17.5,43,88,79,0.58,1354,70,25,53,0,None,117,73.58691652884971,9,83.5,30.74
5.3,12.5,17,100,86,1.24,1311,66,22,212,0,None,142,247.3580238527852,14,93.0,262.88
8.6,14.7,24,99,83,0.56,1621,74,22,53,0,None,138,188.48815292075244,16,91.0,29.680000000000003
9.5,12.4,37,94,78,0.98,960,65,23,48,0,None,126,101.0525252078682,16,86.0,47.04
13.5,18.3,42,73,75,1.19,1853,73,23,116,0,None,102,137.2591575858092,-2,74.0,138.04
16.7,19.6,16,81,90,0.75,1972,72,30,185,0,None,111,118.08376162649004,-9,85.5,138.75
9.3,10.6,21,96,94,1.18,961,72,26,148,0,None,138,103.33322222234169,2,95.0,174.64
12.7,12.3,27,91,84,1.38,1680,71,17,97,1,Gearbox,141,132.28336040680284,7,87.5,133.85999999999999
16.7,11.9,26,74,76,1.38,1177,65,17,136,0,None,116,70.47899971317383,-2,75.0,187.67999999999998
12.7,16.7,24,80,90,0.69,1373,64,17,77,0,None,136,108.11015109436923,-10,85.0,53.129999999999995
7.9,14.3,22,71,92,0.77,1198,68,23,236,0,None,117,151.6453776640789,-21,81.5,181.72
14.8,14.6,23,97,81,1.17,1136,79,20,226,0,None,138,76.75670489411831,16,89.0,264.41999999999996
11.5,11.6,19,92,79,1.34,1385,76,22,149,1,Gearbox,127,120.4346778828888,13,85.5,199.66000000000003
22.3,14.1,20,83,82,0.96,1309,68,17,151,0,None,131,58.69952524684967,1,82.5,144.96
20.5,13.0,33,93,93,1.42,1368,74,33,95,1,Gearbox,120,66.7316747650367,0,93.0,134.9
8.8,16.1,24,98,83,1.07,1789,66,32,135,0,None,117,203.29522352815508,15,90.5,144.45000000000002
8.1,12.2,27,78,88,0.76,1977,64,26,233,0,None,114,244.07377274842872,-10,83.0,177.08
12.0,16.1,27,79,76,0.52,1058,72,26,260,0,None,103,88.16659319450568,3,77.5,135.20000000000002
13.2,13.8,18,84,81,1.31,1719,65,25,113,0,None,115,130.2271740703227,3,82.5,148.03
23.6,13.5,40,91,80,0.59,1504,71,20,217,0,None,131,63.728786555598916,11,85.5,128.03
11.0,13.1,44,100,76,0.58,1310,62,28,262,0,None,120,119.09080082654471,24,88.0,151.95999999999998
22.4,16.7,23,75,77,1.28,1627,77,17,278,0,None,118,72.63389614558209,-2,76.0,355.84000000000003
15.1,15.6,24,80,83,0.53,1870,68,27,133,0,None,109,123.84097758875657,-3,81.5,70.49000000000001
22.7,18.5,36,81,86,1.34,1606,60,24,227,0,None,119,70.74886751151212,-5,83.5,304.18
19.0,12.4,17,92,81,1.1,1674,79,16,83,0,None,141,88.10521678672801,11,86.5,91.30000000000001
19.2,10.4,42,97,83,1.14,1063,71,24,252,0,None,132,55.36455449762787,14,90.0,287.28
15.4,11.8,19,76,90,1.44,1684,78,27,65,0,None,112,109.3505783437803,-14,83.0,93.6
21.8,13.4,37,91,80,1.37,1985,64,17,215,1,Gearbox,137,91.05500410320913,11,85.5,294.55
10.1,11.8,24,97,76,0.58,1956,66,21,196,0,None,131,193.66317459091627,21,86.5,113.67999999999999
23.1,10.8,25,74,80,1.35,1350,68,19,95,0,None,116,58.44153314219344,-6,77.0,128.25
17.7,14.5,19,89,93,1.17,1870,64,15,123,0,None,152,105.64965782505209,-4,91.0,143.91
13.8,16.8,34,76,75,0.82,1551,69,17,109,0,None,117,112.39122290491093,1,75.5,89.38
24.6,17.5,39,83,78,1.35,1030,66,19,127,0,None,123,41.869901678901755,5,80.5,171.45000000000002
22.2,14.0,44,74,76,0.52,1976,63,27,54,1,Blades,96,89.00896891487888,-2,75.0,28.080000000000002
20.4,14.8,25,91,83,1.34,1575,62,34,49,1,Gearbox,106,77.20584450693897,8,87.0,65.66000000000001
10.5,17.6,34,82,88,1.12,1016,65,28,224,0,None,114,96.76181260779752,-6,85.0,250.88000000000002
24.5,13.5,27,87,93,0.76,1529,80,35,73,0,None,110,62.40813779259682,-6,90.0,55.480000000000004
19.9,17.8,32,86,91,0.51,1694,65,34,271,0,None,109,85.12558536402746,-5,88.5,138.21
17.1,19.7,20,91,80,1.02,1161,77,25,133,0,None,121,67.89469713760401,11,85.5,135.66
23.4,18.8,32,97,88,0.92,1651,69,19,110,0,None,147,70.55552540362163,9,92.5,101.2
8.2,14.5,40,78,88,1.36,1963,65,33,85,0,None,100,239.38995196347324,-10,83.0,115.60000000000001
7.8,15.8,41,88,77,1.29,1155,76,26,145,0,None,113,148.0767332349574,11,82.5,187.05
16.3,17.2,30,87,84,1.09,1440,75,18,213,0,None,135,88.34350408373983,3,85.5,232.17000000000002
6.1,13.5,22,79,81,0.65,1245,72,23,194,0,None,114,204.09802606880976,-2,80.0,126.10000000000001
18.3,18.0,40,85,78,1.23,1327,66,22,251,0,None,119,72.51362157725596,7,81.5,308.73
9.8,14.4,45,71,76,1.09,1821,75,22,87,0,None,103,185.81613692230925,-5,73.5,94.83000000000001
7.4,18.5,26,83,76,0.52,1806,60,17,246,0,None,125,244.053724251724,7,79.5,127.92
13.2,12.5,43,78,92,1.26,909,66,24,139,0,None,122,68.8635841942544,-14,85.0,175.14000000000001
14.3,10.1,45,96,82,1.33,1034,77,26,101,1,Gearbox,126,72.30764174290788,14,89.0,134.33
8.4,16.3,27,81,85,1.27,1284,65,33,47,0,None,100,152.85696088457038,-4,83.0,59.69
5.8,14.5,36,76,81,0.68,1233,73,16,103,0,None,125,212.58584036924077,-5,78.5,70.04
13.3,10.6,32,86,78,1.0,1003,70,31,195,0,None,102,75.41347713272395,8,82.0,195.0
20.2,14.9,37,94,80,1.03,1656,69,28,266,0,None,118,81.98015743556563,14,87.0,273.98
22.5,11.7,20,81,78,1.43,1607,74,34,111,0,None,91,71.42219047902645,3,79.5,158.73
7.0,16.3,26,95,90,1.43,1173,61,32,264,1,Gearbox,121,167.57118918401545,5,92.5,377.52
15.5,14.5,17,80,93,0.56,1298,70,24,141,0,None,125,83.74188145685068,-13,86.5,78.96000000000001
10.3,11.7,33,92,84,1.5,1437,69,31,127,1,Gearbox,114,139.51442765589547,8,88.0,190.5
12.5,14.1,43,73,91,1.29,950,75,33,241,0,None,98,75.99993920004864,-18,82.0,310.89
23.7,12.3,32,72,84,0.88,1070,69,25,224,0,None,106,45.14766027524883,-12,78.0,197.12
12.0,16.5,17,92,84,1.24,1611,78,20,160,0,None,136,134.24988812509324,8,88.0,198.4
12.3,13.0,43,81,85,0.88,1434,80,23,191,0,None,120,116.5852710688853,-4,83.0,168.08
9.2,18.2,19,82,91,1.44,1561,78,23,297,1,Generator,127,169.6737286155124,-9,86.5,427.68
24.2,10.1,41,87,94,0.88,1971,76,27,216,1,Blades,127,81.44624733626144,-7,90.5,190.08
14.1,14.0,36,100,90,1.27,1731,74,24,73,0,None,142,122.76587037881534,10,95.0,92.71000000000001
16.4,16.2,34,75,93,0.66,1965,71,27,134,0,None,114,119.81700011158532,-18,84.0,88.44
14.1,10.2,33,79,88,1.35,1550,76,16,275,0,None,135,109.92900005035457,-9,83.5,371.25
10.1,12.2,19,89,92,1.12,902,72,23,153,0,None,135,89.3068422704532,-3,90.5,171.36
21.2,13.3,30,91,86,1.31,1003,79,28,102,1,Gearbox,121,47.31129843806678,5,88.5,133.62
5.6,10.2,21,91,90,0.92,1667,78,17,107,0,None,147,297.67803986064314,1,90.5,98.44
18.8,15.5,32,88,89,0.85,1236,72,19,195,0,None,139,65.7446458805075,-1,88.5,165.75
16.9,16.3,28,88,90,1.03,1355,68,30,119,0,None,118,80.17746735061104,-2,89.0,122.57000000000001
7.9,12.3,35,74,80,0.89,1643,64,28,205,0,None,98,207.97442028554394,-6,77.0,182.45
8.3,15.4,44,95,78,1.01,1267,65,22,248,0,None,129,152.65041849347168,17,86.5,250.48
18.2,20.0,26,70,88,0.93,1861,64,35,63,0,None,88,102.25269106994996,-18,79.0,58.59
11.2,18.9,34,83,85,0.7,1326,78,21,189,0,None,126,118.39275143504338,-2,84.0,132.29999999999998
10.3,10.6,41,76,90,1.48,949,78,20,199,0,None,126,92.13583287783216,-14,83.0,294.52
6.2,11.3,18,73,78,0.52,1983,66,22,260,0,None,107,319.83819380936484,-5,75.5,135.20000000000002
20.3,14.9,39,80,94,1.43,1439,74,30,260,1,Generator,114,70.88666458784995,-14,87.0,371.8
22.7,12.5,22,90,89,1.33,1286,62,17,122,0,None,145,56.65195742204519,1,89.5,162.26000000000002
21.4,10.8,31,85,75,0.92,1889,71,21,161,0,None,118,88.27098678925852,10,80.0,148.12
14.3,12.5,45,96,87,0.82,1847,66,27,265,0,None,129,129.16074883863718,9,91.5,217.29999999999998
15.7,10.6,45,88,81,0.66,942,79,32,189,0,None,105,59.99996178346384,7,84.5,124.74000000000001
9.8,15.3,24,78,80,0.63,1789,63,24,142,0,None,110,182.5508341318019,-2,79.0,89.46
8.5,14.9,19,85,93,1.05,1439,63,23,151,0,None,132,169.29391847774298,-8,89.0,158.55
21.5,10.1,43,77,92,0.61,1641,75,22,30,1,Blades,125,76.32554589509493,-15,84.5,18.3
21.0,14.8,42,75,75,0.98,1061,66,16,259,1,Blades,118,50.52378546486406,0,75.0,253.82
20.5,15.2,33,99,79,1.31,1634,65,34,133,1,Gearbox,110,79.70727819157162,20,89.0,174.23000000000002
14.3,16.1,16,84,89,1.26,1153,64,16,143,0,None,141,80.6293142452348,-5,86.5,180.18
22.3,19.7,38,90,92,0.63,1029,65,26,36,0,None,130,46.14347706570535,-2,91.0,22.68
23.5,19.8,20,96,89,1.46,1048,80,31,259,1,Gearbox,123,44.595725703946506,7,92.5,378.14
11.6,15.3,43,80,86,0.79,1230,69,32,258,0,None,102,106.03439134966264,-6,83.0,203.82000000000002
9.5,18.5,28,94,95,1.21,1991,65,19,181,0,None,151,209.578726759235,-1,94.5,219.01
14.3,10.9,33,94,91,0.8,960,61,16,62,0,None,153,67.13282018683903,3,92.5,49.6
8.6,15.3,23,95,84,1.12,1264,62,30,156,0,None,119,146.97657328305434,11,89.5,174.72000000000003
22.7,16.8,29,76,87,1.07,1478,73,16,54,0,None,131,65.11010347572534,-11,81.5,57.78
11.8,15.6,38,99,76,0.68,1128,65,24,169,0,None,127,95.59313932784802,23,87.5,114.92
16.5,12.3,30,78,94,1.15,1958,71,22,133,0,None,128,118.66659474751833,-16,86.0,152.95
16.9,10.6,40,93,82,0.83,1407,71,18,105,0,None,139,83.25438860687066,11,87.5,87.14999999999999
15.3,13.9,36,75,88,1.11,1662,67,26,237,0,None,111,108.62737998210459,-13,81.5,263.07000000000005
8.1,16.5,17,98,88,1.04,1296,74,18,296,0,None,150,159.9998024693797,10,93.0,307.84000000000003
24.8,19.9,33,83,76,1.34,1114,61,28,226,0,None,103,44.9193367260739,7,79.5,302.84000000000003
8.5,12.4,33,90,80,0.71,1234,68,31,73,0,None,108,145.17629979258848,10,85.0,51.83
20.0,19.2,26,96,88,0.65,1208,69,20,81,0,None,144,60.3999698000151,8,92.0,52.65
20.8,10.7,25,78,93,1.35,1832,62,30,223,1,Generator,111,88.07688073226888,-15,85.5,301.05
7.9,19.3,17,82,91,0.94,916,60,28,79,0,None,117,115.94922031744264,-9,86.5,74.25999999999999
23.7,18.3,28,79,87,1.28,1883,71,20,41,0,None,126,79.45144326943323,-8,83.0,52.480000000000004
14.8,10.2,25,78,80,1.46,1332,66,19,233,0,None,120,89.99993918923028,-2,79.0,340.18
17.6,13.0,44,85,94,1.04,1579,79,32,82,0,None,115,89.7158581159897,-9,89.5,85.28
17.8,10.5,35,86,83,0.8,1786,74,19,206,0,None,131,100.33702228257175,3,84.5,164.8
15.1,20.0,29,72,78,1.29,1407,62,17,192,0,None,116,93.17874623924091,-6,75.0,247.68
7.8,14.3,38,90,75,1.43,1002,73,21,132,0,None,123,128.46137376746952,15,82.5,188.76
20.0,16.6,38,83,94,0.75,1496,78,33,264,0,None,111,74.7999626000187,-11,88.5,198.0
16.6,12.3,29,97,91,1.19,1034,79,27,295,0,None,134,62.2891191029403,6,94.0,351.05
7.4,19.3,17,97,79,1.28,1807,66,29,92,0,None,118,244.18885920424432,18,88.0,117.76
19.0,12.7,38,92,78,0.53,1613,69,19,247,0,None,132,84.89469216068834,14,85.0,130.91
19.1,12.6,18,96,94,1.09,1551,73,25,223,0,None,140,81.20414596641572,2,95.0,243.07000000000002
16.0,13.1,40,98,80,1.13,900,78,31,63,0,None,116,56.24996484377198,18,89.0,71.19
6.8,14.6,25,87,84,1.14,1956,74,22,51,0,None,127,287.6466358137709,3,85.5,58.13999999999999
12.1,10.2,34,99,87,0.58,1043,68,29,114,0,None,128,86.1982758691935,12,93.0,66.11999999999999
6.0,16.0,37,99,76,0.52,1102,62,27,155,0,None,121,183.66636055606574,23,87.5,80.60000000000001
14.6,10.3,16,73,82,0.79,1985,63,22,243,0,None,111,135.95881098711578,-9,77.5,191.97
23.1,15.4,27,86,94,0.86,998,71,23,153,0,None,134,43.20344450067338,-8,90.0,131.57999999999998
5.0,14.6,33,73,89,0.64,1716,65,30,242,0,None,102,343.1993136013728,-16,81.0,154.88
10.3,12.4,40,91,82,1.01,1004,69,30,285,0,None,113,97.47563351880241,9,86.5,287.85
21.0,13.3,37,93,91,0.73,1706,68,33,128,0,None,118,81.23805655330641,2,92.0,93.44
5.2,17.1,42,97,92,0.84,1878,71,26,131,0,None,137,361.15315162855455,5,94.5,110.03999999999999
5.2,10.1,17,90,78,0.79,1285,67,24,298,0,None,120,247.11490939440503,12,84.0,235.42000000000002
17.2,13.2,17,84,87,1.27,1244,69,31,240,0,None,109,72.32553934561666,-3,85.5,304.8
20.8,16.8,36,75,82,1.38,1926,72,23,103,0,None,111,92.59610932879359,-7,78.5,142.14
20.5,11.5,27,74,85,0.8,982,72,27,100,0,None,105,47.90241565735822,-11,79.5,80.0
20.6,15.6,29,85,84,0.88,1282,69,30,149,0,None,109,62.23297949855364,1,84.5,131.12
12.2,11.7,33,95,85,1.32,1618,74,33,117,1,Gearbox,114,132.6228421124245,10,90.0,154.44
22.7,11.5,45,93,85,1.26,1656,68,33,42,1,Blades,112,72.95150971299132,8,89.0,52.92
5.3,17.7,17,96,76,1.21,1398,76,28,237,0,None,116,263.7730872205902,20,86.0,286.77
11.2,12.7,18,94,79,1.21,1839,80,15,226,0,None,143,164.19628196760542,15,86.5,273.46
11.7,13.8,40,76,86,0.8,1834,75,30,76,0,None,102,156.752002776066,-10,81.0,60.800000000000004
8.3,17.3,16,76,94,1.44,1799,76,22,174,1,Generator,126,216.74672681117252,-18,85.0,250.56
11.7,11.8,29,84,90,1.31,1088,77,32,235,0,None,110,92.99137351164659,-6,87.0,307.85
16.7,15.3,38,76,80,0.71,1611,62,16,68,0,None,124,96.46700810358797,-4,78.0,48.28
15.4,19.2,21,76,82,1.16,1836,71,17,134,0,None,124,119.2207018047391,-6,79.0,155.44
11.4,15.5,21,78,82,0.65,1004,73,29,128,0,None,102,88.0700981841244,-4,80.0,83.2
20.0,10.5,24,71,90,1.08,1169,78,20,151,0,None,121,58.44997077501461,-19,80.5,163.08
19.3,15.9,20,87,94,0.79,1976,77,21,250,0,None,139,102.38336664074266,-7,90.5,197.5
10.6,10.9,35,82,82,0.61,1408,68,23,177,0,None,118,132.83006336786477,0,82.0,107.97
11.5,12.8,21,77,75,1.1,1483,66,19,141,0,None,114,128.9564096031221,2,76.0,155.10000000000002
10.8,18.5,22,74,94,1.38,1285,66,32,215,1,Generator,104,118.98137131354508,-20,84.0,296.7
7.6,10.1,32,84,90,0.64,1331,65,17,93,0,None,140,175.13134851138355,-6,87.0,59.52
20.1,10.8,44,88,92,1.4,1884,66,18,121,1,Generator,144,93.73129665109619,-4,90.0,169.39999999999998
5.9,13.6,42,99,79,0.63,1130,75,23,56,0,None,132,191.52509911000152,20,89.0,35.28
8.0,20.0,41,78,88,1.24,1207,62,23,183,0,None,120,150.87481140648575,-10,83.0,226.92
7.1,12.9,31,71,80,1.49,1451,75,16,79,0,None,119,204.36590934378967,-9,75.5,117.71
21.5,11.6,24,92,75,0.59,1242,64,22,243,0,None,123,57.767414991900004,17,83.5,143.37
5.9,15.5,36,77,78,0.71,1882,72,30,293,0,None,95,318.9825101991353,-1,77.5,208.03
18.3,15.2,27,85,93,0.96,1596,72,33,105,0,None,112,87.21306709668464,-8,89.0,100.8
5.9,14.5,38,94,79,1.24,1454,72,17,185,0,None,139,246.4402602707453,15,86.5,229.4
20.7,19.5,15,71,87,1.4,1564,66,28,180,0,None,102,75.55551905530481,-16,79.0,251.99999999999997
23.3,12.8,31,74,94,1.23,922,63,34,207,0,None,100,39.57079846746847,-20,84.0,254.60999999999999
14.7,12.9,25,73,77,1.27,1716,76,21,178,0,None,108,116.73461446624867,-4,75.0,226.06
21.1,11.4,22,77,91,0.95,1269,65,33,134,0,None,102,60.142151591397344,-14,84.0,127.3
19.1,17.0,35,75,87,0.86,1569,62,18,87,0,None,126,82.1465538499718,-12,81.0,74.82
20.9,13.2,35,79,81,1.01,1815,63,32,238,0,None,96,86.84206371193125,-2,80.0,240.38
20.3,18.0,16,92,82,1.15,1280,62,24,171,0,None,126,63.05415613095757,10,87.0,196.64999999999998
9.1,19.7,43,71,76,1.0,941,74,32,215,0,None,83,103.40647977309916,-5,73.5,215.0
15.0,10.4,26,72,80,1.29,901,75,19,203,0,None,114,60.06662662224892,-8,76.0,261.87
24.2,19.9,43,87,83,0.66,1846,67,16,129,1,Blades,138,76.28096021447925,4,85.0,85.14
11.9,12.5,33,86,89,0.9,1501,75,27,135,0,None,121,126.13434778626237,-3,87.5,121.5
24.4,14.2,35,84,80,0.57,1615,77,20,140,0,None,124,66.18849746373056,4,82.0,79.8
16.7,17.8,44,85,87,1.17,1556,70,31,196,0,None,110,93.17359690203779,-2,86.0,229.32
14.2,16.7,40,92,90,1.26,1086,77,31,81,0,None,120,76.47881938111311,2,91.0,102.06
18.2,17.8,19,87,89,1.17,942,70,29,84,0,None,118,51.758213319663014,-2,88.0,98.28
21.3,14.7,15,84,87,1.46,1168,76,25,124,0,None,121,54.83565500673474,-3,85.5,181.04
12.9,19.2,24,72,87,1.43,1990,69,33,279,0,None,93,154.26344630740596,-15,79.5,398.96999999999997
5.7,17.9,30,99,89,0.77,1360,61,27,232,0,None,134,238.59607263846905,10,94.0,178.64000000000001
19.2,13.1,37,77,82,0.74,1918,64,19,252,0,None,121,99.89578130428058,-5,79.5,186.48
24.1,19.5,35,96,84,0.53,1186,66,27,184,0,None,126,49.21159783751127,12,90.0,97.52000000000001
17.5,19.6,24,81,94,1.0,1687,69,27,82,0,None,121,96.39994491431719,-13,87.5,82.0
8.8,14.2,31,91,88,1.36,929,69,28,43,1,Gearbox,123,105.56806185447516,3,89.5,58.480000000000004
10.0,16.5,35,84,85,0.66,914,80,17,162,0,None,135,91.39990860009141,-1,84.5,106.92
23.2,18.1,30,81,87,1.09,1412,70,29,77,0,None,110,60.862042731878134,-6,84.0,83.93
5.3,18.2,36,88,77,1.22,1614,67,23,132,0,None,119,304.52772730617494,11,82.5,161.04
16.0,10.1,30,86,87,0.87,1958,67,27,71,0,None,119,122.3749235156728,-1,86.5,61.77
8.2,16.3,31,77,92,1.2,933,78,33,66,0,None,103,113.78034904835484,-15,84.5,79.2
10.7,19.7,43,80,85,1.34,1987,68,22,139,0,None,121,185.70076102732617,-5,82.5,186.26000000000002
11.1,12.3,27,71,79,0.51,1419,76,26,98,0,None,98,127.83772266871833,-8,75.0,49.980000000000004
9.4,18.0,38,76,84,1.24,1743,65,30,145,0,None,100,185.4253346538993,-8,80.0,179.8
20.8,15.3,25,80,81,1.1,1611,69,17,292,0,None,127,77.4518858404395,-1,80.5,321.20000000000005
11.6,12.2,25,99,82,1.34,1173,71,22,96,1,Gearbox,137,101.12060248223925,17,90.5,128.64000000000001
11.9,10.5,43,86,80,0.64,1266,71,18,117,0,None,130,106.3864652214578,6,83.0,74.88
14.1,17.6,36,91,82,1.31,1550,72,32,203,1,Gearbox,109,109.92900005035457,9,86.5,265.93
23.0,13.2,43,90,91,0.64,1006,75,30,185,1,Blades,121,43.73911141777764,-1,90.5,118.4
18.8,13.8,45,99,90,1.08,1752,70,21,74,0,None,147,93.19143979178735,9,94.5,79.92
6.2,14.9,15,87,85,0.77,1780,64,16,125,0,None,140,287.09631113498205,2,86.0,96.25
5.8,15.1,44,88,91,0.74,1803,72,23,164,0,None,133,310.8615329973569,-3,89.5,121.36
16.3,12.1,18,79,95,1.0,1833,66,15,75,0,None,144,112.45391873992715,-16,87.0,75.0
22.7,16.7,17,89,83,1.26,1658,66,21,166,0,None,130,73.03961540105048,6,86.0,209.16
11.5,16.9,38,93,95,1.15,1718,63,19,44,0,None,150,149.39117444245701,-2,94.0,50.599999999999994
10.0,11.4,26,73,80,1.49,1548,78,20,294,0,None,113,154.7998452001548,-7,76.5,438.06
20.0,15.3,43,84,94,0.62,1149,61,29,191,0,None,120,57.44997127501436,-10,89.0,118.42
17.0,16.1,31,83,92,1.22,991,61,29,258,0,None,117,58.29408335642156,-9,87.5,314.76
16.3,11.9,27,73,79,0.56,1096,74,29,282,0,None,94,67.2392225526242,-6,76.0,157.92000000000002
8.0,18.9,17,80,82,0.86,1112,74,31,273,0,None,100,138.99982625021718,-2,81.0,234.78
8.5,14.8,29,86,89,0.84,1734,67,31,67,0,None,113,203.99976000028235,-3,87.5,56.28
10.6,11.2,23,89,79,0.76,1943,75,28,43,0,None,112,183.3017138663077,10,84.0,32.68
9.1,13.3,17,79,87,1.03,1796,70,20,70,0,None,126,197.36242048085663,-8,83.0,72.10000000000001
24.4,14.8,35,84,86,0.74,1991,75,22,225,0,None,126,81.59832721380033,-2,85.0,166.5
5.4,10.1,44,92,81,0.87,948,71,23,275,0,None,127,175.55523045327695,11,86.5,239.25
17.5,10.3,26,83,81,1.36,935,75,29,56,0,None,106,53.42854089797663,2,82.0,76.16000000000001
15.4,10.6,24,98,85,0.82,1652,75,26,251,0,None,131,107.2726576151574,13,91.5,205.82
11.5,15.4,18,71,81,1.49,928,66,30,42,0,None,92,80.69558200384174,-10,76.0,62.58
22.8,13.4,22,78,79,0.78,1880,68,18,64,0,None,121,82.45610418591922,-1,78.5,49.92
18.4,18.9,24,74,90,1.4,1419,70,20,73,0,None,124,77.1195233046069,-16,82.0,102.19999999999999
25.0,15.6,25,86,87,0.93,1917,64,16,260,0,None,141,76.67996932801228,-1,86.5,241.8
8.4,17.6,34,75,84,1.41,1175,79,27,189,0,None,105,139.88078585620732,-9,79.5,266.49
6.8,16.9,18,92,79,0.93,1607,78,34,135,0,None,103,236.32318187767373,13,85.5,125.55000000000001
7.8,15.2,17,98,87,1.27,1669,76,26,74,0,None,133,213.97408464860945,11,92.5,93.98
10.4,17.4,43,76,88,0.9,1216,64,19,226,0,None,126,116.92296449714952,-12,82.0,203.4
13.3,15.4,39,97,85,1.12,1304,69,27,149,0,None,128,98.0450390638804,12,91.0,166.88000000000002
22.3,13.9,23,89,82,0.55,1507,79,29,256,0,None,113,67.57844503208743,7,85.5,140.8
10.7,14.4,34,76,92,1.1,1322,72,27,182,0,None,114,123.55128640066692,-16,84.0,200.20000000000002
23.3,18.4,33,92,89,0.82,1441,68,22,145,0,None,137,61.84546701911287,3,90.5,118.89999999999999
14.3,15.6,37,73,82,1.5,1402,62,32,249,0,None,91,98.04188948119616,-9,77.5,373.5
17.9,13.8,41,91,87,1.31,1633,62,25,139,1,Gearbox,128,91.22899931340821,4,89.0,182.09
10.3,11.8,26,96,80,0.58,989,74,35,281,0,None,106,96.01932425308324,16,88.0,162.98
8.1,15.0,35,99,75,0.7,1952,66,20,165,0,None,134,240.98735680573236,24,87.0,115.49999999999999
22.4,12.5,39,72,92,1.12,1013,70,19,83,0,None,126,45.223194096788355,-20,82.0,92.96000000000001
7.2,19.6,36,72,91,0.8,1272,75,17,73,0,None,129,176.66642129663708,-19,81.5,58.400000000000006
20.5,14.9,43,98,88,0.71,910,64,23,155,1,Blades,140,44.390222248672075,10,93.0,110.05
16.6,10.1,30,94,91,0.86,1798,62,20,277,0,None,145,108.3131877631399,3,92.5,238.22
22.2,10.9,39,93,91,0.61,1024,68,32,205,0,None,120,46.12610534860119,2,92.0,125.05
19.4,12.8,42,92,92,1.05,1206,63,25,216,0,None,134,62.164916409836906,0,92.0,226.8
10.6,10.9,32,92,93,0.78,1397,70,16,65,0,None,153,131.7923284978033,-1,92.5,50.7
16.5,18.9,16,88,91,1.37,1828,71,22,129,1,Generator,135,110.78781164375052,-3,89.5,176.73000000000002
5.3,18.5,40,94,92,0.53,1744,62,29,52,0,None,128,329.0559829132398,2,93.0,27.560000000000002
14.5,19.7,40,71,85,0.85,1065,76,25,86,0,None,106,73.44822520812055,-14,78.0,73.1
6.7,17.1,27,92,89,1.05,1391,60,22,252,0,None,137,207.61163043040236,3,90.5,264.6
13.6,16.5,22,87,82,0.74,1266,67,18,157,0,None,133,93.08816684693615,5,84.5,116.17999999999999
7.2,19.2,44,97,92,0.56,1943,61,28,206,0,None,133,269.8607363045329,5,94.5,115.36000000000001
24.1,19.5,32,98,92,0.57,1841,74,19,124,0,None,152,76.39000979667642,6,95.0,70.67999999999999
15.5,18.8,30,77,76,0.66,1065,78,32,162,0,None,89,68.7096330905593,1,76.5,106.92
23.3,18.6,43,94,82,0.77,1373,67,35,182,1,Blades,106,58.927013336045775,12,88.0,140.14000000000001
5.4,16.7,27,99,78,1.21,1389,67,26,152,0,None,125,257.22174588565576,21,88.5,183.92
17.8,10.0,40,78,78,0.97,1957,74,17,106,0,None,122,109.94375845856266,0,78.0,102.82
11.1,14.3,36,96,83,0.53,1775,77,29,197,0,None,121,159.9097658470578,13,89.5,104.41000000000001
13.6,16.4,44,88,88,0.66,1790,78,18,138,0,None,140,131.61755028121303,0,88.0,91.08
22.5,15.5,28,82,82,0.87,1305,72,33,168,0,None,98,57.99997422223368,0,82.0,146.16
24.6,18.2,42,95,81,0.92,1665,72,27,97,1,Blades,122,67.68289931589459,14,88.0,89.24000000000001
9.9,18.2,32,96,77,0.56,1252,72,31,61,0,None,111,126.46451872270836,19,86.5,34.160000000000004
24.0,16.0,29,78,83,0.62,1807,70,27,85,0,None,107,75.29163529515196,-5,80.5,52.7
18.8,10.2,24,94,84,0.76,1956,71,26,141,0,None,126,104.04249784973518,10,89.0,107.16
24.0,13.7,32,71,83,1.34,1571,62,26,259,0,None,102,65.45830605903915,-12,77.0,347.06
16.2,12.3,32,83,89,0.71,1482,80,30,299,0,None,112,91.48142501146604,-6,86.0,212.29
24.2,13.4,42,72,81,0.73,1860,61,33,269,1,Blades,87,76.85947237211886,-9,76.5,196.37
22.8,16.2,36,79,89,0.99,1896,70,19,141,0,None,130,83.15785826409726,-10,84.0,139.59
7.6,10.7,40,99,93,1.39,999,76,17,84,1,Gearbox,158,131.44719546421652,6,96.0,116.75999999999999
11.2,10.2,38,92,87,1.03,1667,72,16,126,0,None,147,148.83915282218499,5,89.5,129.78
9.9,14.4,23,93,83,0.58,1591,62,32,43,0,None,112,160.7069083768602,10,88.0,24.939999999999998
16.4,17.9,21,74,79,0.69,1131,71,17,44,0,None,119,68.96337258330941,-5,76.5,30.36
21.1,10.3,23,87,94,1.36,1037,78,28,158,1,Generator,125,49.14689613891178,-7,90.5,214.88000000000002
20.2,18.5,19,82,90,1.38,1214,72,21,229,0,None,130,60.09898014901973,-8,86.0,316.02
19.5,13.8,27,92,80,1.3,1086,76,26,84,0,None,120,55.69227913216455,12,86.0,109.2
12.5,11.2,35,75,78,1.04,1167,69,17,246,0,None,119,93.35992531205976,-3,76.5,255.84
7.8,15.7,31,78,76,0.94,1909,66,27,83,0,None,100,244.74327597015903,2,77.0,78.02
9.2,19.5,35,97,79,0.77,1908,64,33,247,0,None,110,207.39107892274032,18,88.0,190.19
19.8,15.4,26,75,90,1.05,1179,77,20,256,0,None,125,59.545424472007845,-15,82.5,268.8
8.0,16.9,21,89,88,1.18,1122,74,21,240,0,None,135,140.24982468771915,1,88.5,283.2
9.5,18.2,21,79,94,1.1,1400,64,19,234,0,None,135,147.36826592814114,-15,86.5,257.40000000000003
13.5,18.0,33,72,81,0.73,1630,71,18,109,0,None,117,120.74065130322126,-9,76.5,79.57
6.4,10.7,20,77,91,1.4,1052,74,16,215,1,Generator,136,164.3747431644638,-14,84.0,301.0
9.3,17.4,27,96,77,0.89,1799,71,28,151,0,None,117,193.44065221435244,19,86.5,134.39000000000001
8.0,19.5,21,97,86,1.38,981,79,22,189,1,Gearbox,139,122.62484671894161,11,91.5,260.82
24.0,17.0,35,83,84,0.9,1025,64,24,207,0,None,119,42.70831553820186,-1,83.5,186.3
8.8,18.4,33,89,92,0.54,1600,74,21,269,0,None,139,181.81797520684634,-3,90.5,145.26000000000002
22.2,14.9,26,86,89,1.24,1125,72,30,181,0,None,115,50.67565284880502,-3,87.5,224.44
7.3,13.2,19,78,79,1.42,1152,78,29,105,0,None,99,157.80800300273563,-1,78.5,149.1
22.4,16.8,21,80,95,0.75,1864,77,28,123,0,None,119,83.2142485650676,-15,87.5,92.25
17.0,14.9,29,86,91,1.04,1301,73,30,190,0,None,117,76.52936674743133,-5,88.5,197.6
22.0,19.0,44,91,82,1.31,1913,69,27,174,1,Gearbox,119,86.95450592977004,9,86.5,227.94
22.3,19.7,23,80,92,0.82,1020,63,17,217,0,None,138,45.739889802739995,-12,86.0,177.94
16.9,18.2,21,91,94,0.79,1925,76,23,92,0,None,139,113.90525804422602,-3,92.5,72.68
23.4,19.9,22,99,93,0.91,1906,76,21,208,0,None,150,81.45295664403562,6,96.0,189.28
16.7,13.5,36,71,86,1.05,1494,67,22,142,0,None,113,89.46102427483576,-15,78.5,149.1
19.3,19.0,42,75,87,1.05,1734,65,19,294,0,None,124,89.84451303393107,-12,81.0,308.7
13.3,13.3,17,97,77,0.99,1381,79,18,205,0,None,138,103.83450839510647,20,87.0,202.95
23.3,11.2,37,72,78,1.32,1742,69,24,120,0,None,102,74.76391641033631,-6,75.0,158.4
21.5,16.2,30,93,95,0.65,1167,75,34,272,0,None,120,54.279044521374644,-2,94.0,176.8
8.3,14.5,40,89,90,0.59,1893,72,15,235,0,None,149,228.072014371067,-1,89.5,138.65
16.5,19.2,28,71,76,0.67,1767,74,21,249,0,None,105,107.09084418736717,-5,73.5,166.83
22.9,14.9,15,70,86,1.2,1706,60,34,53,0,None,88,74.49778406210304,-16,78.0,63.599999999999994
20.9,19.3,35,85,82,0.65,1785,73,22,44,0,None,123,85.40665770016379,3,83.5,28.6
24.3,10.8,39,74,81,0.82,1279,71,28,185,0,None,99,52.633723195998684,-7,77.5,151.7
9.6,18.3,42,96,86,1.38,1109,75,20,299,1,Gearbox,142,115.5207129992573,10,91.0,412.61999999999995
12.3,17.6,32,84,81,0.64,1290,79,26,168,0,None,113,104.8779635138508,3,82.5,107.52
15.1,17.2,19,77,80,1.03,943,77,18,30,0,None,121,62.45028976802003,-3,78.5,30.900000000000002
9.7,13.6,26,75,94,1.01,1197,69,26,246,0,None,117,123.4019346371808,-19,84.5,248.46
12.9,17.8,39,95,76,0.53,1568,72,25,223,0,None,121,121.5502933718656,19,85.5,118.19000000000001
15.8,14.8,30,92,84,0.62,1831,65,32,132,0,None,112,115.88600260379582,8,88.0,81.84
8.8,17.2,36,92,85,1.45,1923,60,31,234,1,Gearbox,115,218.52247895172846,7,88.5,339.3
10.1,15.5,15,73,84,1.46,1694,63,19,104,0,None,119,167.72260621524137,-11,78.5,151.84
7.5,11.6,17,89,88,1.37,1881,61,34,104,0,None,109,250.79966560044588,1,88.5,142.48000000000002
19.3,10.6,35,96,76,0.93,1221,75,23,33,0,None,126,63.26421592527672,20,86.0,30.69
12.2,13.7,24,93,93,1.09,1645,64,16,94,0,None,154,134.83595505249588,0,93.0,102.46000000000001
9.4,19.3,27,74,85,1.32,1974,62,17,184,0,None,125,209.99977659598235,-11,79.5,242.88000000000002
15.1,15.3,34,98,86,1.18,1572,66,23,256,0,None,138,104.10589132060178,12,92.0,302.08
6.4,18.0,18,72,84,1.4,1371,79,33,153,0,None,90,214.21841528372613,-12,78.0,214.2
23.5,15.8,40,87,84,0.82,1189,65,18,81,0,None,135,50.59572315075611,3,85.5,66.42
10.9,19.6,19,98,79,1.12,1246,73,25,124,0,None,127,114.31182173227364,19,88.5,138.88000000000002
22.7,13.7,37,95,85,1.07,1123,77,26,86,0,None,128,49.471343845222975,10,90.0,92.02000000000001
15.0,10.6,24,90,83,1.48,1673,77,33,40,0,None,107,111.53325897782734,7,86.5,59.2
22.0,17.8,23,96,84,1.38,1696,79,15,103,1,Gearbox,150,77.0908740496027,12,90.0,142.14
9.9,17.1,40,90,75,0.67,1758,67,33,66,0,None,99,177.57557820648665,15,82.5,44.220000000000006
8.5,15.3,32,72,78,0.56,1414,70,20,173,0,None,110,166.3527454673583,-6,75.0,96.88000000000001
22.0,13.3,21,81,90,0.95,1052,65,32,98,0,None,107,47.81816008265451,-9,85.5,93.1
9.3,11.9,15,83,83,1.05,1364,61,23,114,0,None,120,146.66650896074304,0,83.0,119.7
19.9,14.8,44,86,90,1.29,1723,80,22,293,0,None,132,86.5828710638839,-4,88.0,377.97
11.9,16.7,28,77,78,0.66,1841,77,35,290,0,None,85,154.70575234810727,-1,77.5,191.4
20.0,15.8,27,96,89,1.42,989,66,31,170,1,Gearbox,123,49.44997527501236,7,92.5,241.39999999999998
23.2,14.4,17,77,81,1.07,1168,76,25,290,0,None,108,50.344805885859536,-4,79.0,310.3
24.6,15.4,42,90,89,1.34,1958,77,22,272,1,Blades,135,79.59346357989286,1,89.5,364.48
12.2,11.1,19,96,77,1.34,1375,65,21,83,1,Gearbox,131,112.70482565178226,19,86.5,111.22000000000001
12.4,17.0,25,92,82,1.45,978,79,29,237,1,Gearbox,116,78.87090413636763,10,87.0,343.65
24.6,17.3,28,74,77,1.16,1124,66,23,296,0,None,105,45.691038336976284,-3,75.5,343.35999999999996
22.2,10.1,39,99,88,1.28,1810,71,28,234,0,None,131,81.53149480563297,11,93.5,299.52
5.9,12.7,26,73,83,1.32,1735,76,23,290,0,None,110,294.06729819102003,-10,78.0,382.8
16.5,10.9,31,76,76,0.97,1139,72,22,164,0,None,108,69.0302611937811,0,76.0,159.07999999999998
8.6,20.0,28,74,86,0.93,1012,65,22,51,0,None,116,117.67428177409097,-12,80.0,47.43
24.9,15.9,24,90,75,1.45,987,79,33,159,0,None,99,39.63853829777579,15,82.5,230.54999999999998
7.8,14.7,43,94,91,0.57,1450,60,30,122,0,None,125,185.89719756769543,3,92.5,69.53999999999999
16.2,14.6,39,77,94,1.45,1665,70,28,155,1,Generator,115,102.77771433474425,-17,85.5,224.75
18.3,19.6,20,99,91,1.08,1256,61,28,279,0,None,134,68.63384227658892,8,95.0,301.32
23.7,16.6,32,74,94,0.79,995,73,19,241,0,None,130,41.983104648479056,-20,84.0,190.39000000000001
21.9,11.7,39,79,93,1.06,1441,61,34,288,0,None,104,65.7990567127595,-14,86.0,305.28000000000003
9.9,14.5,32,85,93,1.14,1141,61,17,163,0,None,144,115.25240883595067,-8,89.0,185.82
16.5,17.7,30,94,80,0.61,1099,70,19,158,0,None,136,66.60602023877561,14,87.0,96.38
24.1,14.2,17,81,80,1.17,1752,74,15,240,0,None,131,72.69706527092727,1,80.5,280.79999999999995
19.7,13.1,18,75,91,1.4,1565,68,22,209,1,Generator,122,79.44158403980506,-16,83.0,292.59999999999997
18.8,19.9,22,84,85,1.47,1247,78,21,38,0,None,127,66.3297519522596,-1,84.5,55.86
20.1,19.4,30,84,94,1.1,1407,79,32,64,0,None,114,69.99996517414668,-10,89.0,70.4
11.5,19.4,45,70,93,0.83,1146,69,28,202,0,None,107,99.65208725905455,-23,81.5,167.66
19.6,11.3,39,71,93,1.06,1518,72,31,78,0,None,102,77.44894007707138,-22,82.0,82.68
9.7,12.3,18,78,82,0.5,1733,80,18,244,0,None,124,178.65960962926843,-4,80.0,122.0
13.6,14.4,37,92,78,1.42,1371,76,26,37,1,Gearbox,118,100.80874940533133,14,85.0,52.54
22.8,18.3,39,81,89,1.28,1322,63,25,172,0,None,120,57.98243070946022,-8,85.0,220.16
5.4,17.4,27,76,84,0.67,1177,61,24,71,0,None,112,217.96255932859384,-8,80.0,47.57
13.3,18.5,25,73,94,1.11,1256,71,35,116,0,None,97,94.43601922103818,-21,83.5,128.76000000000002
10.3,19.2,33,78,92,0.52,1296,77,24,129,0,None,122,125.82512055813538,-14,85.0,67.08
9.0,17.8,31,84,94,0.72,1244,75,17,270,0,None,144,138.22206864214596,-10,89.0,194.4
21.8,12.6,23,73,86,0.67,999,73,16,144,0,None,127,45.825667052446306,-13,79.5,96.48
18.9,12.9,27,70,86,0.66,1063,77,31,41,0,None,94,56.243356484996575,-16,78.0,27.060000000000002
7.3,13.5,31,74,92,1.05,1996,63,15,81,0,None,136,273.42428298043427,-18,83.0,85.05
14.9,13.0,32,92,85,1.46,1299,69,33,213,1,Gearbox,111,87.18114954285265,7,88.5,310.98
14.3,12.5,31,84,93,0.63,1786,76,19,87,0,None,139,124.89501755593177,-9,88.5,54.81
7.9,17.5,40,83,76,1.37,1689,63,33,210,0,None,93,213.79719772506618,7,79.5,287.70000000000005
21.0,10.3,16,71,82,0.58,1521,67,31,207,0,None,91,72.42853693879194,-11,76.5,120.05999999999999
12.3,17.3,25,91,92,0.58,1395,69,19,249,0,None,145,113.4145419393968,-1,91.5,144.42
20.2,18.2,37,76,79,1.13,1632,62,32,199,0,None,91,80.79203921186178,-3,77.5,224.86999999999998
8.8,10.7,35,73,83,1.07,1543,60,21,283,0,None,114,175.34070984010245,-10,78.0,302.81
11.3,10.6,43,95,75,0.84,1707,70,19,254,0,None,132,151.0618132196343,20,85.0,213.35999999999999
6.9,12.9,33,85,81,1.03,1993,78,19,94,0,None,128,288.8401611012158,4,83.0,96.82000000000001
7.9,12.1,34,92,81,1.25,1246,62,32,229,0,None,109,157.7213193401021,11,86.5,286.25
22.7,15.8,36,95,90,1.27,1267,63,15,220,0,None,155,55.81495338548309,5,92.5,279.4
7.2,16.8,21,99,89,0.51,1658,61,30,89,0,None,128,230.27745794797508,10,94.0,45.39
6.9,16.3,38,89,84,0.58,1829,67,31,130,0,None,111,265.0720796056817,5,86.5,75.39999999999999
23.8,13.6,24,72,90,0.5,1109,68,22,123,0,None,118,46.59661907705081,-18,81.0,61.5
17.9,15.0,28,87,84,0.52,1840,80,29,118,0,None,113,102.79323866299517,3,85.5,61.36
7.0,16.4,15,85,84,1.34,1886,76,33,82,0,None,103,269.4281865311621,1,84.5,109.88000000000001
24.4,11.2,40,72,88,0.58,1334,67,26,59,0,None,108,54.672108740939045,-16,80.0,34.22
7.9,12.3,44,79,89,1.21,1193,68,28,119,0,None,112,151.0124670728265,-10,84.0,143.99
20.3,18.9,17,82,92,1.48,1341,68,29,93,1,Generator,116,66.05908075907351,-10,87.0,137.64
5.7,13.4,34,75,90,1.32,1105,72,34,167,0,None,97,193.8593090187561,-15,82.5,220.44
17.5,18.0,44,70,88,0.57,965,78,23,292,0,None,112,55.14282563267107,-18,79.0,166.44
15.9,12.5,33,93,86,1.39,1777,65,26,103,1,Gearbox,127,111.76093599941132,7,89.5,143.17
9.2,10.4,39,96,81,1.46,1527,65,24,227,1,Gearbox,129,165.97808045860822,15,88.5,331.42
17.9,15.0,19,77,80,1.21,1444,80,21,161,0,None,115,80.67034599422013,-3,78.5,194.81
17.3,18.9,22,70,92,1.12,1135,70,34,69,0,None,94,65.60689849312226,-22,81.0,77.28
21.0,18.2,25,97,89,1.1,1508,74,25,295,0,None,136,71.80948961452876,8,93.0,324.5
22.5,12.5,44,74,88,1.32,1342,76,34,262,1,Blades,94,59.64441793581425,-14,81.0,345.84000000000003
15.2,19.1,38,82,80,1.05,1457,70,35,253,0,None,92,95.8552000952631,2,81.0,265.65000000000003
14.8,14.8,42,81,94,0.83,1000,60,32,84,0,None,111,67.56752191383654,-13,87.5,69.72
17.4,10.5,30,75,77,1.47,1915,75,18,210,0,None,116,110.05740801298391,-2,76.0,308.7
19.6,10.3,37,88,92,0.55,1741,72,16,252,0,None,148,88.82648529260953,-4,90.0,138.60000000000002
12.1,14.9,37,98,79,1.17,1715,78,26,257,0,None,125,141.73542005337185,19,88.5,300.69
15.1,15.5,32,85,83,1.09,1540,76,26,218,0,None,116,101.98668742603482,2,84.0,237.62
16.7,10.8,41,99,84,1.14,1150,68,27,194,0,None,129,68.86223421423101,15,91.5,221.15999999999997
24.8,19.2,20,76,88,1.14,1014,61,16,162,0,None,132,40.887080287467626,-12,82.0,184.67999999999998
16.8,17.2,17,95,86,0.62,1298,71,21,163,0,None,139,77.2618587727031,9,90.5,101.06
9.5,18.0,24,78,79,0.63,1354,80,25,271,0,None,107,142.52616576193077,-1,78.5,170.73
16.8,15.8,18,78,76,0.57,1737,63,25,233,0,None,104,103.39279559952642,2,77.0,132.81
21.4,16.6,17,74,89,1.44,1063,70,34,190,0,None,95,49.67287398463833,-15,81.5,273.59999999999997
22.1,13.9,28,96,85,1.11,1799,62,34,189,0,None,113,81.4026780983357,11,90.5,209.79000000000002
21.0,16.8,21,92,82,0.58,1387,79,33,65,0,None,108,66.04758759638686,10,87.0,37.699999999999996
22.8,19.8,39,80,81,0.93,1780,77,20,51,0,None,121,78.0701411973065,-1,80.5,47.43
11.7,16.5,32,80,91,0.86,1444,71,28,169,0,None,115,123.41869793273682,-11,85.5,145.34
15.2,13.4,26,95,91,0.65,957,73,20,35,0,None,146,62.96048489441784,4,93.0,22.75
20.6,12.9,24,98,92,1.32,1569,73,34,171,1,Gearbox,122,76.16501157038273,6,95.0,225.72
10.3,19.6,32,88,79,1.28,1370,79,25,110,0,None,117,133.0095796023499,9,83.5,140.8
12.4,11.9,28,82,92,0.96,1405,79,32,61,0,None,110,113.30636023680626,-10,87.0,58.559999999999995
21.6,18.1,17,72,95,1.02,1761,73,23,281,0,None,121,81.52774003345368,-23,83.5,286.62
20.4,14.7,35,74,87,0.94,1145,66,23,280,0,None,115,56.12742346694929,-13,80.5,263.2
24.4,14.4,30,74,76,1.05,928,73,16,89,0,None,118,38.03277129804455,-2,75.0,93.45
24.9,17.5,23,78,89,1.23,1215,71,24,206,0,None,119,48.79516112644132,-11,83.5,253.38
9.8,11.5,24,78,86,1.38,1071,76,28,53,0,None,108,109.28560276979309,-8,82.0,73.14
23.0,14.7,29,86,89,1.09,1278,77,18,103,0,None,139,55.565193232524685,-3,87.5,112.27000000000001
6.9,10.4,40,98,79,0.63,1129,73,19,134,0,None,139,163.62295127108513,19,88.5,84.42
19.2,16.7,28,96,87,1.27,1007,70,34,212,0,None,115,52.447889350057636,9,91.5,269.24
9.4,10.6,40,85,86,0.87,1810,77,30,48,0,None,111,192.5529866457589,-1,85.5,41.76
11.0,10.9,28,71,87,1.13,1130,69,33,88,0,None,92,102.72717933892788,-16,79.0,99.44
23.9,18.4,40,72,90,0.7,1300,70,25,179,0,None,112,54.39328268063487,-18,81.0,125.3
10.3,14.4,43,96,86,0.66,902,60,19,172,0,None,144,87.57273051191213,10,91.0,113.52000000000001
18.5,12.0,16,79,81,0.55,1749,61,18,289,0,None,124,94.54048943757329,-2,80.0,158.95000000000002
8.6,15.9,17,80,81,0.81,1410,69,26,120,0,None,109,163.95329772872358,-1,80.5,97.2
6.9,15.2,19,74,89,1.1,1851,60,29,113,0,None,105,268.2604807819119,-15,81.5,124.30000000000001
11.8,14.1,19,77,88,0.82,958,64,33,157,0,None,99,81.18637187595604,-11,82.5,128.73999999999998
17.5,19.1,29,77,83,0.74,1080,74,23,162,0,None,114,61.71425044899974,-6,80.0,119.88
10.0,17.5,38,82,82,1.49,1183,73,22,247,0,None,120,118.2998817001183,0,82.0,368.03
11.0,11.5,44,89,87,1.5,1877,71,34,101,0,None,108,170.63620851253773,2,88.0,151.5
19.2,15.7,28,81,81,1.1,1289,77,24,197,0,None,114,67.13538170032203,0,81.0,216.70000000000002
7.1,10.9,36,83,94,0.82,1106,67,25,62,0,None,127,155.77442848672047,-11,88.5,50.839999999999996
13.9,12.4,34,75,87,1.36,1782,73,24,123,0,None,114,128.20134661773625,-12,81.0,167.28
23.8,19.1,27,72,87,1.24,1233,73,30,233,0,None,99,51.80670092155423,-15,79.5,288.92
12.9,14.6,37,80,78,1.12,1285,73,16,44,0,None,126,99.61232588191793,2,79.0,49.28
13.7,18.9,33,72,87,1.41,1620,73,32,137,0,None,95,118.24808887000813,-15,79.5,193.17
19.8,11.7,38,79,81,0.95,1322,76,23,54,0,None,114,66.76764304664492,-2,80.0,51.3
20.6,12.1,21,95,84,0.76,918,72,34,78,0,None,111,44.56308516355089,11,89.5,59.28
20.4,13.5,26,81,86,1.47,1988,78,21,222,0,None,125,97.45093262209186,-5,83.5,326.34
25.0,13.7,35,76,85,1.36,1163,69,24,68,0,None,113,46.519981392007445,-9,80.5,92.48
6.4,17.5,19,97,91,1.41,1169,79,23,101,1,Gearbox,142,182.6559646000553,6,94.0,142.41
24.6,16.0,38,89,77,1.42,1047,61,31,241,0,None,104,42.56095830855353,12,83.0,342.21999999999997
24.0,15.5,19,100,78,0.88,1074,63,28,122,0,None,122,44.74998135417444,22,89.0,107.36
22.0,16.0,25,79,78,1.36,1452,62,28,236,0,None,101,65.99997000001363,1,78.5,320.96000000000004
14.1,17.3,22,76,91,1.39,1934,69,29,142,1,Generator,109,137.16302328863597,-15,83.5,197.38
22.4,18.9,17,79,77,1.05,1667,72,34,35,0,None,88,74.41960963410284,2,78.0,36.75
9.4,14.1,23,94,94,1.13,1623,69,25,113,0,None,138,172.65939078788213,0,94.0,127.68999999999998
20.8,18.0,42,75,94,1.08,1298,64,28,248,1,Blades,113,62.403816152011466,-19,84.5,267.84000000000003
8.7,15.0,16,77,95,0.52,1794,65,29,86,0,None,114,206.2066595325753,-18,86.0,44.72
21.3,17.2,16,91,95,1.04,1421,76,32,120,0,None,122,66.71358370254286,-4,93.0,124.80000000000001
17.3,18.7,36,92,78,0.54,1403,61,21,71,0,None,128,81.09821901837051,14,85.0,38.34
7.0,10.3,26,99,88,0.95,1994,80,31,74,0,None,125,284.8567359189487,11,93.5,70.3
22.9,15.5,22,99,83,0.55,1570,74,25,290,0,None,132,68.55892202667161,16,91.0,159.5
16.6,19.9,30,90,90,0.96,1855,78,15,46,0,None,150,111.74692063438515,0,90.0,44.16
18.1,15.0,23,81,83,0.8,1477,64,18,178,0,None,128,81.6021648606824,-2,82.0,142.4
10.7,18.6,27,84,83,1.27,1078,71,32,256,0,None,103,100.74756939479497,1,83.5,325.12
22.4,11.9,36,83,93,0.98,1986,71,20,192,0,None,136,88.66067470505594,-10,88.0,188.16
15.9,16.0,19,82,85,1.01,1621,72,21,256,0,None,125,101.94962141533244,-3,83.5,258.56
13.4,18.7,44,80,90,1.4,1064,76,30,177,0,None,110,79.40292581871208,-10,85.0,247.79999999999998
15.7,14.3,16,75,88,0.98,1714,74,29,165,0,None,105,109.17190498604779,-13,81.5,161.7
19.1,14.9,39,81,88,0.66,1383,68,24,30,0,None,121,72.40833905322562,-7,84.5,19.8
18.9,10.8,37,99,82,0.61,1805,77,30,162,0,None,121,95.50259497217198,17,90.5,98.82
12.2,10.4,23,96,80,0.81,1205,60,27,183,0,None,122,98.77041084392555,16,88.0,148.23000000000002
12.7,14.7,19,89,93,0.77,1937,65,19,65,0,None,144,152.51956494522446,-4,91.0,50.050000000000004
16.2,18.4,41,76,75,1.32,1227,70,21,36,0,None,109,75.74069398722594,1,75.5,47.52
23.5,19.3,35,96,78,1.26,1997,77,16,261,0,None,142,84.9786872431118,18,87.0,328.86
19.9,16.6,24,79,78,0.56,1670,68,28,120,0,None,101,83.91955581931869,1,78.5,67.2
12.8,18.3,16,86,94,0.7,1968,76,16,37,0,None,148,153.74987988290633,-8,90.0,25.9
11.7,17.3,43,97,75,0.95,1697,65,30,293,0,None,112,145.0426110746914,22,86.0,278.34999999999997
15.5,17.0,27,80,75,0.59,1730,79,26,183,0,None,103,111.61283121752825,5,77.5,107.97
22.4,17.7,20,97,80,0.67,1034,60,24,62,0,None,129,46.16069367826175,17,88.5,41.54
5.2,15.1,42,77,81,1.41,917,64,27,177,0,None,104,176.34581471958708,-4,79.0,249.57
19.2,14.6,26,98,86,1.04,995,60,27,265,0,None,130,51.822889675578296,12,92.0,275.6
10.9,11.6,29,81,94,1.3,1381,60,27,31,0,None,121,126.69713147052158,-13,87.5,40.300000000000004
9.2,18.4,36,81,84,0.83,1342,78,29,73,0,None,107,145.86940666368844,-3,82.5,60.589999999999996
5.2,10.4,40,87,81,0.87,1102,66,28,225,0,None,112,211.92266937948196,6,84.0,195.75
22.9,12.7,18,80,91,1.36,948,65,25,224,1,Generator,121,41.397361835213175,-11,85.5,304.64000000000004
23.2,15.2,42,83,83,1.16,1661,65,32,276,1,Blades,102,71.59479672638072,0,83.0,320.15999999999997
6.2,19.7,43,85,78,1.18,1118,76,34,49,0,None,95,180.32228980275838,7,81.5,57.82
15.4,17.9,23,85,91,1.14,1976,66,27,182,0,None,122,128.31160499246428,-6,88.0,207.48
8.1,13.7,30,99,75,1.04,1014,72,29,79,0,None,116,125.18503063576466,24,87.0,82.16
20.2,17.1,41,78,79,1.49,1300,77,25,37,1,Blades,107,64.35640378395853,-1,78.5,55.13
18.3,19.3,30,79,88,1.39,1427,66,23,196,0,None,121,77.97809946551942,-9,83.5,272.44
10.9,15.4,29,95,77,1.21,1140,63,32,293,0,None,108,104.58706001187154,18,86.0,354.53
7.3,14.6,34,82,80,1.18,1454,61,19,147,0,None,124,199.17780934546667,2,81.0,173.45999999999998
21.6,15.5,38,72,83,0.58,1037,71,29,83,0,None,97,48.00923703276063,-11,77.5,48.13999999999999
18.5,13.1,35,84,83,0.99,902,72,18,198,0,None,131,48.75673040176735,1,83.5,196.02
5.1,19.1,34,87,94,1.0,1668,77,30,113,0,None,121,327.0581822388584,-7,90.5,113.0
17.6,18.0,26,89,89,0.55,1818,69,20,75,0,None,138,103.29539585488871,0,89.0,41.25
21.2,17.1,34,77,76,1.26,1532,77,27,108,0,None,99,72.26411685654865,1,76.5,136.08
16.8,15.9,18,99,79,0.5,1151,70,18,189,0,None,142,68.51186398103334,20,89.0,94.5
13.5,19.7,27,92,87,0.93,1334,72,15,77,0,None,149,98.81474161870992,5,89.5,71.61
16.7,13.0,21,92,89,1.4,1589,71,30,295,1,Gearbox,121,95.1496436229679,3,90.5,413.0
17.4,12.8,31,96,83,0.84,936,66,33,233,0,None,113,53.79307253271694,13,89.5,195.72
17.8,12.4,23,71,92,1.08,1004,77,31,298,0,None,101,56.40446269412208,-21,81.5,321.84000000000003
24.3,17.4,30,88,94,0.81,1954,78,18,39,0,None,146,80.4114895425969,-6,91.0,31.590000000000003
8.6,18.0,38,95,87,0.68,1646,77,20,171,0,None,142,191.3951262847369,8,91.0,116.28000000000002
17.5,16.0,28,71,86,1.23,1667,62,31,234,0,None,95,95.2570884245209,-15,78.5,287.82
8.8,16.5,22,93,90,0.7,1013,73,15,226,0,None,153,115.1135055528346,3,91.5,158.2
9.2,13.5,22,100,91,0.57,1156,69,26,203,0,None,139,125.65203733474205,9,95.5,115.71
18.4,10.4,42,88,79,0.94,1330,62,32,179,0,None,103,72.28256941164706,9,83.5,168.26
23.3,12.5,38,83,85,1.21,1126,61,19,74,0,None,130,48.32615951666973,-2,84.0,89.53999999999999
8.2,15.8,16,84,84,1.08,1790,74,18,251,0,None,132,218.29241671656501,0,84.0,271.08000000000004
24.2,18.1,43,90,94,0.74,1567,68,19,281,1,Blades,146,64.75203935866142,-4,92.0,207.94
11.4,17.8,18,87,77,1.32,1117,68,30,166,0,None,104,97.98237019090334,10,82.0,219.12
12.8,11.8,35,94,94,0.6,1748,64,34,47,0,None,120,136.56239331063023,0,94.0,28.2
8.1,10.5,32,83,86,1.17,1495,72,19,180,0,None,131,184.56767337324277,-3,84.5,210.6
17.3,18.5,16,83,81,1.11,1129,63,17,169,0,None,130,65.26007788434804,2,82.0,187.59
16.9,10.8,24,92,92,1.4,1827,60,20,104,1,Gearbox,144,108.10644490742906,0,92.0,145.6
13.8,13.9,38,89,76,1.03,1131,60,17,286,0,None,131,81.9564623503896,13,82.5,294.58
14.5,10.9,24,93,81,1.32,1660,67,15,222,1,Gearbox,144,114.48267966711748,12,87.0,293.04
17.5,15.6,29,97,90,0.72,1340,74,24,290,0,None,139,76.57138481635154,7,93.5,208.79999999999998
16.7,13.6,36,78,92,1.05,1724,72,30,85,0,None,110,103.23347111768197,-14,85.0,89.25
12.5,12.0,17,79,78,1.03,1366,65,21,239,0,None,115,109.27991257606995,1,78.5,246.17000000000002
22.7,16.0,40,86,94,0.8,1215,62,22,268,0,None,136,53.52420549594472,-8,90.0,214.4
18.4,13.6,16,98,76,0.51,1957,67,20,251,0,None,134,106.3586378485664,22,87.0,128.01
9.1,11.7,23,95,84,1.24,1735,78,18,290,0,None,143,190.65913114381195,11,89.5,359.6
11.4,17.0,38,84,77,0.9,1810,67,16,225,0,None,129,158.77179055106092,7,80.5,202.5
20.8,18.4,42,87,77,0.8,1244,62,26,226,1,Blades,112,59.8076635540079,10,82.0,180.8
7.1,12.7,38,91,93,0.69,1283,78,30,47,0,None,124,180.7039708394777,-2,92.0,32.43
20.0,11.9,22,86,93,1.35,1090,66,25,198,1,Generator,129,54.499972750013626,-7,89.5,267.3
12.2,10.8,45,73,87,0.83,1391,75,32,258,0,None,96,114.01629998663937,-14,80.0,214.14
16.0,15.3,27,81,94,0.7,1997,65,24,210,0,None,127,124.81242199223625,-13,87.5,147.0
10.6,18.3,26,71,85,1.02,1548,77,16,57,0,None,124,146.03759807773767,-14,78.0,58.14
24.7,12.5,41,90,91,1.28,1697,62,27,45,1,Blades,127,68.70442562573862,-1,90.5,57.6
23.1,14.6,17,80,77,1.1,1711,65,29,238,0,None,99,74.06923200466147,3,78.5,261.8
23.6,11.6,32,92,83,1.46,1123,75,17,87,1,Gearbox,141,47.58472559969254,9,87.5,127.02
8.7,14.0,44,83,85,1.46,962,68,25,184,0,None,118,110.5745855464534,-2,84.0,268.64
21.8,10.2,18,71,91,1.4,1034,71,21,64,1,Generator,120,47.43117090313261,-20,81.0,89.6
15.7,19.1,31,81,82,1.07,1692,66,34,194,0,None,95,107.77063199322804,-1,81.5,207.58
19.2,16.8,19,77,95,1.27,1401,67,19,77,0,None,134,72.96871199546251,-18,86.0,97.79
9.4,13.3,42,76,90,0.79,1895,72,29,155,0,None,108,201.59553021752106,-14,83.0,122.45
19.2,18.8,33,81,86,1.08,1303,76,21,63,0,None,125,67.86454798721459,-5,83.5,68.04
23.3,11.8,22,99,82,0.57,1013,78,23,222,0,None,135,43.476376190396486,17,90.5,126.53999999999999
10.3,10.8,24,99,88,0.76,1965,67,32,184,0,None,123,190.7765138092099,11,93.5,139.84
9.7,19.4,30,94,88,0.83,1341,73,35,149,0,None,112,138.24728015744316,6,91.0,123.66999999999999
7.1,13.1,37,77,89,0.86,1833,70,17,245,0,None,132,258.1686504666895,-12,83.0,210.7
10.3,19.4,30,93,87,0.66,951,73,24,136,0,None,132,92.3300074465947,6,90.0,89.76
15.7,16.4,21,70,83,0.58,1295,72,27,220,0,None,99,82.48402389552619,-13,76.5,127.6
21.7,19.8,36,72,91,1.08,1554,72,23,202,0,None,117,71.61287022448377,-19,81.5,218.16000000000003
10.6,17.5,19,95,80,0.99,1477,69,18,36,0,None,139,139.33949118915928,15,87.5,35.64
17.4,11.1,39,87,88,1.08,1700,66,15,61,0,None,145,97.70109327523376,-1,87.5,65.88000000000001
14.6,18.5,27,81,84,0.63,1871,68,16,139,0,None,133,128.15059715712525,-3,82.5,87.57000000000001
10.8,11.5,35,92,93,1.45,1734,77,25,220,1,Gearbox,135,160.55540689314176,-1,92.5,319.0
15.2,16.9,25,73,87,0.91,1241,67,23,39,0,None,114,81.64468312849795,-14,80.0,35.49
8.4,15.0,35,79,92,0.95,1966,77,35,283,0,None,101,234.04734041983284,-13,85.5,268.84999999999997
17.8,17.1,42,92,94,1.05,1911,63,33,38,0,None,120,107.35949024747738,-2,93.0,39.9
7.3,17.6,36,76,78,1.19,1593,71,27,121,0,None,100,218.21887915222035,-2,77.0,143.98999999999998
19.6,18.0,35,88,86,0.88,1461,62,24,155,0,None,126,74.54077829552128,2,87.0,136.4
8.6,18.3,38,83,93,0.64,1468,69,26,51,0,None,124,170.69747593316754,-10,88.0,32.64
25.0,18.5,30,76,92,1.28,1709,79,24,131,0,None,120,68.35997265601094,-16,84.0,167.68
21.5,14.1,22,97,79,0.76,1432,73,22,36,0,None,132,66.6046201838976,18,88.0,27.36
11.9,18.9,39,83,85,0.94,1985,60,27,225,0,None,114,166.8065825154769,-2,84.0,211.5
13.5,17.2,34,88,79,1.13,1682,76,34,129,0,None,99,124.59250030185163,9,83.5,145.76999999999998
10.2,18.4,24,78,93,1.47,1162,70,28,196,1,Generator,115,113.92145693974811,-15,85.5,288.12
20.3,19.9,23,80,75,0.53,1624,73,19,194,0,None,117,79.99996059115242,5,77.5,102.82000000000001
12.6,11.2,30,71,79,1.02,1433,73,25,66,0,None,100,113.73006846819963,-8,75.0,67.32000000000001
20.1,13.7,21,84,83,1.44,1076,64,18,116,0,None,131,53.53231167546682,1,83.5,167.04
5.4,18.1,41,80,79,0.76,1471,68,17,250,0,None,125,272.4069029501797,1,79.5,190.0
7.7,10.9,39,80,94,0.61,1845,64,22,210,0,None,130,239.6100784284696,-14,87.0,128.1
12.3,15.4,24,97,80,1.1,927,64,19,267,0,None,139,75.36579238553465,17,88.5,293.70000000000005
7.2,18.6,16,91,82,0.65,1836,71,34,200,0,None,105,254.99964583382524,9,86.5,130.0
17.0,10.2,17,84,78,1.38,1654,64,16,226,0,None,130,97.29406041525858,6,81.0,311.88
6.0,19.4,24,76,94,1.22,1698,64,34,126,0,None,102,282.9995283341195,-18,85.0,153.72
22.2,19.8,19,99,83,0.62,1882,73,32,128,0,None,118,84.7747365879565,16,91.0,79.36
20.2,13.2,41,72,80,1.08,1938,68,20,244,1,Blades,112,95.94054656408586,-8,76.0,263.52000000000004
9.3,17.7,28,74,80,0.53,1225,64,17,63,0,None,120,131.72028847280808,-6,77.0,33.39
14.7,11.3,25,78,87,1.35,1911,68,26,203,0,None,113,129.99991156468602,-9,82.5,274.05
14.0,17.7,22,99,95,0.71,1138,72,20,248,0,None,154,81.28565622453127,4,97.0,176.07999999999998
19.5,14.8,40,78,94,1.23,1059,72,20,67,0,None,132,54.30766445760797,-16,86.0,82.41
13.0,18.6,39,85,95,0.61,1510,78,26,148,0,None,128,116.15375680480246,-10,90.0,90.28
5.7,12.1,27,93,83,0.97,1920,79,24,143,0,None,128,336.8415143131328,10,88.0,138.71
10.5,16.7,20,98,93,1.43,960,64,25,166,1,Gearbox,141,91.42848435382443,5,95.5,237.38
14.3,17.9,44,88,84,0.57,1481,70,21,91,0,None,130,103.56636114240479,4,86.0,51.87
24.5,12.0,24,82,85,0.8,1646,69,21,87,0,None,125,67.18364604749141,-3,83.5,69.60000000000001
22.6,18.2,38,100,85,1.28,1720,75,35,218,0,None,115,76.106161014973,15,92.5,279.04
8.6,19.6,29,71,76,0.96,1454,64,23,150,0,None,101,169.06957084933623,-5,73.5,144.0
19.5,16.2,38,95,79,1.15,1532,65,19,233,0,None,136,78.56406227483986,16,87.0,267.95
23.7,17.8,29,78,93,1.31,1399,63,29,238,1,Generator,113,59.02951095801226,-15,85.5,311.78000000000003
5.2,15.3,43,95,93,1.28,1696,75,31,55,0,None,126,326.15321893611747,2,94.0,70.4
19.4,16.0,39,75,79,0.9,1317,65,20,119,0,None,114,67.88656294507065,-4,77.0,107.10000000000001
14.2,10.1,23,80,81,0.93,1208,68,17,52,0,None,127,85.0703626265052,-1,80.5,48.36
18.6,15.2,28,72,92,1.07,1189,65,21,77,0,None,122,63.92469681467913,-20,82.0,82.39
17.1,15.8,18,76,79,0.62,1619,80,26,180,0,None,103,94.67830720566829,-3,77.5,111.6
24.7,16.7,42,88,93,1.37,1917,73,23,56,1,Generator,135,77.61130461080785,-5,90.5,76.72
10.8,11.7,17,93,91,0.59,1201,66,18,299,0,None,148,111.20360073740672,2,92.0,176.41
20.7,12.4,16,97,91,0.68,1175,62,15,288,0,None,158,56.76325760229101,6,94.0,195.84
9.7,17.6,30,74,93,1.44,1687,69,25,185,1,Generator,117,173.91734647696242,-19,83.5,266.4
13.7,11.7,33,74,93,0.78,910,64,32,120,0,None,103,66.4233091800663,-19,83.5,93.60000000000001
24.5,14.2,22,98,93,0.74,1818,63,27,198,0,None,137,74.20405134528517,5,95.5,146.52
20.3,12.5,32,93,93,0.93,1317,66,32,261,0,None,122,64.87681533161806,0,93.0,242.73000000000002
11.3,15.5,42,86,87,1.22,1892,79,30,34,0,None,113,167.4334801473627,-1,86.5,41.48
17.4,19.9,34,84,78,0.87,1679,68,22,168,0,None,118,96.49419741712794,6,81.0,146.16
6.0,18.5,29,75,87,1.37,1772,64,23,53,0,None,116,295.3328411119315,-12,81.0,72.61
10.3,12.7,19,81,94,0.65,1088,67,32,252,0,None,111,105.6309654068297,-13,87.5,163.8
19.4,13.7,20,81,94,0.62,1301,70,29,174,0,None,117,67.06182110215407,-13,87.5,107.88
16.4,19.2,30,89,90,0.58,1209,61,26,242,0,None,127,73.7194672442273,-1,89.5,140.35999999999999
14.4,19.0,29,88,89,0.8,1687,66,34,66,0,None,109,117.1526964217386,-1,88.5,52.800000000000004
18.8,11.6,31,72,94,0.7,925,63,16,275,0,None,134,49.20210148824389,-22,83.0,192.5
13.0,18.3,30,95,81,0.96,1581,62,32,35,0,None,112,121.61529106516072,14,88.0,33.6
5.5,13.0,25,98,78,1.5,1855,78,21,45,1,Gearbox,134,337.27211405070176,20,88.0,67.5
13.8,15.4,36,93,81,1.37,948,66,28,189,1,Gearbox,118,68.69560239449102,12,87.0,258.93
23.0,10.1,21,75,94,1.39,1220,64,33,261,1,Generator,103,53.04345519849774,-19,84.5,362.78999999999996
22.1,20.0,41,75,79,1.33,1129,74,22,227,1,Blades,110,51.08594973486437,-4,77.0,301.91
13.2,17.6,21,92,79,0.77,1998,61,25,243,0,None,121,151.36352169430177,13,85.5,187.11
5.4,12.4,27,83,79,0.73,1984,79,21,232,0,None,120,367.4067270245796,4,81.0,169.35999999999999
17.7,16.8,21,93,85,1.23,1037,80,29,229,0,None,120,58.587537521165245,8,89.0,281.67
19.8,12.9,34,72,91,1.1,1114,75,18,239,0,None,127,56.262597847172806,-19,81.5,262.90000000000003
10.9,10.9,29,91,83,0.71,925,80,30,88,0,None,114,84.86230746577297,8,87.0,62.48
14.5,14.3,26,83,77,1.47,1523,65,31,259,0,None,98,105.03441032109633,6,80.0,380.73
24.8,16.1,29,71,90,0.92,1654,65,16,246,0,None,129,66.69352149454778,-19,80.5,226.32000000000002
16.5,10.9,28,86,87,1.31,1620,77,23,208,0,None,127,98.18175867772202,-1,86.5,272.48
12.0,15.2,41,91,85,0.57,1186,72,29,263,0,None,118,98.83325097229086,6,88.0,149.91
17.5,15.1,19,86,94,0.54,1124,74,17,217,0,None,146,64.22853472655159,-8,90.0,117.18
8.6,16.3,39,74,84,0.96,961,60,31,108,0,None,96,111.74405611156267,-10,79.0,103.67999999999999
9.0,12.4,35,94,90,0.62,1596,69,28,197,0,None,128,177.33313629651522,4,92.0,122.14
23.5,10.2,25,80,78,1.48,1170,66,24,93,0,None,110,49.78721285650517,2,79.0,137.64
9.8,13.2,43,98,83,1.31,998,63,17,136,1,Gearbox,147,101.83663077894818,15,90.5,178.16
11.2,14.0,20,97,79,0.95,1290,70,16,220,0,None,144,115.17846859065305,18,88.0,209.0
15.9,16.4,24,76,82,1.48,1063,66,20,200,0,None,118,66.85530386458876,-6,79.0,296.0
23.0,19.3,26,84,85,0.74,1457,71,31,80,0,None,107,63.34779854443541,-1,84.5,59.2
20.6,12.0,34,74,78,1.18,1064,62,33,216,0,None,86,51.65046036385419,-4,76.0,254.88
5.9,16.9,43,90,91,0.52,1987,76,20,48,0,None,141,336.77909020493183,-1,90.5,24.96
18.9,11.0,33,96,83,0.87,1269,79,21,192,0,None,137,67.1428216175547,13,89.5,167.04
15.1,11.9,41,89,93,0.58,1422,73,18,231,0,None,146,94.17212306481916,-4,91.0,133.98
14.5,15.1,42,78,88,0.87,1556,63,29,250,0,None,108,107.31027082050288,-10,83.0,217.5
18.8,17.1,29,72,79,0.88,1836,75,16,226,0,None,119,97.65952252153058,-7,75.5,198.88
8.9,18.6,29,72,88,0.88,1943,78,34,176,0,None,92,218.3143614445377,-16,80.0,154.88
24.6,17.4,22,88,75,0.91,1304,67,21,139,0,None,121,53.00810853328921,13,81.5,126.49000000000001
17.9,10.2,33,99,91,1.12,1366,70,30,252,0,None,130,76.31280652915837,8,95.0,282.24
12.3,16.8,19,91,94,0.69,1066,61,34,249,0,None,117,86.66659620601935,-3,92.5,171.80999999999997
17.0,18.2,34,92,89,0.73,1109,71,18,220,0,None,145,65.23525574396722,3,90.5,160.6
9.3,15.3,42,80,94,1.15,1694,61,17,265,0,None,140,182.15034177382606,-14,87.0,304.75
17.7,19.7,38,88,81,0.97,1379,67,21,157,0,None,127,77.90956050307317,7,84.5,152.29
5.6,10.0,34,79,83,0.66,1826,66,27,82,0,None,108,326.0708463020602,-4,81.0,54.120000000000005
11.8,18.2,40,97,83,1.29,1482,64,15,129,0,None,150,125.59311390414075,14,90.0,166.41
20.0,13.3,37,74,77,1.43,1211,77,27,219,0,None,97,60.54996972501514,-3,75.5,313.16999999999996
21.2,16.5,31,89,91,0.97,1647,72,27,48,0,None,126,77.68864259969689,-2,90.0,46.56
10.1,16.9,31,92,85,1.11,1420,74,16,123,0,None,145,140.59392020403942,7,88.5,136.53
15.8,13.1,18,91,85,1.32,1879,70,25,165,1,Gearbox,126,118.92397536457256,6,88.0,217.8
15.6,20.0,28,78,88,1.46,1309,75,32,188,0,None,102,83.910202621665,-10,83.0,274.48
13.4,11.0,31,85,78,1.47,1180,67,21,126,0,None,121,88.05963577639122,7,81.5,185.22
9.6,11.6,29,90,91,1.42,1383,69,31,269,1,Generator,119,144.06234993505217,-1,90.5,381.97999999999996
19.1,18.9,38,98,82,1.32,1834,62,24,31,1,Gearbox,132,96.02089213565856,16,90.0,40.92
10.0,11.2,20,85,77,0.93,1807,66,32,294,0,None,98,180.6998193001807,8,81.0,273.42
23.2,13.8,39,79,79,1.17,1883,62,24,259,0,None,110,81.16375811906978,0,79.0,303.03
15.6,17.3,37,82,80,1.26,1835,70,33,159,0,None,96,117.62812972555787,2,81.0,200.34
22.4,17.9,42,86,79,0.59,1263,79,33,183,1,Blades,99,56.38390340004313,7,82.5,107.97
10.8,19.5,26,99,80,0.62,1551,76,15,127,0,None,149,143.6109781379832,19,89.5,78.74
21.1,17.9,20,89,95,1.21,1774,69,23,243,0,None,138,84.0757895375405,-6,92.0,294.03
7.3,18.4,38,75,86,1.17,1823,66,33,170,0,None,95,249.72568530728043,-11,80.5,198.89999999999998
20.3,19.5,33,95,87,1.3,1342,67,15,213,0,None,152,66.10834181855083,8,91.0,276.90000000000003
12.7,15.5,36,75,78,0.68,1465,69,17,210,0,None,119,115.35423987855128,-3,76.5,142.8
14.4,13.4,45,71,76,1.44,1220,65,24,239,0,None,99,84.72216338738653,-5,73.5,344.15999999999997
8.3,17.6,21,73,81,0.74,1668,67,35,153,0,None,84,200.96361329685143,-8,77.0,113.22
5.4,11.6,27,94,90,0.64,1639,70,34,229,0,None,116,303.5179564482288,4,92.0,146.56
18.3,10.7,21,97,86,0.82,1549,77,27,71,0,None,129,84.64476248920083,11,91.5,58.22
16.8,17.9,41,78,75,1.31,1590,62,20,273,0,None,113,94.64280080785666,3,76.5,357.63
17.4,19.5,16,85,91,0.53,1889,68,28,30,0,None,120,108.56315599818622,-6,88.0,15.9
10.1,14.4,19,88,77,0.73,1802,64,21,213,0,None,123,178.41566493498522,11,82.5,155.49
9.8,11.6,22,83,84,1.46,1037,73,28,171,0,None,111,105.81621855487903,-1,83.5,249.66
21.6,15.0,38,72,95,0.52,1607,71,18,36,0,None,131,74.39811370457699,-23,83.5,18.72
20.2,13.9,34,72,77,0.78,1078,72,27,223,0,None,95,53.36631021469792,-5,74.5,173.94
11.7,13.7,27,83,91,0.83,1063,71,29,100,0,None,116,90.85462320117676,-8,87.0,83.0
17.8,16.3,20,94,91,1.42,1394,75,29,292,1,Gearbox,127,78.31456274462766,3,92.5,414.64
21.6,11.7,25,73,84,1.35,1434,63,35,34,0,None,87,66.3888581533064,-11,78.5,45.900000000000006
22.8,13.8,37,76,95,0.96,1015,64,16,93,0,None,139,44.51752433441915,-19,85.5,89.28
5.1,18.7,26,78,81,0.82,1463,74,17,80,0,None,125,286.86218262317135,-3,79.5,65.6
21.3,17.3,29,87,81,1.44,1094,63,27,204,0,None,114,51.36147823404777,6,84.0,293.76
12.0,10.6,33,71,78,0.69,1506,75,25,101,0,None,99,125.49989541675383,-7,74.5,69.69
19.4,15.1,42,96,82,0.98,1815,63,28,244,0,None,122,93.55665280584908,14,89.0,239.12
12.4,10.9,23,84,81,0.92,995,80,29,275,0,None,107,80.24187077268486,3,82.5,253.0
17.1,19.6,28,85,87,1.44,1339,61,16,188,0,None,140,78.30404777541065,-2,86.0,270.71999999999997
17.9,12.4,24,80,76,1.26,1157,76,25,87,0,None,106,64.63683539841598,4,78.0,109.62
13.1,19.3,29,76,81,0.96,1532,65,25,54,0,None,107,116.9464756133774,-5,78.5,51.839999999999996
15.3,18.3,36,81,75,1.11,1883,66,27,190,0,None,102,123.07181498574184,6,78.0,210.9
19.5,15.5,29,97,75,1.41,1117,78,22,67,1,Gearbox,128,57.28202190665543,22,86.0,94.47
14.5,13.4,40,73,91,1.33,1644,66,16,60,1,Generator,132,113.37923215225369,-18,82.0,79.80000000000001
5.3,18.6,32,72,90,1.12,1002,68,21,292,0,None,120,189.0562470636848,-18,81.0,327.04
5.3,11.5,27,73,90,1.42,1500,64,19,215,0,None,125,283.01833392767185,-17,81.5,305.3
18.2,11.8,38,93,82,0.88,1644,62,31,297,0,None,113,90.32962069801061,11,87.5,261.36
21.9,12.2,28,71,89,1.23,1638,62,33,86,0,None,94,74.79448639521169,-18,80.0,105.78
20.7,16.0,30,80,80,0.52,1712,72,18,85,0,None,124,82.70527405542316,0,80.0,44.2
11.2,13.1,45,83,81,1.08,1359,61,27,219,0,None,110,121.3391773757345,2,82.0,236.52
14.4,19.9,39,85,86,0.64,1736,65,19,235,0,None,133,120.55547183647789,-1,85.5,150.4
9.7,12.0,41,70,89,1.02,1420,68,32,286,0,None,95,146.39160165814263,-19,79.5,291.72
24.8,18.1,33,85,80,0.75,1255,62,30,39,0,None,105,50.60481830450875,5,82.5,29.25
10.2,11.0,25,76,89,0.88,1254,75,27,285,0,None,111,122.94105594014125,-13,82.5,250.8
13.3,13.5,45,73,94,1.29,1093,79,21,31,0,None,125,82.18038933805313,-21,83.5,39.99
18.6,12.4,22,86,85,0.56,1693,78,35,253,0,None,101,91.02145644007717,1,85.5,141.68
22.5,19.8,41,92,83,1.04,1073,79,28,289,1,Blades,119,47.688867693836585,9,87.5,300.56
6.0,10.3,42,98,80,0.64,1600,71,30,149,0,None,118,266.666222222963,18,89.0,95.36
11.0,17.2,40,97,82,1.07,1632,63,33,177,0,None,113,148.36350148772593,15,89.5,189.39000000000001
16.4,12.5,18,82,86,1.13,1215,73,31,230,0,None,106,74.08532067968252,-4,84.0,259.9
17.4,18.1,41,91,94,0.68,1437,61,31,219,0,None,123,82.58615943324172,-3,92.5,148.92000000000002
6.4,13.1,35,91,80,0.51,1638,70,20,141,0,None,131,255.9371000982811,11,85.5,71.91
18.3,11.9,35,82,80,0.59,900,76,21,195,0,None,120,49.18030099437104,2,81.0,115.05
15.6,16.9,39,73,94,1.19,1202,77,23,81,0,None,121,77.05123265946625,-21,83.5,96.39
21.6,12.6,30,81,87,0.88,1318,66,33,175,0,None,102,61.018490269217466,-6,84.0,154.0
9.4,14.9,23,100,90,0.87,1924,64,16,59,0,None,158,204.6806333184752,10,95.0,51.33
8.9,11.3,32,87,92,1.19,1411,74,20,77,0,None,139,158.5391477088228,-5,89.5,91.63
20.9,17.2,18,80,77,1.0,1458,63,24,119,0,None,109,69.76073217189848,3,78.5,119.0
19.1,14.1,35,92,85,1.14,1631,80,29,200,0,None,119,85.3926254488872,7,88.5,227.99999999999997
20.8,11.4,29,91,78,1.42,1397,67,18,59,1,Gearbox,133,67.16342924835132,13,84.5,83.78
20.6,17.4,30,87,87,1.01,1376,75,25,238,0,None,124,66.79608407957083,0,87.0,240.38
7.1,11.0,21,89,94,1.14,1972,75,22,265,0,None,139,277.7460876815667,-5,91.5,302.09999999999997
10.6,15.7,16,88,76,1.14,1794,66,19,54,0,None,126,169.24512335365722,12,82.0,61.559999999999995
10.2,16.1,33,99,80,1.03,1672,68,16,125,0,None,147,163.92140792018833,19,89.5,128.75
23.7,19.3,35,85,95,1.16,1429,77,31,277,0,None,118,60.295333208720166,-10,90.0,321.32
14.7,11.5,30,88,75,1.33,1281,65,29,273,0,None,105,87.14279786204227,13,81.5,363.09000000000003
7.2,16.5,38,84,78,1.31,1551,61,21,89,0,None,120,215.41636747726739,6,81.0,116.59
10.8,13.8,32,88,77,0.56,1391,63,23,105,0,None,119,128.79617704057682,11,82.5,58.800000000000004
22.4,14.0,40,97,90,1.45,1413,74,26,236,1,Gearbox,135,63.080328981996,7,93.5,342.2
21.9,15.0,24,80,90,1.35,1144,65,21,153,0,None,128,52.23741906967166,-10,85.0,206.55
23.0,12.3,22,85,91,1.47,1770,71,19,220,1,Generator,138,76.9564882797877,-6,88.0,323.4
12.8,14.6,23,83,90,0.69,1770,68,19,69,0,None,135,138.28114196785782,-7,86.5,47.61
17.8,16.9,16,82,92,1.04,1231,77,32,252,0,None,110,69.15726451839072,-10,87.0,262.08
10.6,14.6,42,95,90,0.94,1218,70,25,227,0,None,135,114.90555197589437,5,92.5,213.38
8.6,10.4,45,77,85,0.88,1206,63,24,163,0,None,114,140.23239507861038,-8,81.0,143.44
5.4,12.6,39,85,90,0.91,1079,77,23,143,0,None,129,199.8144447880652,-5,87.5,130.13
9.5,13.5,27,98,87,1.4,1844,62,29,95,1,Gearbox,127,194.1050588367802,11,92.5,133.0
17.1,13.5,26,75,82,1.2,1192,77,32,91,0,None,93,69.70756157452539,-7,78.5,109.2
23.1,10.8,38,70,92,0.82,1669,61,29,258,0,None,104,72.251050973571,-22,81.0,211.55999999999997
7.7,14.5,30,78,91,0.88,1010,60,25,196,0,None,119,131.16866081992103,-13,84.5,172.48
23.4,16.9,43,98,78,0.97,1709,75,19,113,1,Blades,138,73.03415682300991,20,88.0,109.61
11.9,10.5,23,73,75,0.87,1062,71,26,242,0,None,96,89.24362248435085,-2,74.0,210.54
13.5,17.5,25,74,81,0.71,1075,64,30,172,0,None,95,79.62957064476248,-7,77.5,122.11999999999999
12.3,19.6,45,80,83,0.94,1815,79,23,265,0,None,117,147.5608556415808,-3,81.5,249.1
13.2,10.1,44,93,78,0.58,1220,73,35,131,0,None,101,92.42417240593001,15,85.5,75.97999999999999
10.2,11.9,42,93,92,1.35,1090,65,34,233,1,Gearbox,117,106.86264033074478,1,92.5,314.55
19.0,15.4,27,73,76,1.32,1491,68,34,59,0,None,81,78.473642908609,-3,74.5,77.88000000000001
20.2,12.2,40,98,85,1.39,982,78,27,42,1,Gearbox,129,48.61383731988252,13,91.5,58.379999999999995
21.5,17.6,24,77,76,0.95,1681,64,26,57,0,None,101,78.1860101460418,1,76.5,54.15
11.8,13.1,23,78,86,1.15,1825,79,26,110,0,None,112,154.66088588060518,-8,82.0,126.49999999999999
20.3,12.9,31,82,84,1.31,1173,64,24,135,0,None,118,57.78322276688534,-2,83.0,176.85
17.8,10.0,41,89,91,0.81,1668,60,18,235,0,None,144,93.70781252370082,-2,90.0,190.35000000000002
24.2,12.7,18,86,89,1.13,959,65,33,181,0,None,109,39.628082798312896,-3,87.5,204.52999999999997
13.5,12.2,32,98,92,0.94,1426,61,31,94,0,None,128,105.6295513855175,6,95.0,88.36
24.8,13.4,33,87,86,0.87,1947,65,30,255,0,None,113,78.50803285966417,1,86.5,221.85
19.8,11.5,32,96,91,1.36,1492,65,29,283,1,Gearbox,129,75.35349729621349,5,93.5,384.88000000000005
20.5,15.9,22,72,89,1.12,1352,68,24,85,0,None,113,65.95118734088423,-17,80.5,95.2
5.5,12.4,17,96,91,1.12,906,66,35,183,0,None,117,164.72697322368506,5,93.5,204.96
14.9,18.3,42,76,87,0.66,1182,74,24,86,0,None,115,79.32880581959341,-11,81.5,56.760000000000005
15.6,12.8,32,81,89,0.85,1371,79,20,137,0,None,130,87.88455904835959,-8,85.0,116.45
5.8,12.1,38,80,83,1.34,1315,61,22,76,0,None,119,226.7237470280224,-3,81.5,101.84
11.2,10.6,26,80,77,0.71,1383,70,29,257,0,None,99,123.48203260532804,3,78.5,182.47
24.1,17.4,16,98,83,1.47,926,65,21,133,1,Gearbox,139,38.42322057127777,15,90.5,195.51
13.5,15.1,23,83,78,1.33,1484,69,28,263,0,None,105,109.92584449937445,5,80.5,349.79
8.7,11.1,17,78,88,0.77,1176,74,29,195,0,None,108,135.1722584226915,-10,83.0,150.15
15.3,12.2,17,79,80,0.61,1341,78,33,214,0,None,93,87.64700153790749,-1,79.5,130.54
5.7,20.0,21,94,94,0.67,1875,78,24,249,0,None,140,328.94679132141874,0,94.0,166.83
15.3,18.1,34,86,80,0.74,1811,63,25,237,0,None,116,118.36593570853876,6,83.0,175.38
16.9,13.5,40,83,77,0.74,1338,71,16,265,0,None,128,79.17155078606463,6,80.0,196.1
12.2,15.4,40,98,93,0.52,959,66,19,86,0,None,153,78.60649294549759,5,95.5,44.72
20.3,14.2,43,98,83,1.22,1878,70,20,116,1,Blades,141,92.5122696983893,15,90.5,141.52
7.7,10.4,35,93,82,1.48,1339,78,34,138,1,Gearbox,107,173.89587805730122,11,87.5,204.24
22.6,17.8,16,86,93,0.79,1428,61,28,165,0,None,123,63.18581274964038,-7,89.5,130.35
24.1,17.2,26,73,88,0.52,994,72,33,102,0,None,95,41.244796163984994,-15,80.5,53.04
5.0,14.1,18,91,86,1.42,1662,67,21,166,1,Gearbox,135,332.3993352013296,5,88.5,235.72
21.9,18.5,38,94,82,0.71,1683,77,22,241,0,None,132,76.84927997749773,12,88.0,171.10999999999999
15.1,15.3,19,96,81,0.51,1350,64,25,86,0,None,127,89.40391430204352,15,88.5,43.86
14.2,10.7,18,87,87,0.72,1878,67,28,246,0,None,118,132.25342799054368,0,87.0,177.12
9.8,12.6,16,89,85,0.6,953,60,18,155,0,None,138,97.24479872979721,4,87.0,93.0
13.9,14.6,44,91,81,1.23,1238,69,18,151,0,None,136,89.06468412612652,10,86.0,185.73
24.0,11.0,39,96,79,0.5,1128,73,31,146,0,None,113,46.99998041667483,17,87.5,73.0
9.2,15.7,25,71,91,0.94,1668,64,32,74,0,None,98,181.3041507563579,-20,81.0,69.56
8.6,11.2,26,87,89,0.99,1125,73,15,267,0,None,146,130.81380137930074,-2,88.0,264.33
9.8,12.0,17,81,95,1.28,1673,75,29,52,0,None,118,170.71411151621274,-14,88.0,66.56
16.0,18.9,20,95,85,1.02,1776,64,22,44,0,None,136,110.99993062504336,10,90.0,44.88
23.6,20.0,24,74,95,0.62,1762,75,22,259,0,None,125,74.66098531314181,-21,84.5,160.58
16.5,15.5,27,97,84,0.93,931,79,26,127,0,None,129,56.424208227752594,13,90.5,118.11
9.9,16.2,34,74,86,1.43,1924,64,30,180,0,None,100,194.3432380371333,-12,80.0,257.4
13.8,18.0,26,73,79,0.74,1686,63,34,129,0,None,84,122.17382451172136,-6,76.0,95.46
12.8,17.0,44,80,78,0.8,1794,67,15,253,0,None,128,140.15614050301522,2,79.0,202.4
5.9,11.8,25,100,94,1.37,1610,64,20,261,1,Gearbox,154,272.8808934222145,6,97.0,357.57000000000005
15.2,14.1,43,89,95,1.29,1482,76,23,139,0,None,138,97.49993585530537,-6,92.0,179.31
7.5,15.4,37,71,86,0.8,1609,63,17,134,0,None,123,214.53304728927029,-15,78.5,107.2
21.8,13.6,42,77,80,1.21,1296,60,16,183,1,Blades,125,59.4495140139844,-3,78.5,221.43
16.0,11.8,36,74,94,0.59,1404,67,35,41,0,None,98,87.74994515628428,-20,84.0,24.189999999999998
21.9,17.4,32,70,91,1.04,1684,76,28,189,0,None,105,76.89494205710409,-21,80.5,196.56
24.1,12.0,30,85,79,1.37,1634,73,20,88,0,None,124,67.80080174240591,6,82.0,120.56
23.9,12.6,24,81,81,1.34,1553,71,23,117,0,None,116,64.97905231001995,0,81.0,156.78
7.0,12.9,24,88,75,0.7,954,69,29,250,0,None,105,136.28551959211487,13,81.5,175.0
23.9,11.6,22,76,87,1.03,1217,73,18,85,0,None,127,50.92048078640972,-11,81.5,87.55
20.9,18.5,27,95,86,0.9,1564,70,23,73,0,None,135,74.8325000801435,9,90.5,65.7
20.6,16.1,19,81,78,1.06,1410,75,32,42,0,None,95,68.4465687152579,3,79.5,44.52
6.8,18.3,27,84,82,0.58,1272,77,20,59,0,None,126,187.05854844331114,2,83.0,34.22
8.6,14.9,40,92,94,1.48,1689,63,18,222,1,Gearbox,150,196.39512047079018,-2,93.0,328.56
24.5,15.2,41,75,88,1.06,1326,65,33,172,1,Blades,97,54.12242688880535,-13,81.5,182.32000000000002
9.3,16.2,34,78,92,0.62,1899,70,34,240,0,None,102,204.1933288243776,-14,85.0,148.8
8.4,13.7,23,75,92,1.14,1485,77,33,290,0,None,101,176.78550382678117,-17,83.5,330.59999999999997
12.2,15.0,22,93,93,0.51,1432,78,33,265,0,None,120,117.37695296971069,0,93.0,135.15
23.3,15.5,23,73,76,0.51,1271,63,23,231,0,None,103,54.54933281144515,-3,74.5,117.81
14.5,19.5,30,85,80,0.68,1048,66,24,45,0,None,117,72.27581222357777,5,82.5,30.6
23.4,18.8,44,92,83,0.77,911,75,27,274,1,Blades,121,38.93160729418492,9,87.5,210.98000000000002
11.7,11.3,18,85,88,0.76,1645,79,16,83,0,None,141,140.5981704289142,-3,86.5,63.08
9.5,10.4,30,85,87,0.94,972,62,29,222,0,None,114,102.31568177296656,-2,86.0,208.67999999999998
14.9,16.8,35,72,80,1.01,1258,69,26,67,0,None,100,84.42947353726608,-8,76.0,67.67
17.3,10.5,22,93,79,0.92,1863,70,34,49,0,None,104,107.68779902439363,14,86.0,45.080000000000005
12.8,10.6,44,88,84,0.87,1426,60,26,101,0,None,120,111.40616296393519,4,86.0,87.87
11.9,11.6,25,90,80,1.17,1872,77,35,293,0,None,100,157.3107921758049,10,85.0,342.81
9.4,13.5,43,93,94,0.75,968,62,34,73,0,None,119,102.97861385253846,-1,93.5,54.75
10.5,14.3,33,87,94,1.13,1828,77,23,80,0,None,135,174.09507229040736,-7,90.5,90.39999999999999
18.5,15.2,15,85,77,1.46,1925,60,16,182,0,None,130,104.05399780864984,8,81.0,265.71999999999997
12.4,19.9,24,90,89,0.97,1905,80,31,236,0,None,117,153.62890836378358,1,89.5,228.92
6.6,13.9,16,97,80,1.01,1270,70,32,142,0,None,113,192.42395087280173,17,88.5,143.42
7.8,12.4,26,89,89,1.23,1005,66,26,94,0,None,126,128.84598865898892,0,89.0,115.62
12.4,15.8,43,94,90,1.01,1907,72,30,121,0,None,124,153.7901985562915,4,92.0,122.21000000000001
23.5,12.2,38,84,76,0.64,1073,66,25,93,0,None,110,45.65955503848722,8,80.0,59.52
12.6,19.4,34,88,89,1.11,1501,62,28,119,0,None,121,119.12688958183367,-1,88.5,132.09
6.2,12.6,31,75,93,1.01,1348,65,25,75,0,None,118,217.41900416289653,-18,84.0,75.75
13.4,19.9,26,85,79,1.45,1954,77,25,234,0,None,114,145.82078670090544,6,82.0,339.3
18.4,14.2,21,74,77,0.59,1358,65,31,103,0,None,89,73.80430771505016,-3,75.5,60.769999999999996
16.9,18.1,17,84,86,1.04,1307,68,19,67,0,None,132,77.33723234483294,-2,85.0,69.68
10.6,16.5,21,72,85,1.12,1545,71,23,143,0,None,111,145.7545794768118,-13,78.5,160.16000000000003
18.8,19.3,26,87,93,1.12,1481,77,28,252,0,None,124,78.7765538422586,-6,90.0,282.24
17.6,16.3,31,79,84,0.56,1397,60,35,234,0,None,93,79.3749549005938,-5,81.5,131.04000000000002
8.4,15.8,21,95,83,0.83,1453,78,26,63,0,None,126,172.97598455239935,12,89.0,52.29
8.2,16.5,44,81,89,0.76,1008,75,26,104,0,None,118,122.92667935770811,-8,85.0,79.04
15.9,17.9,17,98,77,1.18,1928,68,25,84,0,None,125,121.25778537246202,21,87.5,99.11999999999999
18.2,19.0,18,84,76,1.24,1175,80,16,104,0,None,128,64.56040408769006,8,80.0,128.96
24.2,12.7,35,95,85,0.71,1527,61,28,31,0,None,124,63.099147479691126,10,90.0,22.009999999999998
13.4,12.0,38,79,77,1.33,939,75,34,168,0,None,88,70.074574571213,2,78.0,223.44
20.3,10.3,44,84,94,0.99,1225,74,29,203,1,Blades,120,60.34479785970549,-10,89.0,200.97
7.3,13.7,31,89,88,0.76,1658,79,21,262,0,None,135,227.12297654386776,1,88.5,199.12
22.8,18.5,20,78,90,0.8,1403,76,28,138,0,None,112,61.53506073023652,-12,84.0,110.4
17.7,10.7,43,90,80,0.76,1703,72,25,212,0,None,120,96.21463490698594,10,85.0,161.12
17.6,15.4,44,79,85,1.1,1071,65,28,134,0,None,108,60.85223815213741,-6,82.0,147.4
7.8,16.9,43,85,78,1.03,1987,70,35,213,0,None,93,254.74326314966265,7,81.5,219.39000000000001
5.8,18.4,41,71,79,1.44,1390,62,27,236,0,None,96,239.65475921593242,-8,75.0,339.84
19.0,15.8,17,72,86,0.77,1493,70,15,223,0,None,128,78.5789060111021,-14,79.0,171.71
7.3,11.9,41,77,81,0.82,1183,64,20,51,0,None,118,162.05457252798286,-4,79.0,41.82
7.5,19.6,44,94,93,0.51,1273,79,23,283,0,None,141,169.73310702252397,1,93.5,144.33
8.8,10.9,32,90,95,0.8,1620,68,16,103,0,None,153,184.09069989693194,-5,92.5,82.4
7.0,17.7,38,97,75,0.75,1276,63,24,61,0,None,124,182.28545387792303,22,86.0,45.75
17.5,10.9,35,97,90,0.9,1690,60,24,88,0,None,139,96.57137338778664,7,93.5,79.2
13.4,11.4,24,81,77,1.0,1214,67,33,106,0,None,92,90.59694731571096,4,79.0,106.0
10.3,19.0,33,81,86,1.17,1742,61,21,100,0,None,125,169.12604939218505,-5,83.5,117.0
13.8,17.5,42,95,80,0.69,1642,69,23,61,0,None,129,118.98542102505722,15,87.5,42.089999999999996
21.9,13.7,30,83,94,1.06,1133,61,20,199,0,None,137,51.73513619400174,-11,88.5,210.94
23.5,16.4,33,96,93,1.23,955,77,31,105,0,None,127,40.63828057945507,3,94.5,129.15
14.7,14.6,31,85,87,0.74,1923,69,31,149,0,None,110,130.81623753997448,-2,86.0,110.26
16.3,10.7,23,83,79,0.85,1159,76,34,81,0,None,94,71.10425085628782,4,81.0,68.85
10.1,17.2,34,78,91,0.71,1535,67,32,56,0,None,105,151.98004754450739,-13,84.5,39.76
15.3,17.6,30,74,85,0.61,1228,75,31,187,0,None,97,80.26138545007487,-11,79.5,114.07
20.0,18.8,22,86,87,1.26,1624,68,20,148,0,None,133,81.1999594000203,-1,86.5,186.48
14.8,15.4,42,80,89,0.74,1671,73,29,286,0,None,111,112.90532911802086,-9,84.5,211.64
11.0,16.7,44,77,83,0.87,982,74,16,247,0,None,128,89.27264611577627,-6,80.0,214.89
16.6,14.4,17,75,75,0.75,955,72,15,89,0,None,120,57.5300858252495,0,75.0,66.75
23.9,13.2,34,82,82,0.54,1990,61,21,37,0,None,122,83.26356348804876,0,82.0,19.98
22.8,14.1,27,87,83,1.23,1745,67,32,249,0,None,106,76.53505415129204,4,85.0,306.27
20.4,19.1,31,95,82,1.14,1188,76,21,124,0,None,135,58.23526557094826,13,88.5,141.35999999999999
10.5,11.6,26,95,92,0.98,1441,78,34,283,0,None,119,137.23796453527189,3,93.5,277.34
9.8,12.5,29,96,82,1.17,1954,73,19,110,0,None,140,199.38755164535544,14,89.0,128.7
21.8,16.1,25,87,83,1.35,1498,79,16,175,0,None,138,68.71556480937394,4,85.0,236.25000000000003
8.6,11.2,19,87,76,1.12,1361,65,27,255,0,None,109,158.25562993531403,11,81.5,285.6
17.1,18.9,24,97,89,1.41,941,63,31,115,1,Gearbox,124,55.02920758525872,8,93.0,162.14999999999998
13.8,10.5,35,79,79,0.7,1543,67,26,247,0,None,106,111.81151318006292,0,79.0,172.89999999999998
14.4,17.6,17,74,80,1.38,1870,74,25,234,0,None,104,129.86102092984657,-6,77.0,322.91999999999996
14.1,13.7,26,72,87,1.04,1497,68,24,88,0,None,111,106.17013746798762,-15,79.5,91.52000000000001
23.0,10.5,16,96,95,1.34,1760,73,29,129,1,Gearbox,133,76.5217058601279,1,95.5,172.86
6.7,18.4,26,81,83,1.24,1875,74,34,218,0,None,96,279.8503285815991,-2,82.0,270.32
20.7,16.4,18,85,82,0.56,1348,72,21,85,0,None,125,65.1207414875645,3,83.5,47.6
21.7,10.1,25,94,76,1.34,1353,76,22,263,1,Gearbox,126,62.35020168193471,18,85.0,352.42
23.9,12.7,40,81,91,0.84,1914,65,16,290,0,None,140,80.08364850056549,-10,86.0,243.6
14.1,13.5,33,96,80,0.92,1275,62,18,130,0,None,140,90.42546778335618,16,88.0,119.60000000000001
15.0,13.2,35,80,90,0.51,1628,61,26,277,0,None,118,108.53326097782602,-10,85.0,141.27
24.2,15.0,30,92,81,1.26,1582,80,21,143,0,None,131,65.37187381327529,11,86.5,180.18
14.2,15.3,43,90,76,0.97,1434,74,31,180,0,None,104,100.98584437616594,14,83.0,174.6
15.1,14.0,31,76,85,1.44,1606,65,27,137,0,None,107,106.35754545857917,-9,80.5,197.28
11.6,13.3,18,74,93,0.78,1673,70,30,255,0,None,107,144.2240135999883,-19,83.5,198.9
5.6,15.0,43,73,79,1.0,1917,61,24,167,0,None,104,342.3208172842549,-6,76.0,167.0
13.7,10.3,19,90,78,0.91,1781,73,17,35,0,None,134,129.9999051095583,12,84.0,31.85
18.1,16.5,45,70,79,1.29,1294,79,26,195,0,None,97,71.49167320902032,-9,74.5,251.55
18.8,16.1,28,90,89,1.04,1375,74,20,66,0,None,139,73.13825896901119,1,89.5,68.64
5.1,12.8,17,93,82,0.96,1894,72,25,252,0,None,125,371.371820839567,11,87.5,241.92
21.0,11.8,41,79,80,1.45,1198,78,17,83,1,Blades,125,57.047591882099105,-1,79.5,120.35
14.8,10.7,18,92,82,0.88,1257,70,31,287,0,None,112,84.93237504569254,10,87.0,252.56
15.4,15.9,20,75,81,0.99,1658,75,23,201,0,None,110,107.66226775177418,-6,78.0,198.99
24.2,15.7,28,99,86,1.05,1022,79,28,94,0,None,129,42.23138750769112,13,92.5,98.7
10.7,15.3,35,77,78,0.55,1766,73,25,246,0,None,105,165.0465747228274,-1,77.5,135.3
20.2,19.9,19,85,85,1.03,1943,71,24,295,0,None,122,96.18807119402416,0,85.0,303.85
16.5,15.3,34,99,81,0.84,1607,72,23,133,0,None,134,97.39388036734523,18,90.0,111.72
19.0,17.2,38,97,94,1.15,979,75,25,98,0,None,141,51.526288670374385,3,95.5,112.69999999999999
13.4,11.1,19,90,83,1.14,1162,61,27,218,0,None,119,86.71635319675134,7,86.5,248.51999999999998
10.6,13.0,34,81,77,1.21,1007,67,19,125,0,None,120,94.99991037744304,4,79.0,151.25
15.9,12.8,44,91,94,0.9,1240,61,29,159,0,None,127,77.98737233498595,-3,92.5,143.1
12.5,15.8,44,84,94,0.6,1934,76,25,178,0,None,128,154.71987622409904,-10,89.0,106.8
9.5,13.3,20,73,79,0.94,1295,78,27,38,0,None,98,136.31564598353054,-6,76.0,35.72
21.8,16.4,38,94,91,1.05,1103,68,24,116,0,None,137,50.59630706591419,3,92.5,121.80000000000001
14.5,16.9,40,96,92,0.52,1628,65,18,195,0,None,152,112.2757846373899,4,94.0,101.4
21.9,10.3,42,82,82,1.05,1890,61,22,116,1,Blades,120,86.3013304560135,0,82.0,121.80000000000001
14.5,16.4,25,90,78,0.9,938,60,22,268,0,None,124,64.68961055888927,12,84.0,241.20000000000002
16.1,11.2,23,71,91,0.98,1635,71,23,67,0,None,116,101.55273195482486,-20,81.0,65.66
24.9,14.7,16,76,76,0.8,1218,67,21,237,0,None,110,48.915643005765865,0,76.0,189.60000000000002
24.0,17.3,27,87,87,0.99,1311,79,28,55,0,None,118,54.624977239592816,0,87.0,54.45
10.4,17.0,19,78,82,1.38,1161,76,35,74,0,None,90,111.63450804374227,-4,80.0,102.11999999999999
22.4,13.0,39,98,87,1.29,1897,69,29,183,0,None,127,84.68746219309725,11,92.5,236.07
12.8,12.7,19,95,91,1.12,1875,64,34,257,0,None,118,146.48426055917145,4,93.0,287.84000000000003
6.4,14.4,40,90,92,1.13,1565,68,30,292,0,None,122,244.5308679205189,-2,91.0,329.96
16.5,11.9,18,100,95,1.4,918,61,27,134,1,Gearbox,141,55.63632991737581,5,97.5,187.6
24.5,19.7,29,77,88,0.98,1941,72,29,212,0,None,107,79.22445745940512,-11,82.5,207.76
24.5,13.4,27,98,79,1.04,1414,77,31,170,0,None,115,57.71426215744402,19,88.5,176.8
7.5,19.2,33,79,81,1.36,1438,69,32,94,0,None,96,191.73307768922976,-2,80.0,127.84
20.4,19.1,31,88,84,1.25,1750,70,18,101,0,None,136,85.78427167437664,4,86.0,126.25
21.1,13.6,33,83,92,0.93,1575,79,28,259,0,None,119,74.64451438648607,-9,87.5,240.87
12.4,12.5,15,83,82,0.81,1034,66,18,109,0,None,129,83.38702952658909,1,82.5,88.29
18.2,17.7,19,93,89,1.02,1016,62,30,52,0,None,122,55.8241451515686,4,91.0,53.04
14.8,12.3,31,80,76,0.62,1177,61,15,291,0,None,126,79.52697329258561,4,78.0,180.42
9.6,15.2,22,85,84,1.18,978,75,28,228,0,None,113,101.87489388031888,1,84.5,269.03999999999996
20.2,11.1,17,76,78,0.96,1816,64,16,100,0,None,122,89.90094559359129,-2,77.0,96.0
10.3,13.9,22,93,94,1.09,943,80,33,166,0,None,121,91.55330917154448,-1,93.5,180.94000000000003
11.8,10.8,38,87,91,1.35,1941,79,30,240,1,Generator,118,164.49138602424912,-4,89.0,324.0
8.8,12.8,31,78,78,0.86,1022,77,33,248,0,None,90,116.13623166337311,0,78.0,213.28
19.4,16.7,21,78,83,1.0,1843,70,25,242,0,None,111,94.99995103095308,-5,80.5,242.0
14.2,19.9,15,79,77,1.06,1161,70,15,156,0,None,126,81.76050580246071,2,78.0,165.36
13.9,12.5,26,91,90,0.78,1627,79,34,229,0,None,113,117.05027550339892,1,90.5,178.62
17.1,14.7,26,88,79,0.77,1276,66,20,62,0,None,127,74.61983940360268,9,83.5,47.74
8.1,14.5,37,95,91,1.03,974,70,22,44,0,None,142,120.24676512745047,4,93.0,45.32
23.0,11.8,43,87,76,0.76,1703,68,26,86,1,Blades,111,74.04344606806693,11,81.5,65.36
14.3,16.1,26,79,86,1.36,1789,67,19,273,0,None,127,125.10480761901565,-7,82.5,371.28000000000003
12.3,17.2,36,99,87,1.49,1229,78,34,36,1,Gearbox,118,99.91861795234313,12,93.0,53.64
7.5,11.5,34,97,82,0.71,1763,74,18,93,0,None,143,235.06635324486234,15,89.5,66.03
8.4,17.6,28,78,78,1.08,1403,79,22,95,0,None,112,167.02361068617776,0,78.0,102.60000000000001
23.4,17.0,17,97,81,0.65,1702,61,34,246,0,None,110,72.73501165170443,16,89.0,159.9
14.1,12.0,29,92,85,0.69,1610,77,35,81,0,None,107,114.18431618133604,7,88.5,55.88999999999999
19.4,16.5,26,82,94,1.27,1923,67,28,130,0,None,120,99.12366024553596,-12,88.0,165.1
6.6,13.9,32,84,84,0.7,1261,72,31,284,0,None,106,191.06031657527794,0,84.0,198.79999999999998
17.9,16.8,19,83,79,1.25,1021,74,27,87,0,None,108,57.03907427984678,4,81.0,108.75
23.4,15.0,37,94,76,0.9,1767,63,24,148,0,None,122,75.51278824239819,18,85.0,133.20000000000002
11.0,10.5,39,75,75,0.98,1794,75,22,52,0,None,106,163.09076082658106,0,75.0,50.96
16.6,17.9,27,72,83,0.76,929,67,20,236,0,None,115,55.96382170854113,-11,77.5,179.36
23.8,15.6,20,85,81,1.05,1039,66,20,294,0,None,126,43.655443842250484,4,83.0,308.7
19.4,17.2,34,79,77,0.83,1815,69,25,258,0,None,106,93.55665280584908,2,78.0,214.14
6.2,11.3,44,87,78,0.67,1561,76,34,32,0,None,97,251.77378746163313,9,82.5,21.44
12.6,17.2,36,99,82,0.64,1398,68,32,156,0,None,117,110.95229289500564,17,90.5,99.84
6.7,14.1,19,90,89,1.5,1809,71,22,117,0,None,135,269.99959701552683,1,89.5,175.5
22.2,18.0,27,99,87,0.85,1171,65,34,114,0,None,118,52.74772398751172,12,93.0,96.89999999999999
17.4,16.0,42,92,77,1.3,1257,66,18,123,0,None,133,72.2413377923346,15,84.5,159.9
24.1,13.5,34,72,78,0.84,1751,79,26,143,0,None,98,72.65557151221098,-6,75.0,120.11999999999999
5.4,12.0,19,97,93,1.12,1550,78,29,110,0,None,132,287.0365054879528,4,95.0,123.20000000000002
13.5,18.2,37,76,76,1.34,1129,78,34,56,0,None,84,83.62956768180172,0,76.0,75.04
7.1,15.6,26,96,79,1.2,1883,68,20,137,0,None,135,265.2108940691633,17,87.5,164.4
12.0,19.9,30,92,81,0.57,1994,61,21,231,0,None,131,166.16652819455985,11,86.5,131.67
8.2,13.7,27,95,80,0.69,1059,78,17,91,0,None,141,129.14618396806836,15,87.5,62.78999999999999
11.6,16.9,37,78,81,1.37,1226,68,22,285,0,None,115,105.68956406072064,-3,79.5,390.45000000000005
21.4,16.2,22,94,90,0.97,1724,76,32,236,0,None,120,80.56071001835981,4,92.0,228.92
8.2,16.4,27,88,77,1.1,1036,70,23,168,0,None,119,126.34130933986667,11,82.5,184.8
14.5,17.4,37,72,82,0.52,1411,78,35,295,0,None,84,97.31027771704986,-10,77.0,153.4
23.4,11.4,36,97,87,0.99,1140,62,23,43,0,None,138,48.71792789832141,10,92.0,42.57
25.0,15.5,21,96,76,0.93,1631,77,29,214,0,None,114,65.23997390401044,20,86.0,199.02
10.0,15.1,26,87,76,1.19,1296,77,23,148,0,None,117,129.59987040012962,11,81.5,176.12
23.7,13.4,15,84,85,0.77,1833,66,20,284,0,None,129,77.34173951825338,-1,84.5,218.68
10.2,14.4,31,82,93,1.24,1404,73,19,205,0,None,137,137.64692387556485,-11,87.5,254.2
13.3,15.2,23,88,84,1.17,1490,61,18,102,0,None,136,112.02999095489402,4,86.0,119.33999999999999
22.6,13.2,15,95,83,1.01,1878,66,28,187,0,None,122,83.09730836402285,12,89.0,188.87
20.7,12.9,28,87,75,0.88,1745,67,16,110,0,None,130,84.29947618382793,12,81.0,96.8
22.1,17.4,43,74,90,0.8,1790,62,28,83,1,Blades,108,80.9954384636025,-16,82.0,66.4
21.0,10.7,43,79,78,1.04,914,69,23,253,1,Blades,111,43.52378879819581,1,78.5,263.12
9.7,13.1,26,90,89,1.08,1623,73,28,86,0,None,123,167.3194151346236,1,89.5,92.88000000000001
16.2,16.5,28,89,82,0.95,1413,73,15,33,0,None,141,87.22216838137754,7,85.5,31.349999999999998
12.7,12.1,22,86,76,0.82,1872,69,18,162,0,None,126,147.4014587390089,10,81.0,132.84
14.2,15.7,17,77,82,1.38,942,62,32,67,0,None,95,66.33798145212575,-5,79.5,92.46
8.1,13.0,36,78,88,0.81,1829,62,35,261,0,None,96,225.80219036766624,-10,83.0,211.41000000000003
11.3,18.4,39,85,90,1.17,1049,76,32,60,0,None,111,92.83177625506526,-5,87.5,70.19999999999999
22.2,13.5,41,82,88,1.4,1551,71,18,280,1,Blades,134,69.86483339421919,-6,85.0,392.0
23.0,12.3,43,79,89,1.15,1699,75,19,100,1,Blades,130,73.869533100203,-10,84.0,114.99999999999999
17.2,15.3,42,95,80,0.87,1117,61,19,55,0,None,137,64.94182270824261,15,87.5,47.85
15.0,11.4,16,85,94,0.8,1083,69,32,57,0,None,115,72.19995186669875,-9,89.5,45.6
19.3,18.0,44,85,80,1.35,1651,78,32,112,0,None,101,85.54399712746263,5,82.5,151.20000000000002
17.2,16.8,26,83,78,0.99,1084,74,23,170,0,None,115,63.023219172546995,5,80.5,168.3
24.7,17.7,42,90,80,1.09,1464,75,17,210,1,Blades,136,59.27123106427892,10,85.0,228.9
8.8,14.0,28,75,94,1.1,1189,69,33,222,0,None,103,135.11348282558768,-19,84.5,244.20000000000002
14.0,18.4,28,98,76,1.03,935,75,27,260,0,None,120,66.78566658166673,22,87.0,267.8
23.4,14.9,15,73,90,1.43,974,73,35,67,0,None,93,41.62391383593426,-17,81.5,95.81
23.3,10.9,17,91,77,1.43,1045,63,21,282,1,Gearbox,126,44.849766158898646,14,84.0,403.26
14.9,12.2,35,91,90,0.54,1500,62,16,166,0,None,149,100.67107337511854,1,90.5,89.64
7.7,17.1,43,73,81,1.01,1133,64,35,222,0,None,84,147.14266604848567,-8,77.0,224.22
21.3,19.0,22,100,90,1.07,1834,62,22,101,0,None,146,86.10324596091739,10,95.0,108.07000000000001
16.7,11.0,18,71,76,1.43,930,72,24,179,0,None,99,55.688589408030296,-5,73.5,255.97
20.5,18.6,21,81,82,0.57,1625,79,17,55,0,None,129,79.26825401548585,-1,81.5,31.349999999999998
14.3,18.0,21,83,84,1.29,998,75,27,92,0,None,113,69.79016098590141,-1,83.5,118.68
9.1,13.6,24,94,75,1.14,1879,75,20,121,0,None,129,206.48328957880267,19,84.5,137.94
5.5,16.9,18,71,79,1.23,945,77,29,238,0,None,92,171.8178694220556,-8,75.0,292.74
16.2,11.9,22,87,78,0.79,1057,78,30,90,0,None,105,65.2468733043992,9,82.5,71.10000000000001
8.2,18.1,43,76,85,1.25,1205,66,21,50,0,None,119,146.9510403036094,-9,80.5,62.5
8.7,16.6,42,87,78,0.78,1011,62,24,121,0,None,117,116.20676298073222,9,82.5,94.38000000000001
13.7,14.4,24,89,95,1.18,1903,75,22,62,0,None,140,138.90500809853424,-6,92.0,73.16
13.8,18.6,45,71,93,1.29,1046,69,35,252,0,None,94,75.79704652387933,-22,82.0,325.08
10.5,11.4,24,72,79,1.28,991,79,32,41,0,None,87,94.38086249441668,-7,75.5,52.480000000000004
7.6,18.5,37,73,80,1.04,966,79,23,75,0,None,107,127.10509591434749,-7,76.5,78.0
23.9,10.2,34,96,94,0.91,1787,79,25,240,0,None,140,74.76984319253424,2,95.0,218.4
7.6,17.5,17,98,81,0.74,1615,75,35,147,0,None,109,212.49972039510476,17,89.5,108.78
12.0,15.7,25,83,83,0.53,1733,72,20,123,0,None,126,144.41654631954475,0,83.0,65.19
11.1,17.0,44,96,89,0.55,1675,75,33,291,0,None,119,150.9007649542658,7,92.5,160.05
22.3,14.1,17,84,82,0.92,1965,66,34,147,0,None,98,88.11655241410206,2,83.0,135.24
13.2,18.6,20,82,93,0.59,1745,60,24,210,0,None,127,132.1968695478261,-11,87.5,123.89999999999999
7.5,13.1,44,86,87,0.61,1321,69,20,274,0,None,133,176.133098489202,-1,86.5,167.14
5.2,12.7,16,94,86,0.69,1219,73,18,83,0,None,144,234.42262611033442,8,90.0,57.269999999999996
19.4,13.0,28,77,86,0.98,1221,77,16,192,0,None,131,62.938111887571196,-9,81.5,188.16
19.3,17.7,43,79,77,1.09,1244,61,19,55,0,None,118,64.45592515237038,2,78.0,59.95
13.4,15.0,43,95,91,1.19,1105,61,22,180,0,None,142,82.46262502789178,4,93.0,214.2
7.5,15.4,44,97,86,0.99,1332,79,30,271,0,None,123,177.59976320031575,11,91.5,268.29
12.4,18.3,29,74,76,1.16,1021,64,23,263,0,None,104,82.33864327528768,-2,75.0,305.08
16.8,18.3,18,91,92,1.36,1227,74,22,47,1,Gearbox,139,73.0356708121007,-1,91.5,63.92
19.1,11.6,38,70,90,0.87,1093,63,32,79,0,None,96,57.225100929266524,-20,80.0,68.73
6.6,15.5,36,77,81,1.19,1912,78,27,221,0,None,104,289.6965307628322,-4,79.0,262.99
16.1,11.3,32,72,81,1.16,1407,75,24,251,0,None,105,87.39125006754654,-9,76.5,291.15999999999997
10.5,18.7,42,85,85,1.14,1805,61,28,112,0,None,114,171.90459818609696,0,85.0,127.67999999999999
17.3,18.4,42,80,75,1.08,1547,65,26,138,0,None,103,89.42191362895166,5,77.5,149.04000000000002
18.0,18.5,35,74,91,1.23,1558,79,24,93,0,None,117,86.55550746916252,-17,82.5,114.39
23.2,17.0,18,70,94,1.32,904,77,23,199,1,Generator,118,38.96550044590498,-24,82.0,262.68
13.2,14.7,18,82,84,0.89,914,61,33,30,0,None,100,69.24237178608199,-2,83.0,26.7
15.8,14.0,27,79,86,1.15,1207,66,19,202,0,None,127,76.39235671369828,-7,82.5,232.29999999999998
10.4,14.0,24,71,91,0.75,965,67,18,110,0,None,126,92.78837231887277,-20,81.0,82.5
10.7,10.7,19,96,81,1.26,1205,70,31,194,0,None,115,112.61671718063816,15,88.5,244.44
5.9,19.5,33,82,85,1.38,1580,66,17,99,0,None,133,267.79615627770124,-3,83.5,136.61999999999998
10.7,14.5,36,93,77,1.26,1680,77,34,133,0,None,102,157.00919905682332,16,85.0,167.58
6.3,19.3,36,83,89,0.99,1574,69,21,150,0,None,130,249.84087326845514,-6,86.0,148.5
24.3,18.8,20,72,91,0.63,1510,60,32,242,0,None,99,62.139892123501184,-19,81.5,152.46
17.5,18.3,24,82,76,1.37,989,68,28,144,0,None,102,56.51425342042662,6,79.0,197.28000000000003
8.5,15.9,21,97,93,1.31,1041,72,31,202,1,Gearbox,128,122.47044415241865,4,95.0,264.62
7.3,11.0,33,70,82,1.2,945,73,23,192,0,None,106,129.45187746318157,-12,76.0,230.39999999999998
12.4,13.2,32,97,93,1.35,1794,62,19,153,1,Gearbox,152,144.67730267959462,4,95.0,206.55
11.2,16.0,30,90,93,1.03,1256,70,34,219,0,None,115,112.14275701539553,-3,91.5,225.57
10.6,10.1,24,100,91,1.49,1343,69,31,93,1,Gearbox,129,126.69799368113804,9,95.5,138.57
14.4,10.4,22,97,92,1.34,1587,64,18,52,1,Gearbox,153,110.20825679982167,5,94.5,69.68
23.3,16.8,42,96,81,0.66,1966,64,24,103,1,Blades,129,84.37764618985142,15,88.5,67.98
16.4,18.9,16,71,82,0.9,1577,79,22,250,0,None,109,96.1584779521476,-11,76.5,225.0
15.4,18.6,35,78,80,0.67,1029,68,18,130,0,None,122,66.81813842978023,-2,79.0,87.10000000000001
21.1,11.7,16,81,82,0.72,1893,73,27,169,0,None,109,89.71559729118611,-1,81.5,121.67999999999999
5.1,19.1,21,91,86,1.0,1153,64,30,195,0,None,117,226.07798808237635,5,88.5,195.0
8.9,17.0,24,89,92,0.86,1770,79,20,247,0,None,141,198.87618103799883,-3,90.5,212.42
14.9,17.2,42,75,86,1.41,1722,79,26,267,0,None,109,115.57039223463609,-11,80.5,376.46999999999997
19.1,13.0,19,92,89,0.5,1357,76,19,223,0,None,143,71.0470832214224,3,90.5,111.5
14.7,17.2,43,75,78,0.51,1474,69,28,157,0,None,97,100.27204063126489,-3,76.5,80.07000000000001
8.3,17.1,39,84,94,1.42,1151,68,29,123,1,Generator,120,138.67453171743165,-10,89.0,174.66
23.6,15.9,35,87,87,0.74,1673,78,25,287,0,None,124,70.88980047042352,0,87.0,212.38
11.6,13.6,27,96,91,0.5,1977,77,28,218,0,None,131,170.4308875595797,5,93.5,109.0
20.8,18.1,42,89,95,0.94,1370,78,29,189,1,Blades,126,65.86535294934954,-6,92.0,177.66
22.8,19.4,31,99,92,0.7,1998,65,33,35,0,None,125,87.63154051248223,7,95.5,24.5
11.9,18.7,26,100,85,0.55,1178,73,32,135,0,None,121,98.99151345250971,15,92.5,74.25
21.9,12.4,33,85,92,1.03,1033,73,31,116,0,None,115,47.16892823336611,-7,88.5,119.48
19.2,14.5,22,72,88,0.64,1998,67,15,147,0,None,130,104.06244580080948,-16,80.0,94.08
23.1,13.4,23,71,90,1.34,1314,62,20,278,0,None,121,56.88309225840162,-19,80.5,372.52000000000004
10.0,17.1,43,96,88,0.8,1845,62,19,146,0,None,146,184.4998155001845,8,92.0,116.80000000000001
23.6,18.3,39,85,81,0.72,932,77,35,293,0,None,96,39.49150869003869,4,83.0,210.95999999999998
6.3,12.2,30,81,82,1.24,1591,67,26,245,0,None,111,252.5392816836799,-1,81.5,303.8
20.9,19.5,27,79,86,1.35,904,78,18,211,0,None,129,43.253567821259416,-7,82.5,284.85
13.7,16.8,39,78,92,0.59,1455,66,26,298,0,None,118,106.20430204065545,-14,85.0,175.82
8.6,12.2,32,72,84,0.65,1710,64,29,105,0,None,98,198.8369780965371,-12,78.0,68.25
6.6,13.7,27,79,86,0.97,1583,68,31,139,0,None,103,239.84812144224026,-7,82.5,134.82999999999998
12.8,11.0,30,89,82,1.09,1590,74,21,34,0,None,129,124.21865295417737,7,85.5,37.06
12.8,16.0,22,82,75,0.58,1259,72,26,176,0,None,105,98.35929815679832,7,78.5,102.08
9.6,11.7,21,98,88,0.88,1597,63,21,287,0,None,144,166.3539933812569,10,93.0,252.56
9.3,16.9,45,90,86,1.4,1840,80,24,193,0,None,128,197.84924962446277,4,88.0,270.2
13.0,17.4,44,96,95,1.38,1446,80,23,152,1,Gearbox,145,111.23068366870487,1,95.5,209.76
13.2,14.8,28,73,85,0.81,1496,65,19,76,0,None,120,113.33324747481252,-12,79.0,61.56
13.8,10.9,30,84,86,0.73,1822,71,21,123,0,None,128,132.0288898341378,-2,85.0,89.78999999999999
22.4,16.1,40,71,81,1.08,1034,65,20,43,0,None,112,46.16069367826175,-10,76.0,46.440000000000005
17.2,13.7,37,97,77,0.6,1561,80,31,216,0,None,112,90.75576118851095,20,87.0,129.6
5.4,19.5,18,74,89,0.73,1422,67,18,52,0,None,127,263.3328456799154,-15,81.5,37.96
15.4,15.1,26,94,91,0.67,1359,78,34,50,0,None,117,88.24669594370393,3,92.5,33.5
20.2,10.7,23,98,92,0.71,1348,69,23,229,0,None,144,66.73264023136623,6,95.0,162.59
6.1,16.4,45,83,83,0.71,1596,74,20,134,0,None,126,261.63891534604045,0,83.0,95.14
13.5,17.8,37,82,89,1.13,1887,78,30,104,0,None,111,139.77767423875983,-7,85.5,117.51999999999998
14.0,11.6,16,88,80,0.99,1615,72,17,53,0,None,134,115.35706045924253,8,84.0,52.47
24.1,14.5,42,92,80,1.36,1191,65,31,166,1,Gearbox,110,49.41906663109268,12,86.0,225.76000000000002
14.5,17.4,43,89,95,1.24,1052,76,21,178,0,None,142,72.55167410229373,-6,92.0,220.72
20.0,10.2,25,70,92,1.0,1976,78,18,127,0,None,126,98.7999506000247,-22,81.0,127.0
11.1,10.3,34,94,80,0.81,1235,62,32,110,0,None,110,111.26116102598107,14,87.0,89.10000000000001
20.6,16.8,35,74,84,1.33,1413,67,27,244,0,None,104,68.5921997125244,-10,79.0,324.52000000000004
11.5,17.3,37,83,86,0.58,919,80,26,201,0,None,117,79.91297398871828,-3,84.5,116.58
13.6,18.5,36,78,75,1.18,1792,73,21,65,0,None,111,131.76460899661103,3,76.5,76.7
14.6,14.0,32,98,94,0.61,1772,63,25,255,0,None,142,121.36977988371241,4,96.0,155.54999999999998
23.5,13.9,44,85,77,1.03,1664,77,31,184,1,Blades,100,70.80848050702957,8,81.0,189.52
6.1,15.5,30,86,91,1.4,1292,69,25,238,1,Generator,127,211.80293147060416,-5,88.5,333.2
8.9,17.6,18,72,95,0.74,1311,77,28,73,0,None,111,147.30320527729745,-23,83.5,54.019999999999996
19.1,16.4,17,97,89,0.58,1446,75,16,230,0,None,154,75.7067666456719,8,93.0,133.39999999999998
16.6,13.3,16,77,94,0.84,1342,74,27,239,0,None,117,80.84332479317783,-17,85.5,200.76
10.0,13.5,28,82,75,0.98,1085,65,20,281,0,None,117,108.4998915001085,7,78.5,275.38
10.8,17.6,23,100,82,1.22,1154,71,30,263,0,None,122,106.85175291504359,18,91.0,320.86
12.3,15.3,42,73,85,0.53,1264,77,21,93,0,None,116,102.76414409419179,-12,79.0,49.29
14.0,11.0,41,92,91,0.63,922,77,21,268,0,None,141,65.85709581636013,1,91.5,168.84
21.4,11.5,40,78,88,0.91,1275,63,23,35,0,None,120,59.57941141149,-10,83.0,31.85
5.3,18.5,41,83,90,0.6,1803,68,17,128,0,None,139,340.1880373810616,-7,86.5,76.8
23.0,20.0,24,83,78,1.46,1416,69,30,138,0,None,101,61.56519062383016,5,80.5,201.48
13.3,13.4,28,98,92,1.01,1104,70,28,221,0,None,134,83.00745638537114,6,95.0,223.21
9.6,13.9,24,70,91,0.88,1664,69,21,289,0,None,119,173.33315277796586,-21,80.5,254.32
15.2,11.5,18,81,90,1.48,924,62,30,224,0,None,111,60.78943369116205,-9,85.5,331.52
18.2,12.4,43,96,91,1.15,1070,78,34,230,0,None,119,58.79117648836457,5,93.5,264.5
5.9,14.2,33,97,79,1.02,1540,76,32,112,0,None,112,261.0165067516835,18,88.0,114.24000000000001
19.3,12.8,19,79,78,0.74,1640,69,23,287,0,None,111,84.97404923624391,1,78.5,212.38
20.2,17.0,21,77,93,0.75,1224,79,21,48,0,None,128,60.59402940889633,-16,85.0,36.0
8.3,15.4,29,84,94,0.86,1206,71,15,286,0,None,148,145.30102975779548,-10,89.0,245.96
8.4,18.2,17,92,83,1.25,923,61,20,146,0,None,135,109.88082157045051,9,87.5,182.5
9.1,17.2,23,75,84,1.32,1213,69,17,100,0,None,125,133.29655681697054,-9,79.5,132.0
20.9,11.3,36,94,90,0.69,1955,64,32,271,0,None,120,93.54062510017938,4,92.0,186.98999999999998
10.4,11.2,43,85,85,1.32,1337,80,31,133,0,None,108,128.55756869464548,0,85.0,175.56
20.9,19.0,43,74,81,0.83,1261,62,24,164,1,Blades,107,60.33489936129218,-7,77.5,136.12
15.8,18.2,31,90,79,0.7,1589,66,17,195,0,None,135,100.56955660154645,11,84.5,136.5
20.3,14.7,24,89,75,0.69,1988,74,25,295,0,None,114,97.93098624089347,14,82.0,203.54999999999998
16.1,11.3,43,89,87,0.96,1381,64,26,35,0,None,124,85.7763442382955,2,88.0,33.6
11.7,19.0,39,93,78,1.27,1004,62,28,135,0,None,115,85.81189246846799,15,85.5,171.45
23.2,12.3,33,75,92,1.07,1689,68,26,36,0,None,115,72.80169275789106,-17,83.5,38.52
19.3,10.4,40,91,95,0.96,1887,78,17,123,0,None,152,97.77197006633675,-4,93.0,118.08
14.7,19.2,29,97,84,0.52,1648,72,28,62,0,None,125,112.10876727294745,13,90.5,32.24
17.7,18.1,18,86,77,1.06,1447,75,35,96,0,None,93,81.75136624216597,9,81.5,101.76
17.3,16.9,43,85,87,1.17,1171,66,28,215,0,None,116,67.68782214576754,-2,86.0,251.54999999999998
12.2,10.3,31,94,86,0.6,1391,78,22,93,0,None,136,114.01629998663937,8,90.0,55.8
13.5,15.3,36,74,78,1.46,1364,71,27,33,0,None,98,101.03696219484281,-4,76.0,48.18
11.4,16.5,27,80,88,0.59,1959,67,26,98,0,None,116,171.8419545246013,-8,84.0,57.82
25.0,17.6,19,96,81,1.19,941,73,17,259,0,None,143,37.639984944006024,15,88.5,308.21
16.6,14.7,23,85,92,1.02,1301,68,28,189,0,None,121,78.37344676298387,-7,88.5,192.78
6.8,19.5,16,95,87,1.38,1242,66,28,129,1,Gearbox,126,182.6467902253085,8,91.0,178.01999999999998
15.4,12.4,18,78,84,0.91,1980,75,22,99,0,None,118,128.57134508354216,-6,81.0,90.09
6.0,10.7,21,82,94,1.01,907,62,21,157,0,None,134,151.16641472264214,-12,88.0,158.57
10.8,13.3,32,95,85,1.05,1222,73,25,40,0,None,130,113.14804338144131,10,90.0,42.0
13.9,16.6,45,75,93,1.37,1971,71,18,119,1,Generator,132,141.79845913779917,-18,84.0,163.03
15.7,17.4,40,97,80,1.3,1075,70,17,114,0,None,143,68.47129396732869,17,88.5,148.20000000000002
24.5,17.4,18,79,84,0.78,1768,67,30,184,0,None,103,72.16323585174047,-5,81.5,143.52
24.6,11.1,40,99,77,1.46,1520,66,19,235,1,Gearbox,138,61.788592768864724,22,88.0,343.09999999999997
7.0,18.9,31,95,83,1.25,1897,74,20,145,0,None,138,270.9996128576959,12,89.0,181.25
15.8,12.8,35,84,93,0.51,1860,76,23,190,0,None,131,117.72144448009843,-9,88.5,96.9
21.3,12.1,19,92,92,0.68,1534,68,29,31,0,None,126,72.01874553110538,0,92.0,21.080000000000002
9.8,16.1,27,87,95,1.36,1510,63,26,52,1,Generator,130,154.0814754270659,-8,91.0,70.72
20.0,12.1,42,96,90,1.15,1066,60,24,219,0,None,138,53.299973350013325,6,93.0,251.85
22.6,15.1,28,86,80,0.76,966,72,35,259,0,None,96,42.74334391887437,6,83.0,196.84
18.2,14.1,19,100,78,0.67,1705,65,24,66,0,None,130,93.68126720809495,22,89.0,44.220000000000006
11.6,12.3,24,74,79,0.65,1574,68,27,247,0,None,99,135.68953819867397,-5,76.5,160.55
23.5,12.9,22,90,88,0.82,1775,71,17,193,0,None,144,75.53188275239032,2,89.0,158.26
22.7,14.3,36,77,83,1.4,920,74,20,248,0,None,120,40.5286165072174,-6,80.0,347.2
19.3,13.5,42,76,83,0.85,1927,68,21,42,0,None,117,99.8445078525866,-7,79.5,35.699999999999996
12.3,13.8,37,82,92,1.16,980,74,19,161,0,None,136,79.67473197176263,-10,87.0,186.76
20.8,17.4,40,81,90,0.61,1895,78,21,245,0,None,129,91.1057254299397,-9,85.5,149.45
11.3,11.7,39,71,79,1.03,1110,66,25,168,0,None,100,98.23000156637029,-8,75.0,173.04
10.1,16.3,15,83,78,0.84,1186,74,32,69,0,None,97,117.42562631126108,5,80.5,57.96
15.3,16.8,19,99,91,0.66,1859,66,28,46,0,None,134,121.50318856000747,8,95.0,30.360000000000003
24.9,18.0,28,84,94,1.3,1397,61,31,244,0,None,116,56.10439513879714,-10,89.0,317.2
21.1,18.5,18,79,79,1.32,1664,62,25,129,0,None,108,78.86252186610338,0,79.0,170.28
19.6,11.6,37,98,94,0.81,1890,74,26,257,0,None,140,96.42852223034579,4,96.0,208.17000000000002
14.0,11.4,17,85,84,1.15,1221,63,16,136,0,None,137,87.21422341841185,1,84.5,156.39999999999998
11.2,16.1,27,79,93,0.89,1049,80,18,150,0,None,136,93.6606306601512,-14,86.0,133.5
22.1,17.6,27,93,90,0.54,1495,71,32,84,0,None,119,67.64702821401438,3,91.5,45.36
16.4,12.7,31,77,93,0.93,1327,66,35,287,0,None,100,80.91458480818001,-16,85.0,266.91
21.3,15.3,34,77,88,1.08,1779,72,31,133,0,None,103,83.52108754878519,-11,82.5,143.64000000000001
14.8,17.7,43,80,78,0.8,906,62,19,147,0,None,120,61.21617485393591,2,79.0,117.60000000000001
20.1,17.7,23,82,76,1.45,1538,61,15,187,0,None,128,76.51737486697768,6,79.0,271.15
22.4,16.5,35,87,88,1.06,1468,71,16,122,0,None,143,65.53568502871205,-1,87.5,129.32
12.8,10.8,16,85,76,0.87,1835,64,20,203,0,None,121,143.35926300057577,9,80.5,176.60999999999999
5.3,10.5,15,92,80,1.24,1534,61,33,150,0,None,106,289.43341616336573,12,86.0,186.0
10.1,13.9,16,92,79,0.84,1995,73,19,176,0,None,133,197.5245569063793,13,85.5,147.84
23.3,10.3,28,71,84,0.52,929,69,28,86,0,None,99,39.87122752307832,-13,77.5,44.72
18.8,19.0,32,74,87,0.51,1454,70,18,93,0,None,125,77.34038439341255,-13,80.5,47.43
19.7,10.2,15,76,93,0.8,1974,75,29,36,0,None,111,100.20299482081482,-17,84.5,28.8
11.5,10.3,27,88,94,0.66,1940,74,18,275,0,None,146,168.69550548216915,-6,91.0,181.5
19.0,11.7,16,97,95,0.85,1140,76,23,193,0,None,146,59.999968421069255,2,96.0,164.04999999999998
17.9,16.3,35,80,90,1.27,1810,62,19,43,0,None,132,101.11726194566373,-10,85.0,54.61
8.6,15.4,34,99,93,0.81,1786,62,21,117,0,None,150,207.67417712304987,6,96.0,94.77000000000001
24.4,16.6,39,75,91,1.06,1959,72,29,226,0,None,108,80.28685234145397,-16,83.0,239.56
12.1,18.9,31,98,93,1.42,1460,78,26,104,1,Gearbox,139,120.66105730491132,5,95.5,147.68
11.6,14.5,34,94,77,1.2,1482,75,17,196,0,None,137,127.75851055300815,17,85.5,235.2
12.4,10.4,23,82,94,1.06,1765,74,32,56,0,None,112,142.33859488822992,-12,88.0,59.36
6.8,17.6,18,76,80,1.37,1999,67,27,271,0,None,102,293.9701559262413,-4,78.0,371.27000000000004
17.5,18.1,37,82,86,0.83,1240,71,21,278,0,None,126,70.85710236737008,-4,84.0,230.73999999999998
9.8,10.5,33,76,85,0.7,1652,74,23,230,0,None,115,168.57125655994227,-9,80.5,161.0
21.1,12.4,43,87,86,1.25,1638,70,33,188,1,Blades,107,77.63029496194551,1,86.5,235.0
12.9,17.7,45,87,89,0.56,1843,65,22,165,0,None,132,142.86810630379355,-2,88.0,92.4
14.2,13.8,40,93,86,0.92,1614,74,21,122,0,None,137,113.66189178740017,7,89.5,112.24000000000001
17.9,14.7,45,86,89,0.79,1404,70,19,61,0,None,137,78.43571037111153,-3,87.5,48.190000000000005
20.2,18.2,34,80,86,1.47,1242,65,31,113,0,None,104,61.485118076674226,-6,83.0,166.10999999999999
9.6,10.9,18,97,75,0.88,1966,71,20,202,0,None,132,204.7914533422361,22,86.0,177.76
24.3,16.8,18,72,88,1.16,1269,67,24,274,0,None,112,52.22220073160464,-16,80.0,317.84
17.4,12.1,39,94,86,0.77,1181,61,15,115,0,None,150,67.87352421061827,8,90.0,88.55
5.1,10.6,22,82,87,1.48,1772,69,34,216,0,None,101,347.4502991170606,-5,84.5,319.68
13.3,16.6,17,75,75,0.68,1447,79,32,158,0,None,86,108.79691067901453,0,75.0,107.44000000000001
13.7,11.2,29,74,84,1.41,1102,65,28,258,0,None,102,80.43789749058578,-10,79.0,363.78
21.2,17.5,24,77,92,0.95,1295,69,21,60,0,None,127,61.08487684675621,-15,84.5,57.0
11.1,12.0,33,74,82,0.93,1124,76,19,132,0,None,118,101.26117003498196,-8,78.0,122.76
11.6,10.5,33,84,84,1.2,1130,79,24,236,0,None,120,97.41370912611283,0,84.0,283.2
6.4,11.0,35,80,77,0.59,983,61,19,163,0,None,119,153.59351001014062,3,78.5,96.17
10.7,18.4,32,81,84,1.05,1610,75,34,273,0,None,97,150.46714909612234,-3,82.5,286.65000000000003
19.3,13.7,26,75,83,0.72,1308,66,30,99,0,None,98,67.77198561037015,-8,79.0,71.28
17.7,13.0,16,90,93,0.66,965,62,29,76,0,None,125,54.51974320918463,-3,91.5,50.160000000000004
6.6,14.9,42,88,76,1.38,1616,75,29,175,0,None,106,244.84811386649417,12,82.0,241.49999999999997
7.3,16.3,25,99,94,1.5,1227,69,30,147,1,Gearbox,133,168.08196153155956,5,96.5,220.5
12.5,10.4,30,75,87,1.47,1078,64,16,231,0,None,130,86.2399310080552,-12,81.0,339.57
19.9,19.0,32,95,86,1.32,1956,74,20,277,1,Gearbox,141,98.29140789376488,9,90.5,365.64000000000004
21.7,19.6,24,71,93,1.42,982,64,27,220,1,Generator,110,45.25343536708048,-22,82.0,312.4
5.3,14.2,24,72,79,1.42,1325,73,19,151,0,None,113,249.9995283027768,-7,75.5,214.42
11.6,14.1,23,89,79,0.68,1577,67,27,165,0,None,114,135.94815866538048,10,84.0,112.2
13.5,18.8,22,82,92,0.59,1993,65,34,35,0,None,106,147.62952027442944,-10,87.0,20.65
23.2,14.3,16,77,94,0.63,991,61,22,247,0,None,127,42.71549882952637,-17,85.5,155.61
15.0,18.6,44,70,92,0.66,1925,63,30,76,0,None,102,128.33324777783483,-22,81.0,50.160000000000004
10.4,10.3,33,90,76,1.32,1869,79,24,60,0,None,118,179.7113656621484,14,83.0,79.2
12.8,14.9,18,83,88,1.44,1757,69,29,250,0,None,113,137.26551776131424,-5,85.5,360.0
13.7,19.5,33,75,84,0.85,1013,77,16,112,0,None,127,73.9415518674804,-9,79.5,95.2
18.4,12.5,22,99,91,0.53,1220,75,22,184,0,None,146,66.30431179113491,8,95.0,97.52000000000001
5.8,12.7,24,81,78,0.81,1198,74,30,111,0,None,99,206.55136801488274,3,79.5,89.91000000000001
12.8,16.3,39,79,93,1.21,1488,75,32,289,0,None,108,116.24990917975845,-14,86.0,349.69
17.9,19.3,42,85,82,1.44,1032,63,23,116,0,None,121,57.65359907620164,3,83.5,167.04
10.7,12.0,36,78,81,0.95,1798,65,26,181,0,None,107,168.03722613343353,-3,79.5,171.95
16.8,19.2,43,78,79,0.84,1650,76,34,205,0,None,89,98.21422725343616,-1,78.5,172.2
12.1,16.6,42,99,75,1.15,1847,73,24,232,0,None,126,152.64450194669263,24,87.0,266.79999999999995
20.2,19.9,32,78,81,0.71,1145,76,20,43,0,None,119,56.683140255871166,-3,79.5,30.529999999999998
6.2,17.4,42,88,78,1.27,1583,74,15,168,0,None,136,255.32216883521156,10,83.0,213.36
23.4,16.7,31,71,90,0.91,1836,76,33,51,0,None,95,78.46150493098081,-19,80.5,46.410000000000004
8.4,18.1,18,75,90,1.48,955,72,16,261,0,None,133,113.69034084483233,-15,82.5,386.28
8.2,11.8,40,71,92,1.43,1506,76,20,171,1,Generator,123,183.65831261181393,-21,81.5,244.53
21.8,19.5,19,86,75,1.17,1700,66,32,158,0,None,97,77.98161560476348,11,80.5,184.85999999999999
22.4,11.7,24,85,82,1.15,1309,61,34,50,0,None,99,58.437473911842005,3,83.5,57.49999999999999
6.9,10.3,26,80,75,0.62,1289,64,28,121,0,None,99,186.81132346185007,5,77.5,75.02
23.2,17.0,39,91,85,0.78,936,63,20,130,0,None,136,40.3448101962025,6,88.0,101.4
10.5,11.8,18,89,93,1.36,1439,69,20,125,1,Generator,142,137.04748852620142,-4,91.0,170.0
17.4,17.6,28,88,83,0.86,1556,78,25,213,0,None,121,89.42523596250808,5,85.5,183.18
6.4,18.0,28,80,92,0.92,1714,66,34,129,0,None,104,267.8120815436226,-12,86.0,118.68
12.6,12.4,32,80,94,1.34,995,70,34,65,1,Generator,106,78.96819129508629,-14,87.0,87.10000000000001
14.0,10.9,26,96,80,0.93,1358,76,24,186,0,None,128,96.9999307143352,16,88.0,172.98000000000002
17.0,15.0,32,86,75,1.35,1183,77,21,139,0,None,119,69.58819435988568,11,80.5,187.65
15.5,18.9,45,78,90,0.57,1128,66,23,138,0,None,122,72.77414659732477,-12,84.0,78.66
14.2,18.5,17,86,87,1.19,1170,70,20,162,0,None,133,82.39430817302242,-1,86.5,192.78
24.2,11.2,41,78,82,0.56,1297,65,18,214,1,Blades,124,53.59501917561192,-4,80.0,119.84000000000002
8.7,19.6,24,76,82,1.29,1706,68,29,170,0,None,100,196.091728630197,-6,79.0,219.3
8.2,12.6,29,78,77,1.05,1379,68,20,266,0,None,115,168.17052662130902,1,77.5,279.3
19.3,13.5,37,89,92,1.06,969,61,32,166,0,None,117,50.20722787190265,-3,90.5,175.96
6.5,11.5,42,85,80,0.88,1282,61,20,78,0,None,125,197.2304657992834,5,82.5,68.64
14.7,13.8,15,75,77,1.4,1021,72,26,176,0,None,100,69.45573506412582,-2,76.0,246.39999999999998
14.7,16.4,35,97,91,1.01,1133,63,29,34,0,None,130,77.07477750015137,6,94.0,34.34
11.2,15.1,17,85,85,0.76,1042,63,28,253,0,None,114,93.03563121818642,0,85.0,192.28
23.6,18.3,31,94,90,1.32,1969,67,17,176,1,Gearbox,150,83.43216803721693,4,92.0,232.32000000000002
10.7,16.4,37,80,93,1.45,1868,65,20,295,1,Generator,133,174.5792760941345,-13,86.5,427.75
10.8,12.6,20,99,83,0.74,1587,75,15,113,0,None,152,146.94430838489964,16,91.0,83.62
9.7,15.6,38,93,76,1.11,1176,73,27,253,0,None,115,121.23698841547588,17,84.5,280.83000000000004
7.9,10.6,24,84,80,1.09,1092,79,27,137,0,None,110,138.2276731295277,4,82.0,149.33
12.3,15.8,33,97,76,1.11,1826,68,25,249,0,None,123,148.45516385759035,21,86.5,276.39000000000004
18.6,13.9,35,92,78,1.06,980,61,28,145,0,None,114,52.68814371605176,14,85.0,153.70000000000002
19.8,11.0,34,83,92,0.6,1663,77,32,176,0,None,111,83.98985657077951,-9,87.5,105.6
21.3,13.1,16,99,94,0.91,1224,62,20,238,0,None,153,57.46476175363298,5,96.5,216.58
9.0,19.0,20,79,89,1.49,1439,65,26,144,0,None,116,159.8887112347653,-10,84.0,214.56
5.7,15.9,41,78,90,0.59,1702,73,18,289,0,None,132,298.59596737549583,-12,84.0,170.51
24.5,19.0,43,97,90,1.17,940,69,20,60,1,Blades,147,38.36733127864029,7,93.5,70.19999999999999
5.3,14.1,32,91,77,1.39,1093,74,21,89,1,Gearbox,126,206.22602598863023,14,84.0,123.71
24.2,19.8,33,80,76,0.7,1612,64,29,119,0,None,98,66.611542722503,4,78.0,83.3
21.6,13.6,38,77,89,1.3,1912,72,18,94,0,None,130,88.51847753774187,-12,83.0,122.2
23.2,17.6,27,75,76,0.74,1184,69,29,71,0,None,93,51.0344607610083,-1,75.5,52.54
12.7,13.1,25,79,91,0.53,1065,72,17,109,0,None,136,83.85820168645537,-12,85.0,57.77
8.9,11.1,38,74,87,1.02,1917,78,29,181,0,None,103,215.3930164123411,-13,80.5,184.62
17.1,18.3,16,74,77,1.21,1852,71,31,66,0,None,89,108.30403023156126,-3,75.5,79.86
19.8,17.6,42,93,88,0.7,1901,75,33,279,0,None,115,96.01005252017549,5,90.5,195.29999999999998
7.6,18.2,28,72,87,0.57,1037,75,32,72,0,None,95,136.4471888852778,-15,79.5,41.04
21.0,13.0,30,83,83,1.05,1916,73,28,225,0,None,110,91.2380517914039,0,83.0,236.25
9.2,17.0,34,82,91,0.65,1539,70,31,272,0,None,111,167.28242686692735,-9,86.5,176.8
14.8,12.2,23,99,81,0.68,1634,60,29,165,0,None,122,110.40533080720891,18,90.0,112.2
22.1,10.1,33,84,83,1.2,1400,62,24,152,0,None,119,63.348387625163966,1,83.5,182.4
8.9,18.7,36,75,89,1.11,1291,71,31,264,0,None,102,145.05601679099237,-14,82.0,293.04
9.8,15.2,19,73,90,1.45,1024,61,15,152,0,None,133,104.48968929623541,-17,81.5,220.4
6.3,19.8,31,92,80,0.82,1146,61,31,38,0,None,110,181.9044731675029,12,86.0,31.159999999999997
7.9,13.9,25,74,75,0.71,1546,63,33,262,0,None,83,195.69595481524706,-1,74.5,186.01999999999998
7.9,19.6,32,98,79,1.16,1249,65,33,160,0,None,111,158.10106569485356,19,88.5,185.6
9.1,16.2,16,87,80,1.47,1032,80,35,166,0,None,97,113.40646878410024,7,83.5,244.01999999999998
10.7,15.1,37,82,93,1.05,1681,62,21,205,0,None,133,157.10265691340476,-11,87.5,215.25
21.3,13.0,20,91,93,0.79,1481,65,18,204,0,None,148,69.53048378850526,-2,92.0,161.16
23.3,18.3,36,76,88,1.41,945,74,25,220,0,None,114,40.557922507329394,-12,82.0,310.2
13.1,18.3,38,81,89,1.11,1640,74,22,279,0,None,126,125.19074412920297,-8,85.0,309.69000000000005
7.6,14.2,38,71,87,0.71,1848,77,24,296,0,None,110,243.15757479266478,-16,79.0,210.16
9.5,17.3,40,96,91,1.45,1753,72,22,206,1,Gearbox,143,184.526121551451,5,93.5,298.7
19.7,14.5,24,83,82,0.77,1917,65,32,70,0,None,101,97.30959527431712,1,82.5,53.9
18.5,17.4,44,93,86,1.4,1272,65,26,138,1,Gearbox,127,68.75671959096239,7,89.5,193.2
24.3,19.9,16,98,88,1.11,997,77,31,288,0,None,124,41.02878970008654,10,93.0,319.68
5.3,12.6,29,90,84,1.0,1686,62,21,255,0,None,132,318.11260733470317,6,87.0,255.0
20.0,16.3,23,81,90,0.83,1892,70,23,128,0,None,125,94.59995270002365,-9,85.5,106.24
15.1,13.8,37,89,94,0.62,1251,70,21,299,0,None,141,82.84762725322699,-5,91.5,185.38
23.1,15.5,39,81,88,0.74,1192,75,34,96,0,None,101,51.60170926332932,-7,84.5,71.03999999999999
16.5,18.7,40,87,76,0.83,1686,80,24,141,0,None,115,102.18175625348105,11,81.5,117.03
13.9,13.5,24,83,87,0.79,1701,70,23,271,0,None,124,122.37401268056642,-4,85.0,214.09
18.3,10.7,23,74,89,0.57,1813,76,32,153,0,None,99,99.07098411421633,-15,81.5,87.21
21.7,18.0,35,93,81,1.08,1720,77,30,163,0,None,114,79.26263628449941,12,87.0,176.04000000000002
10.6,15.6,43,85,81,0.98,1340,61,33,45,0,None,100,126.4149750802122,4,83.0,44.1
7.2,14.5,23,76,87,0.61,1365,73,30,133,0,None,103,189.58307002351387,-11,81.5,81.13
13.7,11.8,42,97,89,0.96,1785,78,22,125,0,None,142,130.29187569936082,8,93.0,120.0
9.3,10.9,33,96,92,0.58,1194,74,21,249,0,None,146,128.3869587237003,4,94.0,144.42
13.6,12.8,37,87,90,1.43,1020,75,29,175,0,None,119,74.99994485298173,-3,88.5,250.25
24.8,17.2,28,99,78,0.76,1140,76,18,30,0,None,141,45.96772340011153,21,88.5,22.8
16.5,14.1,39,98,82,1.22,1456,60,17,186,0,None,146,88.24237076219954,16,90.0,226.92
18.9,15.7,44,97,78,0.75,1528,79,31,285,0,None,113,80.84651807062536,19,87.5,213.75
18.6,10.8,20,74,90,0.97,978,78,28,181,0,None,108,52.58061689214145,-16,82.0,175.57
21.4,11.2,27,79,80,1.43,1234,72,19,231,0,None,121,57.66352445629699,-1,79.5,330.33
23.9,10.1,41,82,77,1.37,1724,67,28,181,1,Blades,103,72.13386103185731,5,79.5,247.97000000000003
18.2,16.7,20,95,77,1.28,1849,67,21,45,0,None,130,101.5933507728842,18,86.0,57.6
14.5,12.6,27,96,77,1.29,1043,71,21,124,0,None,131,71.93098487518284,19,86.5,159.96
11.4,19.7,20,93,80,1.32,1471,66,20,186,1,Gearbox,133,129.0349745307241,13,86.5,245.52
12.2,13.1,34,84,91,1.24,1065,71,25,193,0,None,125,87.2950104139259,-7,87.5,239.32
11.7,13.6,22,75,80,1.4,1694,72,34,104,0,None,87,144.78620103743503,-5,77.5,145.6
11.5,14.7,26,71,81,0.85,1073,75,34,48,0,None,84,93.304266691942,-10,76.0,40.8
18.9,13.2,30,91,93,1.03,1006,61,26,294,0,None,132,53.22748506482272,-2,92.0,302.82
16.8,18.2,24,100,84,1.15,1385,61,32,210,0,None,120,82.44042711879338,16,92.0,241.49999999999997
9.0,18.8,35,80,85,0.7,1004,78,25,127,0,None,115,111.555431605076,-5,82.5,88.89999999999999
24.4,10.1,18,87,75,1.0,1798,75,25,104,0,None,112,73.68849438996132,12,81.0,104.0
13.6,16.5,41,94,77,0.62,1810,67,16,229,0,None,139,133.08813743519306,17,85.5,141.98
16.3,16.9,29,76,90,1.11,1463,60,30,200,0,None,106,89.7545461628551,-14,83.0,222.00000000000003
19.1,19.6,32,95,82,0.6,1530,72,28,40,0,None,121,80.10467010226695,13,88.5,24.0
17.3,13.7,34,89,78,1.0,1046,65,22,170,0,None,123,60.46239279630474,11,83.5,170.0
11.2,12.0,17,87,84,0.96,1204,61,18,238,0,None,135,107.49990401794285,3,85.5,228.48
21.0,15.2,38,93,76,0.61,1033,75,35,118,0,None,99,49.19045276645107,17,84.5,71.98
7.2,14.5,43,77,89,0.94,1136,80,31,244,0,None,104,157.77755864227967,-12,83.0,229.35999999999999
16.4,17.9,31,88,77,1.18,1334,75,28,145,0,None,109,81.3414138162111,11,82.5,171.1
10.5,19.0,27,77,76,1.09,1650,62,15,166,0,None,123,157.14270748313572,1,76.5,180.94000000000003
17.3,10.9,39,75,83,0.96,1701,67,32,263,0,None,94,98.32364258748983,-8,79.0,252.48
9.4,18.5,37,89,87,0.86,1389,65,27,246,0,None,122,147.76580024914867,2,88.0,211.56
20.4,19.1,35,78,90,0.56,1222,67,18,246,0,None,132,59.90193142062186,-12,84.0,137.76000000000002
9.6,19.2,44,91,76,1.46,1791,71,31,295,1,Gearbox,105,186.56230566426495,15,83.5,430.7
22.8,17.6,32,85,82,0.9,1381,73,27,172,0,None,113,60.57014887274172,3,83.5,154.8
22.2,17.4,22,91,80,0.92,1517,66,26,137,0,None,119,68.33330255256642,11,85.5,126.04
12.2,10.1,16,97,90,0.63,1193,73,18,208,0,None,151,97.78680509278271,7,93.5,131.04
12.7,19.2,29,74,82,1.03,973,74,20,32,0,None,116,76.6141129022733,-8,78.0,32.96
19.0,13.5,35,72,88,1.48,1081,80,29,181,0,None,102,56.89470689752269,-16,80.0,267.88
6.8,10.4,20,82,85,0.75,1684,70,22,117,0,None,123,247.64669463721378,-3,83.5,87.75
6.6,14.1,16,92,86,0.81,1204,67,22,38,0,None,134,182.42396602429392,6,89.0,30.78
7.7,17.3,42,97,82,0.74,1039,77,19,43,0,None,141,134.93488969494845,15,89.5,31.82
16.2,14.4,24,71,80,1.37,1606,63,19,288,0,None,113,99.1357412742338,-9,75.5,394.56000000000006
8.0,17.6,29,94,76,0.98,1426,69,28,109,0,None,114,178.24977718777853,18,85.0,106.82
10.6,15.1,18,72,78,1.32,926,73,33,243,0,None,84,87.35840815244515,-6,75.0,320.76
17.9,13.0,26,87,78,1.35,1990,63,16,42,0,None,133,111.17312224965238,9,82.5,56.7
5.3,12.0,28,80,94,1.25,1320,61,25,297,0,None,124,249.05613385635124,-14,87.0,371.25
8.6,14.2,42,71,94,0.76,1621,68,34,103,0,None,97,188.48815292075244,-23,82.5,78.28
23.6,10.4,41,73,80,0.54,1982,67,26,39,1,Blades,101,83.9830152614342,-7,76.5,21.060000000000002
18.3,14.2,21,81,77,0.64,1598,75,23,81,0,None,112,87.32235665444992,4,79.0,51.84
11.1,10.7,32,99,81,1.2,1243,71,21,279,0,None,138,111.98188109740443,18,90.0,334.8
5.9,18.8,37,75,91,1.24,1437,60,30,235,0,None,106,243.55890922218776,-16,83.0,291.4
16.7,15.8,24,78,92,1.27,1013,78,33,126,0,None,104,60.65864631218784,-14,85.0,160.02
9.5,16.5,27,100,85,0.74,1086,77,35,134,0,None,115,114.3156691414009,15,92.5,99.16
24.2,12.9,45,84,86,0.65,1243,61,21,198,1,Blades,128,51.36361513900201,-2,85.0,128.70000000000002
18.7,12.3,38,78,84,1.42,993,65,18,174,0,None,126,53.10157588151023,-6,81.0,247.07999999999998
24.5,17.1,28,88,79,1.16,1025,72,29,287,0,None,109,41.83671761766628,9,83.5,332.91999999999996
22.0,16.7,31,83,76,1.24,1823,64,32,106,0,None,95,82.86359869836423,7,79.5,131.44
14.7,11.2,34,96,87,0.59,1175,79,32,107,0,None,119,79.93191841366095,9,91.5,63.129999999999995
18.4,12.4,30,70,91,0.91,1255,68,27,44,0,None,107,68.20648467038878,-21,80.5,40.04
21.2,19.5,27,100,90,0.56,1091,74,34,248,0,None,122,51.46223987630195,10,95.0,138.88000000000002
16.6,13.0,26,72,93,1.16,1345,70,17,63,0,None,131,81.02404757587495,-21,82.5,73.08
6.2,10.3,20,86,91,0.99,1668,66,21,242,0,None,135,269.03182414221914,-5,88.5,239.57999999999998
14.4,10.6,44,91,81,0.95,1940,74,21,285,0,None,130,134.72212866518842,10,86.0,270.75
7.6,17.8,18,86,77,1.4,1493,70,23,205,0,None,117,196.44710993801326,9,81.5,287.0
19.3,17.6,33,79,84,1.24,1230,73,30,36,0,None,103,63.73053692718294,-5,81.5,44.64
18.6,13.8,44,96,82,1.46,1461,68,15,245,1,Gearbox,148,78.54834486648124,14,89.0,357.7
24.9,11.5,26,83,90,0.55,1040,80,15,212,0,None,143,41.767051499176105,-7,86.5,116.60000000000001
17.6,15.0,23,79,76,1.12,1645,64,18,268,0,None,119,93.46585598530909,3,77.5,300.16
21.0,13.3,44,93,94,1.13,1261,64,19,263,1,Blades,149,60.04759045352836,-1,93.5,297.19
10.4,13.7,39,74,94,0.53,1939,60,35,114,0,None,98,186.44212842103036,-20,84.0,60.42
11.8,12.6,35,76,77,1.29,1624,77,20,113,0,None,113,137.62700201101524,-1,76.5,145.77
23.3,10.6,33,78,84,0.65,1424,63,24,178,0,None,114,61.11585359834609,-6,81.0,115.7
20.1,17.9,26,83,93,1.2,1154,65,16,280,0,None,144,57.41290675974788,-10,88.0,336.0
18.1,16.2,34,71,79,0.54,1001,64,34,278,0,None,82,55.30383684870892,-8,75.0,150.12
10.1,18.3,37,100,89,1.11,1107,80,16,47,0,None,157,109.60385187737438,11,94.5,52.17
19.0,15.0,16,88,89,1.02,1527,77,33,260,0,None,111,80.36837875348486,-1,88.5,265.2
22.7,19.8,19,99,80,0.98,1472,75,19,130,0,None,141,64.84578641154783,19,89.5,127.39999999999999
9.6,19.6,24,94,75,0.87,910,68,33,60,0,None,103,94.79156792545008,19,84.5,52.2
19.1,12.7,25,74,88,0.92,1718,60,22,292,0,None,118,89.94759688607492,-14,81.0,268.64
12.9,13.9,42,76,87,0.98,944,79,25,70,0,None,113,73.17823784632725,-11,81.5,68.6
7.4,17.5,36,71,88,0.8,986,64,29,133,0,None,101,133.24306318504975,-17,79.5,106.4
20.3,17.8,26,95,78,1.44,1683,61,30,36,1,Gearbox,113,82.90636310031374,17,86.5,51.839999999999996
8.3,19.1,39,88,87,1.47,1611,68,16,69,0,None,143,194.09615169138348,1,87.5,101.42999999999999
10.1,16.5,25,76,86,0.8,1137,66,15,255,0,None,132,112.57414596619212,-10,81.0,204.0
20.7,14.8,45,99,84,1.28,1629,79,21,87,1,Blades,141,78.69561415670815,15,91.5,111.36
19.8,13.8,38,92,91,1.25,921,61,25,239,0,None,133,46.515128022662616,1,91.5,298.75
10.1,14.2,39,91,83,1.38,1206,80,32,30,1,Gearbox,110,119.4058223704729,8,87.0,41.4
23.8,18.5,23,78,82,0.5,1736,72,19,83,0,None,122,72.94114582304798,-4,80.0,41.5
9.3,19.8,19,79,86,0.84,1422,66,22,38,0,None,121,152.90306139455762,-7,82.5,31.919999999999998
24.9,10.5,27,90,94,0.64,1841,77,24,217,0,None,136,73.93571327883001,-4,92.0,138.88
19.8,15.8,25,88,82,0.89,1058,68,25,112,0,None,120,53.43431644731493,6,85.0,99.68
12.9,15.2,38,89,84,1.08,1849,71,29,124,0,None,115,143.33322222230836,5,86.5,133.92000000000002
7.6,13.8,20,96,80,1.41,1435,63,33,190,1,Gearbox,110,188.81554103218286,16,88.0,267.9
11.4,18.5,31,75,89,1.34,1012,78,18,185,0,None,128,88.77185195451582,-14,82.0,247.9
8.9,15.8,34,73,82,1.0,951,78,24,147,0,None,107,106.85381252380616,-9,77.5,147.0
17.4,13.1,27,87,89,0.52,901,75,35,50,0,None,106,51.781579435873894,-2,88.0,26.0
12.1,14.4,21,85,78,0.8,1601,75,27,160,0,None,109,132.31394023641303,7,81.5,128.0
10.9,13.6,42,82,80,0.61,1144,64,32,278,0,None,98,104.95403215226408,2,81.0,169.57999999999998
20.1,14.3,19,97,79,1.15,1061,69,33,265,0,None,110,52.78604339002816,18,88.0,304.75
9.6,10.7,24,87,91,1.2,1562,62,16,242,0,None,146,162.70816384566268,-4,89.0,290.4
16.7,11.1,38,87,77,1.15,1350,72,25,283,0,None,114,80.83827494714076,10,82.0,325.45
8.9,16.2,33,81,80,0.77,1394,64,34,139,0,None,93,156.62903749546348,1,80.5,107.03
19.3,16.8,37,80,85,1.42,1047,66,18,82,0,None,129,54.248676555089865,-5,82.5,116.44
17.5,16.4,39,100,77,1.09,1179,76,19,248,0,None,139,67.37139007349138,23,88.5,270.32
21.0,17.6,42,89,75,1.1,1009,80,25,37,1,Blades,114,48.04759616781135,14,82.0,40.7
6.4,19.4,24,95,89,1.32,1268,68,18,189,1,Gearbox,148,198.1246904301712,6,92.0,249.48000000000002
9.2,18.6,29,83,87,0.57,1239,76,32,130,0,None,106,134.6737666589493,-4,85.0,74.1
8.1,14.2,36,76,75,0.71,1755,63,30,32,0,None,91,216.66639917728497,1,75.5,22.72
8.8,12.2,39,80,76,1.09,1985,71,32,275,0,None,92,225.56792549099376,4,78.0,299.75
7.1,13.1,32,80,79,1.11,1999,71,23,278,0,None,113,281.5488992269025,1,79.5,308.58000000000004
16.2,15.9,30,87,93,0.97,1325,78,28,281,0,None,124,81.79007296909077,-6,90.0,272.57
16.9,18.6,36,75,88,1.28,1772,65,22,180,0,None,119,104.85200896330832,-13,81.5,230.4
21.9,17.0,26,82,91,0.85,1207,61,16,267,0,None,141,55.11413008487211,-9,86.5,226.95
13.4,15.4,42,73,90,0.51,1057,67,30,72,0,None,103,78.88053814885212,-17,81.5,36.72
15.6,16.0,21,85,95,0.84,1604,75,34,224,0,None,112,102.82044690996993,-10,90.0,188.16
24.8,15.3,42,98,94,1.47,1425,61,21,67,1,Gearbox,150,57.459654250139415,4,96.0,98.49
15.6,19.7,34,80,76,1.28,1553,63,21,206,0,None,114,99.55121823639857,4,78.0,263.68
16.5,18.2,33,71,75,0.82,1303,61,19,289,0,None,108,78.96964910930357,-4,73.0,236.98
24.9,17.8,29,88,85,0.72,1232,70,24,85,0,None,125,49.47789177594708,3,86.5,61.199999999999996
24.9,15.2,20,89,80,1.31,1921,76,23,296,0,None,123,77.14856339415125,9,84.5,387.76
13.5,13.3,41,84,85,0.7,1872,65,33,168,0,None,103,138.6665639506934,-1,84.5,117.6
17.7,10.2,17,82,77,1.08,1036,61,31,216,0,None,97,58.53104037794329,5,79.5,233.28000000000003
14.6,10.4,23,97,93,1.01,1618,64,33,289,0,None,124,110.82184190284802,4,95.0,291.89
19.4,10.3,18,98,90,0.92,1294,62,33,253,0,None,122,66.70099654587807,8,94.0,232.76000000000002
23.8,19.8,18,90,86,0.93,1524,71,29,60,0,None,118,64.03358654050986,4,88.0,55.800000000000004
11.2,11.1,27,85,84,1.2,1128,70,28,138,0,None,113,100.71419579089662,1,84.5,165.6
21.4,11.4,20,72,84,0.6,1696,65,24,80,0,None,108,79.25229941481336,-12,78.0,48.0
18.1,14.8,32,79,87,0.9,1241,77,17,282,0,None,132,68.56349803121655,-8,83.0,253.8
10.6,14.8,34,79,86,1.47,1657,68,24,79,0,None,117,156.32060724471015,-7,82.5,116.13
20.9,19.2,41,72,85,1.28,1058,79,22,254,1,Blades,113,50.62198534833237,-13,78.5,325.12
13.5,10.7,24,95,89,0.52,1047,65,23,160,0,None,138,77.55549810703845,6,92.0,83.2
7.4,19.6,24,96,90,0.95,1282,72,25,227,0,None,136,173.24300913106873,6,93.0,215.64999999999998
24.9,12.2,22,97,88,0.62,1997,76,26,39,0,None,133,80.20077100370644,9,92.5,24.18
13.5,19.7,38,92,83,0.98,1847,64,19,112,0,None,137,136.81471347058263,9,87.5,109.75999999999999
15.8,15.4,28,91,83,0.6,1583,76,20,286,0,None,134,100.18981000644936,8,87.0,171.6
21.2,16.5,32,84,77,0.89,1240,78,19,128,0,None,123,58.49053844785922,7,80.5,113.92
24.2,13.2,26,96,83,1.04,1080,73,30,106,0,None,119,44.62808073219804,13,89.5,110.24000000000001
22.5,16.1,20,85,91,0.87,1718,78,34,209,0,None,108,76.35552161976817,-6,88.0,181.83
15.5,17.1,18,71,76,1.08,1125,68,20,102,0,None,107,72.58059833509785,-5,73.5,110.16000000000001
15.9,10.1,41,88,79,1.49,1353,68,32,231,0,None,103,85.09428610422258,9,83.5,344.19
10.6,10.3,23,82,92,0.75,1482,60,30,172,0,None,114,139.81118885736902,-10,87.0,129.0
14.3,19.9,43,86,86,1.06,1002,76,21,259,0,None,130,70.06988107001324,0,86.0,274.54
23.9,14.6,43,83,88,0.97,1757,61,25,53,1,Blades,121,73.51461359221189,-5,85.5,51.41
19.5,19.4,29,85,81,1.31,1935,65,27,51,0,None,112,99.23071834322137,4,83.0,66.81
5.2,17.3,44,73,85,0.81,1061,72,30,274,0,None,98,204.0380691575593,-12,79.0,221.94000000000003
7.3,13.7,16,70,90,1.14,1854,72,26,176,0,None,108,253.97225483252765,-20,80.0,200.64
23.5,11.5,18,80,93,1.19,1433,70,28,296,0,None,117,60.97869745587342,-13,86.5,352.24
22.0,19.8,22,78,94,1.48,1049,72,21,42,1,Generator,130,47.68179650827432,-16,86.0,62.16
14.7,15.8,21,78,92,0.65,1569,66,17,248,0,None,136,106.73462126896513,-14,85.0,161.20000000000002
17.3,11.9,23,98,76,1.5,1923,64,16,53,1,Gearbox,142,111.15600511213577,22,87.0,79.5
10.8,16.8,29,95,82,1.22,1953,66,21,244,0,None,135,180.83316589521675,13,88.5,297.68
20.9,10.9,17,70,90,0.96,1692,65,28,276,0,None,104,80.95689906368466,-20,80.0,264.96
17.1,18.7,32,70,83,0.76,1443,69,17,179,0,None,119,84.38591556379207,-13,76.5,136.04
18.9,10.9,24,93,84,1.13,1105,75,30,51,0,None,117,58.465577531440466,9,88.5,57.629999999999995
12.5,12.4,17,100,91,0.64,1560,67,23,288,0,None,145,124.79990016007987,9,95.5,184.32
13.6,10.9,38,84,92,1.45,1575,67,24,232,1,Generator,128,115.80873837592767,-8,88.0,336.4
9.2,11.0,35,83,91,0.68,1022,74,19,246,0,None,136,111.08683577517851,-8,87.0,167.28
24.0,15.2,39,78,82,1.27,1179,78,29,111,0,None,102,49.12497953125853,-4,80.0,140.97
23.9,16.9,43,90,80,0.85,1238,65,34,196,1,Blades,102,51.79914150663536,10,85.0,166.6
21.4,17.9,33,84,82,0.72,1846,75,23,127,0,None,120,86.26164193381219,2,83.0,91.44
23.7,17.0,39,75,89,1.31,1542,72,17,284,0,None,130,65.06326368638663,-14,82.0,372.04
18.3,13.6,21,84,82,1.39,1168,70,15,177,0,None,136,63.825101734917084,2,83.0,246.02999999999997
9.7,15.6,27,81,76,0.51,1241,60,32,268,0,None,93,127.93801243503874,5,78.5,136.68
20.2,19.3,31,97,91,1.47,1060,68,29,254,1,Gearbox,130,52.47522154692003,6,94.0,373.38
11.5,13.9,31,93,76,0.92,949,64,32,180,0,None,105,82.52166737246316,17,84.5,165.6
13.8,12.5,37,91,95,0.6,1461,63,23,182,0,None,140,105.86948850037065,-4,93.0,109.2
10.5,15.2,39,80,92,0.95,935,66,28,266,0,None,116,89.04753424044358,-12,86.0,252.7
13.5,13.0,35,74,94,0.62,1991,73,23,37,0,None,122,147.48137223602058,-20,84.0,22.94
18.6,12.6,16,96,92,0.76,1750,71,22,211,0,None,144,94.08597092152101,4,94.0,160.36
7.2,17.8,26,80,77,1.06,1756,69,27,291,0,None,103,243.88855015479146,3,78.5,308.46000000000004
7.1,18.9,32,88,83,0.86,1730,63,19,86,0,None,133,243.66162864559348,5,85.5,73.96
18.7,15.0,30,88,93,0.73,1605,76,30,190,0,None,121,85.82883110757696,-5,90.5,138.7
20.6,17.8,16,98,77,0.7,977,70,28,95,0,None,119,47.42716144312551,21,87.5,66.5
16.0,11.9,44,75,81,1.14,1402,73,23,213,0,None,110,87.62494523440922,-6,78.0,242.82
8.6,15.5,44,93,84,1.41,1207,61,21,224,1,Gearbox,135,140.34867401316976,9,88.5,315.84
13.6,16.4,38,84,84,0.56,1228,78,22,31,0,None,124,90.29405125437408,0,84.0,17.360000000000003
20.2,14.9,17,75,94,0.74,1308,70,21,103,0,None,127,64.75244319185981,-19,84.5,76.22
18.7,11.2,28,95,83,1.17,1253,67,22,226,0,None,134,67.00531176186537,12,89.0,264.41999999999996
7.2,17.3,27,95,80,1.49,1628,77,15,97,1,Gearbox,145,226.1107970683374,15,87.5,144.53
24.4,18.4,32,71,84,1.18,908,76,22,149,0,None,111,37.21309950282807,-13,77.5,175.82
9.5,16.4,17,91,83,0.55,1303,64,26,48,0,None,122,137.15775036026278,8,87.0,26.400000000000002
9.4,11.7,28,75,87,0.68,1939,67,25,231,0,None,112,206.27637630172734,-12,81.0,157.08
14.2,10.7,38,88,95,0.85,1184,72,18,160,0,None,147,83.38022297167397,-7,91.5,136.0
11.5,13.0,45,89,86,0.66,1583,80,34,165,0,None,107,137.65205421560503,3,87.5,108.9
24.7,10.4,33,90,84,0.68,1516,76,19,132,0,None,136,61.376493369840745,6,87.0,89.76
6.5,18.4,43,74,87,0.77,1438,61,27,292,0,None,107,221.2304288762633,-13,80.5,224.84
11.1,17.0,45,88,95,0.87,1034,75,22,246,0,None,139,93.15306923146916,-7,91.5,214.02
12.7,15.6,28,73,87,0.89,1819,70,28,299,0,None,104,143.22823367855617,-14,80.0,266.11
14.9,18.9,35,92,77,1.0,1524,60,24,171,0,None,121,102.28181054912044,15,84.5,171.0
5.3,11.1,21,72,93,1.43,1492,69,16,190,1,Generator,133,281.50890281339093,-21,82.5,271.7
6.6,17.1,29,93,87,1.49,1944,67,28,230,1,Gearbox,124,294.545008265139,6,90.0,342.7
10.2,11.5,17,97,78,0.52,991,62,34,149,0,None,107,97.15676749336521,19,87.5,77.48
16.1,10.6,16,79,80,0.99,1441,71,32,50,0,None,95,89.50304999810558,-1,79.5,49.5
20.4,11.3,42,93,77,1.25,1677,79,22,188,1,Blades,126,82.20584205595978,16,85.0,235.0
18.7,19.5,41,83,94,0.57,1777,77,22,97,0,None,133,95.0266871515042,-11,88.5,55.28999999999999
16.3,14.4,24,94,76,1.44,901,71,27,189,1,Gearbox,116,55.2760397079511,18,85.0,272.15999999999997
12.9,10.5,29,91,90,1.44,1650,64,19,231,1,Gearbox,143,127.90687759156776,1,90.5,332.64
22.4,15.8,30,79,82,0.71,1951,62,28,112,0,None,105,87.09817540260028,-3,80.5,79.52
14.2,12.0,31,76,77,1.29,1703,74,31,92,0,None,91,119.9294930073993,-1,76.5,118.68
11.0,10.1,19,97,84,1.08,1361,68,19,163,0,None,143,123.72716024803614,13,90.5,176.04000000000002
17.6,17.6,38,95,75,0.53,1864,70,34,264,0,None,102,105.90903073350526,20,85.0,139.92000000000002
18.8,11.5,25,90,91,0.8,1866,76,25,211,0,None,131,99.25526635358173,-1,90.5,168.8
13.0,19.4,16,80,86,0.76,1657,72,19,69,0,None,128,127.46144041427661,-6,83.0,52.44
5.6,15.9,35,85,84,1.38,1633,62,16,152,0,None,137,291.60662213103194,1,84.5,209.76
6.9,10.9,40,87,92,1.4,1279,80,21,269,1,Generator,137,185.36205019992724,-5,89.5,376.59999999999997
21.9,12.2,43,73,85,0.53,1167,63,24,176,1,Blades,110,53.28764690061786,-12,79.0,93.28
6.1,16.1,35,99,87,1.24,1593,80,25,65,0,None,136,261.14711287358546,12,93.0,80.6
16.8,13.4,21,73,91,0.62,909,70,19,158,0,None,126,54.10711065052937,-18,82.0,97.96
8.7,15.3,33,92,89,1.29,1827,77,20,106,0,None,141,209.99975862096713,3,90.5,136.74
9.6,18.0,42,85,88,1.35,1893,62,29,182,0,None,115,197.18729459656814,-3,86.5,245.70000000000002
10.5,17.9,26,93,89,0.56,1080,77,30,248,0,None,122,102.85704489805248,4,91.0,138.88000000000002
5.8,17.0,44,78,80,0.83,1530,63,17,119,0,None,124,263.7926486333645,-2,79.0,98.77
8.5,18.9,18,82,77,0.88,1096,78,28,181,0,None,103,128.94102477526496,5,79.5,159.28
18.0,12.0,37,86,87,1.46,1444,69,33,117,0,None,107,80.22217765434574,-1,86.5,170.82
15.0,11.8,19,74,79,0.87,1602,77,16,263,0,None,121,106.79992880004747,-5,76.5,228.81
20.9,18.0,39,96,76,0.76,1330,66,27,279,0,None,118,63.636333188357334,20,86.0,212.04
6.2,13.2,18,100,80,1.12,1884,74,27,255,0,None,126,303.8704776282619,20,90.0,285.6
22.8,15.1,25,83,89,0.66,1880,75,20,230,0,None,132,82.45610418591922,-6,86.0,151.8
24.9,17.4,38,81,89,1.13,1484,70,31,125,0,None,108,59.59836963920898,-8,85.0,141.25
5.3,14.0,29,88,93,0.96,1539,77,15,135,0,None,151,290.37681060979133,-5,90.5,129.6
24.4,11.3,41,91,89,1.23,903,74,34,217,1,Blades,112,37.008181554023956,2,90.0,266.90999999999997
9.7,16.8,27,96,84,1.08,1272,66,27,288,0,None,126,131.13388542898412,12,90.0,311.04
18.9,18.2,45,81,80,0.68,1737,79,25,131,0,None,111,91.90471327792949,1,80.5,89.08000000000001
10.8,10.1,16,93,90,1.44,1993,67,30,234,1,Gearbox,123,184.53686616956836,3,91.5,336.96
15.4,15.6,36,77,83,0.95,1940,75,34,38,0,None,92,125.97394417276352,-6,80.0,36.1
15.2,14.7,42,90,91,1.24,1004,74,31,30,0,None,119,66.0525881232973,-1,90.5,37.2
12.2,12.6,31,84,92,1.03,1359,63,26,42,0,None,124,111.39335131692516,-8,88.0,43.26
19.4,11.6,45,90,82,1.37,960,69,18,258,0,None,136,49.48451057499455,8,86.0,353.46000000000004
17.0,11.9,36,81,82,0.84,1821,71,23,50,0,None,117,107.11758404847997,-1,81.5,42.0
15.2,17.2,28,79,93,1.14,1703,64,32,276,0,None,108,112.03939997407898,-14,86.0,314.64
24.7,15.4,30,85,83,0.58,1914,62,32,191,0,None,104,77.48984717010237,2,84.0,110.77999999999999
23.8,19.8,41,97,89,0.58,1452,71,23,222,1,Blades,140,61.00837772757238,8,93.0,128.76
24.1,12.4,44,90,83,1.34,1014,63,24,98,1,Blades,125,42.074671338310644,7,86.5,131.32000000000002
22.6,19.6,32,88,90,1.32,1542,76,29,133,0,None,120,68.23005830528393,-2,89.0,175.56
10.1,15.2,24,92,78,0.86,1854,77,24,48,0,None,122,183.56417468893596,14,85.0,41.28
12.0,11.5,22,92,92,1.18,955,62,17,253,0,None,150,79.58326701394415,0,92.0,298.53999999999996
9.6,11.5,29,79,95,1.33,1796,74,30,216,1,Generator,114,187.08313845506413,-16,87.0,287.28000000000003
24.7,16.1,24,77,90,0.64,1586,75,28,161,0,None,111,64.2105003196355,-13,83.5,103.04
8.1,18.3,28,85,82,1.48,1045,61,19,273,0,None,129,129.01218640470816,3,83.5,404.04
12.3,17.5,40,74,86,1.39,1625,72,31,92,0,None,98,132.11371372868803,-12,80.0,127.88
9.0,16.6,29,84,88,1.19,968,72,31,95,0,None,110,107.5554360495155,-4,86.0,113.05
9.5,11.7,34,91,79,1.04,1092,70,20,88,0,None,130,114.94724742395009,12,85.0,91.52000000000001
9.9,11.1,18,70,81,1.39,964,74,18,236,0,None,115,97.37363901652624,-11,75.5,328.03999999999996
17.8,10.0,38,73,91,1.24,1543,65,19,83,0,None,126,86.6853445587952,-18,82.0,102.92
6.5,11.0,29,99,94,1.08,1217,65,25,223,0,None,143,187.2304811838751,5,96.5,240.84
16.5,17.7,26,98,80,1.39,1217,78,21,220,1,Gearbox,136,73.75753105604178,18,89.0,305.79999999999995
21.4,19.0,33,83,78,0.71,1611,74,28,53,0,None,105,75.28033865404737,5,80.5,37.629999999999995
20.3,12.4,18,88,95,0.74,1021,68,25,49,0,None,133,50.29554172633412,-7,91.5,36.26
8.0,17.9,27,75,81,1.43,1597,73,28,127,0,None,100,199.62475046906192,-6,78.0,181.60999999999999
23.3,12.0,39,80,91,0.57,1668,75,19,297,0,None,133,71.58795210817506,-11,85.5,169.29
20.4,12.5,23,94,83,0.55,1843,66,27,290,0,None,123,90.34309296907209,11,88.5,159.5
5.1,12.2,42,96,94,1.29,1639,70,33,152,0,None,124,321.37191887859046,2,95.0,196.08
19.7,10.5,33,82,87,0.91,1619,62,27,204,0,None,115,82.18269939964497,-5,84.5,185.64000000000001
19.7,11.9,31,79,83,1.42,1622,72,29,36,0,None,104,82.33498358630276,-4,81.0,51.12
14.9,13.7,27,90,79,0.8,945,74,34,108,0,None,101,63.42277622632468,11,84.5,86.4
5.9,14.1,37,92,80,0.79,1386,75,33,87,0,None,106,234.91485607651512,12,86.0,68.73
16.6,13.1,32,100,92,1.46,1506,79,19,82,1,Gearbox,154,90.72283691395366,8,96.0,119.72
20.3,15.1,39,91,76,1.05,1632,63,31,246,0,None,105,80.39404906697091,15,83.5,258.3
10.4,13.8,25,77,78,1.11,1220,61,35,245,0,None,85,117.30757951194278,-1,77.5,271.95000000000005
18.3,19.7,36,72,79,1.4,1646,79,31,117,0,None,89,89.94530604081638,-7,75.5,163.79999999999998
12.1,18.1,43,78,76,0.88,1335,73,18,167,0,None,118,110.33048733017577,2,77.0,146.96
16.5,19.3,23,77,89,0.75,1687,71,27,289,0,None,112,102.2423622773562,-12,83.0,216.75
12.7,15.6,44,73,95,1.07,1104,68,28,91,0,None,112,86.92906541018472,-22,84.0,97.37
11.1,16.8,27,83,78,0.91,1235,69,18,83,0,None,125,111.26116102598107,5,80.5,75.53
22.1,11.7,16,79,91,0.66,1945,66,26,247,0,None,118,88.00900995067423,-12,85.0,163.02
20.1,17.5,26,98,79,0.62,1734,72,33,98,0,None,111,86.26861379670954,19,88.5,60.76
11.9,12.4,19,82,94,1.23,1888,60,21,123,0,None,134,158.65532886106817,-12,88.0,151.29
13.7,11.5,24,96,85,0.53,1120,71,31,96,0,None,119,81.75176514469698,11,90.5,50.88
18.8,10.4,18,79,92,1.03,1937,61,28,229,0,None,115,103.03186008943612,-13,85.5,235.87
21.2,14.7,20,95,78,0.83,1719,74,28,67,0,None,117,81.08486741279839,17,86.5,55.61
18.7,12.9,19,84,93,0.65,1550,79,21,132,0,None,135,82.88765620980952,-9,88.5,85.8
15.8,19.9,16,71,77,1.39,914,64,30,245,0,None,88,57.848064653123636,-6,74.0,340.54999999999995
24.1,12.5,24,85,75,1.24,957,65,28,182,0,None,104,39.709527091482535,10,80.0,225.68
20.5,18.7,43,77,89,1.27,1750,71,25,271,1,Blades,116,85.36581201667707,-12,83.0,344.17
7.3,13.2,43,79,77,0.94,1636,70,25,197,0,None,106,224.1092820420794,2,78.0,185.17999999999998
16.2,17.5,40,91,92,1.15,1135,76,21,247,0,None,141,70.06168514710794,-1,91.5,284.04999999999995
13.2,16.6,15,86,87,0.59,1385,63,19,154,0,None,135,104.92416293624021,-1,86.5,90.86
20.9,15.6,16,97,82,0.64,1622,71,30,181,0,None,119,77.6076183695606,15,89.5,115.84
5.9,14.2,15,98,81,0.82,917,78,19,297,0,None,141,155.42346538395697,17,89.5,243.54
13.2,16.7,26,91,77,0.96,1645,73,18,260,0,None,132,124.62111771127447,14,84.0,249.6
11.4,14.1,44,96,89,0.59,1342,65,32,142,0,None,121,117.7191949831623,7,92.5,83.78
7.8,15.5,42,76,93,1.06,1004,61,17,109,0,None,135,128.7177836951491,-17,84.5,115.54
12.6,15.9,23,72,90,0.74,1080,68,18,95,0,None,126,85.71421768712882,-18,81.0,70.3
18.5,12.7,27,80,87,1.27,1369,69,17,254,0,None,133,73.99996000002162,-7,83.5,322.58
12.2,13.4,40,80,77,0.5,1589,63,34,211,0,None,89,130.24579488049602,3,78.5,105.5
16.6,10.2,38,90,92,1.37,1279,70,17,85,1,Generator,148,77.04814635653834,-2,91.0,116.45
16.9,18.5,19,95,94,1.23,1021,74,15,172,0,None,159,60.414165435405074,1,94.5,211.56
16.7,17.6,18,79,80,1.05,1809,70,27,176,0,None,105,108.32328842916861,-1,79.5,184.8
15.6,11.8,31,83,83,1.24,1450,65,29,88,0,None,108,92.94865836624464,0,83.0,109.12
7.3,13.6,18,73,75,0.86,1211,79,19,212,0,None,110,165.89018371207712,-2,74.0,182.32
9.4,14.2,40,82,92,0.66,1652,62,22,243,0,None,130,175.7444938888363,-10,87.0,160.38
21.0,13.3,23,76,75,0.51,1270,72,21,258,0,None,109,60.47616167801825,1,75.5,131.58
15.0,18.0,21,81,85,1.05,1298,75,29,80,0,None,108,86.5332756444829,-4,83.0,84.0
19.1,17.3,21,78,87,0.79,1205,65,23,220,0,None,119,63.08897220472659,-9,82.5,173.8
16.4,17.7,16,94,76,0.71,1297,68,26,80,0,None,118,79.08531763090389,18,85.0,56.8
5.8,19.0,34,70,79,1.37,1189,69,31,285,0,None,87,204.99964655233356,-9,74.5,390.45000000000005
20.9,16.0,20,80,91,1.23,1981,73,25,266,0,None,121,94.78464364371118,-11,85.5,327.18
6.3,16.1,22,99,80,1.49,1183,70,30,258,1,Gearbox,119,187.77747971828617,19,89.5,384.42
23.9,17.2,38,90,89,1.16,1612,64,26,238,0,None,127,67.44767052398723,1,89.5,276.08
9.3,16.8,17,93,90,1.4,1111,78,29,116,1,Gearbox,125,119.46223713737942,3,91.5,162.39999999999998
15.2,18.7,21,96,83,0.62,1512,67,17,113,0,None,145,99.47361876735609,13,89.5,70.06
6.3,17.7,19,81,76,1.22,1460,68,35,65,0,None,87,231.74566389577163,5,78.5,79.3
22.9,11.2,15,72,75,0.59,1509,76,17,104,0,None,113,65.8951677313678,-3,73.5,61.36
24.6,19.3,31,82,85,0.59,1292,71,28,90,0,None,111,52.52030385353502,-3,83.5,53.099999999999994
7.9,16.8,21,90,76,1.36,1858,65,15,30,0,None,136,235.18957570939784,14,83.0,40.800000000000004
10.9,11.3,34,81,90,0.86,1228,78,25,160,0,None,121,112.66044710050724,-9,85.5,137.6
5.3,17.7,30,83,83,0.82,1859,76,17,205,0,None,132,350.754055181028,0,83.0,168.1
20.7,13.6,35,95,89,0.68,1347,72,17,112,0,None,150,65.0724323321583,6,92.0,76.16000000000001
11.2,18.1,44,71,83,0.98,1618,70,21,100,0,None,112,144.4641567284315,-12,77.0,98.0
16.8,19.6,22,80,88,0.7,911,74,20,204,0,None,128,54.22615819871535,-8,84.0,142.79999999999998
5.8,12.6,35,85,92,1.04,1385,67,18,265,0,None,141,238.79269173673842,-7,88.5,275.6
19.3,18.6,40,79,93,1.16,1615,74,27,295,0,None,118,83.67871311983777,-14,86.0,342.2
15.6,17.7,44,83,75,1.15,1227,61,33,258,0,None,92,78.65379573474632,8,79.0,296.7
19.5,16.7,34,82,88,0.86,1254,68,33,228,0,None,104,64.30765932940547,-6,85.0,196.07999999999998
20.8,13.8,19,98,86,1.2,1337,72,21,230,0,None,142,64.2788152505696,12,92.0,276.0
6.8,11.1,17,85,88,0.77,1196,72,32,250,0,None,109,175.88209429103782,-3,86.5,192.5
16.6,14.8,23,84,76,1.31,1563,61,34,179,0,None,92,94.15656978519893,8,80.0,234.49
18.0,11.1,43,78,76,0.5,954,74,21,194,0,None,112,52.99997055557191,2,77.0,97.0
15.3,15.0,31,71,85,1.47,1814,62,34,150,0,None,88,118.56201401175555,-14,78.0,220.5
8.6,18.2,32,79,76,0.93,1956,75,24,140,0,None,107,227.4415959981442,3,77.5,130.20000000000002
20.9,20.0,33,71,91,0.83,1082,78,24,51,0,None,114,51.77031015774634,-20,81.0,42.33
24.9,12.0,25,95,90,1.12,1148,80,25,199,0,None,135,46.10439915485978,5,92.5,222.88000000000002
24.4,12.1,20,76,77,1.38,1944,72,30,173,0,None,93,79.67209849504161,-1,76.5,238.73999999999998
20.6,18.1,44,97,84,0.85,1081,74,20,96,1,Blades,141,52.475702681697726,13,90.5,81.6
13.4,14.7,38,97,87,0.57,1017,65,20,277,0,None,144,75.89546574965243,10,92.0,157.89
11.7,19.2,30,90,92,0.85,1773,67,28,104,0,None,126,151.53833201851967,-2,91.0,88.39999999999999
6.4,17.7,26,96,95,0.51,1645,60,26,254,0,None,139,257.03084838929936,1,95.5,129.54
13.3,17.4,29,96,75,0.69,1648,76,16,137,0,None,139,123.90968127091634,21,85.5,94.52999999999999
8.1,11.0,16,93,85,0.55,1149,74,33,244,0,None,112,141.85167672632505,8,89.0,134.20000000000002
10.1,10.4,22,85,91,0.89,1314,65,21,259,0,None,134,130.09888109021676,-6,88.0,230.51
22.8,13.2,23,99,91,0.56,1075,70,30,93,0,None,130,47.14910212758679,8,95.0,52.080000000000005
24.4,12.2,28,95,86,1.48,1078,75,27,106,1,Gearbox,127,44.180309762168136,9,90.5,156.88
24.0,17.1,22,74,79,1.28,1445,73,26,135,0,None,101,60.20830824653823,-5,76.5,172.8
8.9,14.5,21,83,86,0.92,1640,66,32,287,0,None,105,184.26945587701587,-3,84.5,264.04
23.0,15.2,38,86,83,1.29,1253,67,33,92,0,None,103,54.478237183375136,3,84.5,118.68
7.8,18.1,42,86,83,0.92,1423,63,26,137,0,None,117,182.4356635440211,3,84.5,126.04
15.2,14.8,17,81,82,1.15,1283,63,24,118,0,None,115,84.40783920536894,-1,81.5,135.7
17.9,15.4,21,86,78,1.32,1906,68,27,232,0,None,110,106.48038744112435,8,82.0,306.24
14.2,18.4,38,73,90,1.18,1674,70,17,40,0,None,129,117.88724092447823,-17,81.5,47.199999999999996
24.0,14.3,39,90,89,0.58,1588,79,23,225,0,None,133,66.16663909723371,1,89.5,130.5
11.7,10.8,30,85,86,0.54,1703,70,28,155,0,None,115,145.55543114920417,-1,85.5,83.7
15.5,15.2,36,94,82,1.07,1195,64,30,86,0,None,116,77.09672445372617,12,88.0,92.02000000000001
6.5,15.8,17,91,91,0.7,1923,63,29,56,0,None,124,295.8456986989251,0,91.0,39.199999999999996
22.0,15.1,40,73,78,1.48,1119,67,18,227,0,None,115,50.86361324381216,-5,75.5,335.96
13.3,12.6,40,81,84,0.52,1052,78,27,129,0,None,111,79.09768488895872,-3,82.5,67.08
19.0,12.2,36,92,88,1.25,1897,76,17,248,0,None,146,99.8420527147091,4,90.0,310.0
18.6,13.7,42,80,91,0.54,1186,70,27,232,0,None,117,63.763406578813665,-11,85.5,125.28
18.5,11.7,16,87,88,1.11,1833,79,30,67,0,None,115,99.08102752376891,-1,87.5,74.37
15.1,16.7,22,99,77,0.92,1227,64,28,38,0,None,120,81.25822433230177,22,88.0,34.96
10.6,16.1,26,72,77,1.13,1224,69,27,94,0,None,95,115.47158917774607,-5,74.5,106.21999999999998
17.5,16.3,20,76,76,1.26,1954,60,28,83,0,None,96,111.65707905309769,0,76.0,104.58
24.2,12.2,39,84,86,0.53,1962,77,23,213,0,None,124,81.07434666349312,-2,85.0,112.89
21.7,12.5,38,92,80,1.02,1958,63,23,140,0,None,126,90.23037316572666,12,86.0,142.8
7.2,17.9,38,80,78,1.44,1051,79,24,237,0,None,110,145.97201948330627,2,79.0,341.28
5.5,16.9,24,74,77,0.72,1529,70,19,152,0,None,113,277.99949454637357,-3,75.5,109.44
15.0,18.8,38,79,88,0.58,940,80,24,67,0,None,119,62.66662488891674,-9,83.5,38.86
20.5,14.0,19,89,90,1.27,1655,71,33,92,0,None,113,80.73166793577174,-1,89.5,116.84
11.3,15.5,18,94,92,1.24,1638,69,21,30,0,None,144,144.95562393307617,2,93.0,37.2
19.0,17.4,33,99,87,0.89,1992,69,24,286,0,None,138,104.84205008313154,12,93.0,254.54
23.6,19.7,16,93,82,1.33,1866,77,28,167,1,Gearbox,119,79.06776310688004,11,87.5,222.11
14.2,19.9,43,85,84,1.04,1140,67,30,35,0,None,109,80.28163360448339,1,84.5,36.4
9.9,20.0,25,79,88,0.98,1388,77,15,181,0,None,137,140.20187858396102,-9,83.5,177.38
23.4,18.9,29,98,89,1.32,1183,78,28,294,1,Gearbox,131,50.55553395062652,9,93.5,388.08000000000004
14.4,16.4,39,86,88,0.6,953,66,18,190,0,None,138,66.18050959686833,-2,87.0,114.0
13.2,10.1,27,91,94,0.72,1321,79,30,44,0,None,125,100.07568176084716,-3,92.5,31.68
12.1,17.0,28,84,90,0.94,1018,64,18,67,0,None,138,84.13216187424639,-6,87.0,62.98
13.5,12.4,25,77,90,0.59,1741,77,30,39,0,None,107,128.96286743491302,-13,83.5,23.009999999999998
18.5,10.6,26,86,91,1.5,1328,63,34,175,1,Generator,109,71.78374498175947,-5,88.5,262.5
13.7,17.0,29,95,84,0.81,934,74,19,55,0,None,141,68.17513271888123,11,89.5,44.550000000000004
11.5,17.6,43,81,80,1.45,1198,80,15,289,0,None,131,104.1738224575457,1,80.5,419.05
19.9,16.6,43,90,91,0.97,1266,62,17,198,0,None,147,63.6180584833877,-1,90.5,192.06
9.1,13.7,31,71,84,1.42,1399,64,33,264,0,None,89,153.73609479550024,-13,77.5,374.88
9.0,15.1,29,98,87,0.94,1649,67,24,229,0,None,137,183.2220186422015,11,92.5,215.26
18.9,19.3,39,99,84,1.31,1767,67,26,268,1,Gearbox,131,93.49201402538941,15,91.5,351.08000000000004
22.3,17.3,35,82,83,1.25,1984,64,18,162,0,None,129,88.96856996925113,-1,82.5,202.5
9.8,15.0,41,85,88,1.45,1840,70,35,33,0,None,103,187.754910454173,-3,86.5,47.85
8.8,15.9,37,75,88,1.14,1403,76,19,37,0,None,125,159.4316370095034,-13,81.5,42.18
18.4,19.3,44,76,81,0.73,1016,76,27,31,0,None,103,55.217361294912344,-5,78.5,22.63
17.4,13.9,42,88,79,1.04,1630,69,26,273,0,None,115,93.67810708154767,9,83.5,283.92
13.9,11.0,41,89,78,0.65,1365,66,16,164,0,None,135,98.20136820045454,11,83.5,106.60000000000001
6.9,13.3,27,80,77,0.83,1346,65,35,181,0,None,87,195.07218105481007,3,78.5,150.23
6.8,14.2,27,81,91,1.29,1272,74,26,147,0,None,120,187.05854844331114,-10,86.0,189.63
20.5,12.7,37,85,81,0.51,1086,62,18,292,0,None,130,52.97558391434931,4,83.0,148.92000000000002
14.0,15.3,18,98,89,1.12,998,71,30,129,0,None,127,71.28566336738331,9,93.5,144.48000000000002
22.2,13.0,25,74,81,1.19,1801,71,23,286,0,None,109,81.12608958284254,-7,77.5,340.34
16.5,11.0,43,87,88,1.4,1103,62,28,269,0,None,119,66.84844433427617,-1,87.5,376.59999999999997
17.4,11.9,29,72,95,1.26,1670,69,19,93,0,None,129,95.97695633508258,-23,83.5,117.18
23.7,19.2,23,84,76,0.9,1699,65,33,87,0,None,94,71.68773346509137,8,80.0,78.3
8.3,16.3,29,82,88,1.27,1238,63,16,99,0,None,138,149.1564467994617,-6,85.0,125.73
15.9,13.1,24,75,81,1.13,1512,62,15,119,0,None,126,95.09427981491835,-6,78.0,134.47
6.2,13.7,38,75,77,1.09,1682,64,32,219,0,None,88,271.2898850163145,-2,76.0,238.71
12.2,14.9,41,84,77,0.57,1048,73,26,197,0,None,109,85.90156893314023,7,80.5,112.28999999999999
8.0,16.7,38,74,82,1.04,1086,75,22,133,0,None,112,135.7498303127121,-8,78.0,138.32
8.8,15.8,19,79,86,1.37,1689,65,18,95,0,None,129,191.93160007772718,-7,82.5,130.15
23.7,19.3,25,72,88,0.94,1208,71,16,138,0,None,128,50.970442628505225,-16,80.0,129.72
17.2,16.3,21,79,86,1.2,1018,67,21,81,0,None,123,59.18601210115576,-7,82.5,97.2
22.8,19.1,16,86,93,1.4,1472,71,31,282,1,Generator,117,64.5613751923793,-7,89.5,394.79999999999995
13.9,10.1,37,92,78,1.03,1787,65,19,154,0,None,132,128.5610585891665,14,85.0,158.62
17.0,18.9,28,95,92,0.59,1237,61,35,82,0,None,117,72.76466307960996,3,93.5,48.379999999999995
5.6,17.2,23,80,86,0.55,1187,67,31,237,0,None,104,211.96390720730858,-6,83.0,130.35000000000002
14.4,11.7,24,98,92,1.3,1129,63,15,248,0,None,160,78.40272333144213,6,95.0,322.40000000000003
16.3,12.6,19,77,84,0.53,1424,75,26,86,0,None,109,87.36190959392049,-7,80.5,45.580000000000005
5.3,15.4,40,72,85,1.5,1530,75,23,115,0,None,111,288.6787006062253,-13,78.5,172.5
20.8,11.2,19,98,83,0.63,1048,61,24,33,0,None,133,50.38459116125425,15,90.5,20.79
10.9,17.9,25,86,77,1.28,1782,68,24,203,0,None,115,163.4860885448729,9,81.5,259.84000000000003
14.0,17.9,15,81,78,1.37,1483,62,32,139,0,None,95,105.92849576536017,3,79.5,190.43
15.7,13.0,28,97,85,0.81,1519,74,29,236,0,None,124,96.75153073150909,12,91.0,191.16000000000003
24.8,10.7,26,93,86,1.04,1029,60,21,256,0,None,137,41.49191875325857,7,89.5,266.24
7.0,19.9,37,95,84,1.45,1586,69,25,179,1,Gearbox,129,226.5711048984216,11,89.5,259.55
16.1,12.5,36,79,75,1.46,1646,63,25,93,0,None,104,102.23596134412338,4,77.0,135.78
15.6,10.7,16,96,85,1.43,1344,73,21,96,1,Gearbox,139,86.1537909270571,11,90.5,137.28
6.4,13.3,18,89,78,0.77,1559,64,27,210,0,None,113,243.59336938536035,11,83.5,161.70000000000002
17.7,19.7,42,92,86,0.56,1157,68,28,256,0,None,122,65.3671947077996,6,89.0,143.36
10.7,17.9,39,79,81,0.6,1603,60,17,272,0,None,126,149.81294410005225,-2,80.0,163.2
7.1,14.8,27,77,95,0.64,1486,80,17,119,0,None,138,209.29547986552134,-18,86.0,76.16
8.6,13.1,20,82,82,1.17,1541,75,16,205,0,None,132,179.18583815600215,0,82.0,239.85
21.5,14.2,23,87,91,1.3,1177,63,27,142,0,None,124,54.744160584111356,-4,89.0,184.6
7.1,10.2,35,90,80,0.55,1768,69,35,100,0,None,100,249.01373378347358,10,85.0,55.00000000000001
14.3,17.2,43,85,79,1.39,1809,70,33,236,0,None,98,126.5034080395748,6,82.0,328.03999999999996
8.9,11.0,33,91,79,1.25,1015,65,24,268,0,None,122,114.04481567998238,12,85.0,335.0
8.2,15.2,16,91,82,1.03,1854,62,21,159,0,None,131,226.09728524721314,9,86.5,163.77
9.1,15.7,35,90,92,1.49,1753,71,30,213,1,Generator,122,192.6371509481858,-2,91.0,317.37
14.9,10.0,43,78,90,0.77,1509,77,22,167,0,None,124,101.27509981536924,-12,84.0,128.59
9.8,19.8,26,83,84,0.72,961,71,16,145,0,None,135,98.06112442742405,-1,83.5,104.39999999999999
6.9,13.0,43,93,79,0.83,1476,73,25,75,0,None,122,213.9127334598066,14,86.0,62.25
21.0,10.8,35,97,76,1.03,1415,72,21,95,0,None,131,67.38092029479986,21,86.5,97.85000000000001
15.8,18.5,21,85,87,0.89,1146,69,16,39,0,None,140,72.53159966354451,-2,86.0,34.71
8.1,11.5,19,100,89,1.33,1817,63,30,216,1,Gearbox,129,224.32071071517197,11,94.5,287.28000000000003
14.4,10.2,20,75,87,1.39,1253,64,26,134,0,None,110,87.01382846261912,-12,81.0,186.26
6.4,14.9,36,77,85,1.47,1538,67,22,50,0,None,118,240.31212451230545,-8,81.0,73.5
16.6,11.3,33,84,94,1.32,1396,66,23,121,1,Generator,132,84.09633488172597,-10,89.0,159.72
11.8,19.8,29,85,75,1.11,1866,70,17,288,0,None,126,158.13545920723794,10,80.0,319.68
7.1,10.1,23,83,95,1.11,1451,68,17,226,0,None,144,204.36590934378967,-12,89.0,250.86
8.7,10.5,42,83,81,0.69,1206,73,23,157,0,None,118,138.62053032122952,2,82.0,108.33
11.9,18.3,21,85,83,0.76,1694,77,18,212,0,None,132,142.3528215522508,2,84.0,161.12
21.1,12.4,24,80,90,1.5,1744,61,19,98,0,None,132,82.65398926351219,-10,85.0,147.0
8.5,19.1,17,74,80,0.76,1928,69,22,155,0,None,110,226.8232625608676,-6,77.0,117.8
7.2,13.1,23,99,89,0.97,1721,64,25,245,0,None,138,239.0274457952142,10,94.0,237.65
15.3,10.7,43,94,82,0.89,955,78,26,275,0,None,124,62.4182598573465,12,88.0,244.75
16.2,10.1,21,94,94,1.19,1812,71,25,148,0,None,138,111.85178280754148,0,94.0,176.12
6.8,12.8,21,81,78,0.84,1431,78,16,282,0,None,127,210.44086699872503,3,79.5,236.88
10.7,14.7,33,82,94,1.18,1061,73,17,284,0,None,142,99.15878583291045,-12,88.0,335.12
10.3,10.0,32,98,91,1.46,1976,63,19,235,1,Gearbox,151,191.84447393740393,7,94.5,343.09999999999997
8.7,15.8,20,99,78,0.75,1615,77,33,134,0,None,111,185.63197053796492,21,88.5,100.5
11.3,13.3,20,98,83,0.87,1882,66,17,80,0,None,147,166.5485251782963,15,90.5,69.6
5.7,13.9,19,89,77,0.84,1095,75,29,56,0,None,108,192.10492613170854,12,83.0,47.04
18.0,12.6,41,77,87,0.8,1754,70,31,116,0,None,102,97.44439030867206,-10,82.0,92.80000000000001
24.8,15.3,35,88,94,0.77,1556,75,17,131,0,None,148,62.74191018471363,-6,91.0,100.87
17.7,12.3,44,88,77,1.13,1325,71,27,161,0,None,111,74.85871476908771,11,82.5,181.92999999999998
12.2,11.3,20,97,80,1.05,1135,79,30,140,0,None,117,93.03271062892573,17,88.5,147.0
18.4,18.9,29,79,90,1.01,1275,70,31,42,0,None,107,69.29344060139098,-11,84.5,42.42
16.4,13.9,37,76,84,1.3,1487,61,16,189,0,None,128,90.67067642031927,-8,80.0,245.70000000000002
21.9,10.8,21,78,82,0.65,1706,69,26,272,0,None,108,77.89950780844393,-4,80.0,176.8
17.4,12.3,36,77,87,0.67,1380,79,19,98,0,None,126,79.31029924695446,-10,82.0,65.66000000000001
17.7,13.1,29,89,81,1.01,1332,76,33,89,0,None,104,75.25419477164138,8,85.0,89.89
9.4,17.7,28,94,82,0.85,909,73,24,133,0,None,128,96.70202478508001,12,88.0,113.05
13.3,10.2,34,81,91,0.67,1944,63,23,270,0,None,126,146.16530363511004,-10,86.0,180.9
11.9,14.8,29,75,83,1.19,1748,64,19,47,0,None,120,146.8906328650144,-8,79.0,55.93
5.2,14.1,40,80,89,1.0,1995,74,19,293,0,None,131,383.65310835940704,-9,84.5,293.0
11.3,19.7,43,86,78,0.7,1912,75,35,235,0,None,94,169.2033900854955,8,82.0,164.5
14.7,11.8,33,90,83,0.76,1849,67,16,47,0,None,141,125.78222735902902,7,86.5,35.72
17.0,16.3,24,86,86,1.22,964,80,16,292,0,None,140,56.70584899655942,0,86.0,356.24
23.7,12.0,38,78,80,0.83,1577,74,20,239,0,None,118,66.54005631221253,-2,79.0,198.37
9.8,15.5,20,98,83,0.7,1148,78,22,283,0,None,137,117.14273760945142,15,90.5,198.1
8.0,15.6,18,83,90,1.47,1870,61,23,172,0,None,127,233.74970781286524,-7,86.5,252.84
22.4,10.8,31,84,78,0.59,1802,72,19,31,0,None,124,80.44639265786043,6,81.0,18.29
23.8,14.6,34,99,85,0.65,1087,75,34,122,0,None,116,45.67224971754214,14,92.0,79.3
14.8,14.6,40,96,80,1.22,1765,76,33,150,0,None,110,119.2566761779215,16,88.0,183.0
7.3,13.2,44,94,83,0.93,1986,73,25,119,0,None,127,272.0544218432578,11,88.5,110.67
14.7,12.8,41,75,83,1.25,1293,72,30,93,0,None,98,87.95912383733074,-8,79.0,116.25
7.2,12.2,45,95,88,1.05,1302,75,19,194,0,None,145,180.83308217627476,7,91.5,203.70000000000002
22.7,10.1,29,84,90,0.54,928,61,32,58,0,None,110,40.88103925945407,-6,87.0,31.32
19.2,10.0,24,76,85,1.18,1700,75,23,188,0,None,115,88.5416205512393,-9,80.5,221.83999999999997
9.8,15.9,29,100,78,1.31,1810,67,18,68,1,Gearbox,142,184.69368908807235,22,89.0,89.08
22.7,12.9,34,75,92,1.05,951,75,31,156,0,None,105,41.89425467213451,-17,83.5,163.8
17.8,11.7,30,98,79,0.81,1940,76,25,270,0,None,127,108.9887028153355,19,88.5,218.70000000000002
24.1,16.8,34,70,87,0.52,981,66,27,196,0,None,103,40.70537730067332,-17,78.5,101.92
24.6,15.3,42,83,86,1.41,1526,74,33,245,1,Blades,103,62.03249510874182,-3,84.5,345.45
5.1,19.1,20,71,81,1.21,1920,67,26,217,0,None,100,376.46985005911756,-10,76.0,262.57
7.4,18.3,19,97,94,0.54,1921,74,20,76,0,None,151,259.59424379156246,3,95.5,41.040000000000006
15.9,17.3,30,74,89,1.34,1047,64,22,213,0,None,119,65.84901518929863,-15,81.5,285.42
24.1,11.3,44,90,84,0.55,1968,62,32,179,1,Blades,110,81.65971715364434,6,87.0,98.45
24.9,16.7,17,89,84,1.21,1197,72,31,290,0,None,111,48.07226985049404,5,86.5,350.9
16.3,16.9,45,93,77,1.19,1276,64,30,107,0,None,110,78.28216056309168,16,85.0,127.33
8.5,17.6,44,92,91,1.42,1643,78,18,108,1,Gearbox,147,193.29389024248206,1,91.5,153.35999999999999
8.3,12.6,24,71,77,0.67,1023,63,19,201,0,None,110,123.2528635507668,-6,74.0,134.67000000000002
20.3,16.4,42,82,79,1.07,1488,72,29,290,1,Blades,103,73.30045650223818,3,80.5,310.3
16.8,16.2,15,80,78,1.04,1798,74,21,51,0,None,116,107.02374581919892,2,79.0,53.04
16.0,13.9,29,99,76,0.53,1446,60,29,68,0,None,117,90.3749435156603,23,87.5,36.04
14.3,16.6,27,93,92,1.14,967,77,29,178,0,None,127,67.62233033403473,1,92.5,202.92
19.5,10.9,42,91,93,0.75,1786,75,27,146,0,None,130,91.5896966206684,-2,92.0,109.5
22.2,16.4,29,83,88,0.83,1164,75,35,204,0,None,101,52.432408814230264,-5,85.5,169.32
11.1,16.1,28,97,93,0.74,1786,61,32,244,0,None,126,160.90075594526493,4,95.0,180.56
9.4,12.1,34,71,89,0.56,1932,67,17,85,0,None,126,205.53169624287634,-18,80.0,47.6
18.4,18.2,26,77,89,0.67,1730,73,30,98,0,None,106,94.0216880316913,-12,83.0,65.66000000000001
23.3,18.7,31,91,93,0.71,936,65,32,186,0,None,120,40.171656578688165,-2,92.0,132.06
12.0,12.1,44,85,77,1.08,1625,77,32,130,0,None,98,135.41655381953848,8,81.0,140.4
10.4,10.8,21,86,76,0.63,1199,68,25,192,0,None,112,115.28835068427819,10,81.0,120.96000000000001
9.5,16.0,29,82,76,1.42,1119,76,32,283,0,None,94,117.78934969542138,6,79.0,401.85999999999996
10.1,14.8,15,75,83,0.73,1737,78,32,97,0,None,94,171.9800277425468,-8,79.0,70.81
7.7,14.3,40,75,94,1.15,1218,70,26,55,0,None,117,158.18161275115227,-19,84.5,63.24999999999999
16.9,17.6,18,79,92,0.66,1058,65,26,281,0,None,119,62.60351325235903,-13,85.5,185.46
10.6,19.7,18,84,91,1.3,1088,68,27,131,0,None,121,102.64141260244095,-7,87.5,170.3
17.3,14.8,41,95,83,0.57,1645,70,18,204,0,None,142,95.0866502389305,12,89.0,116.27999999999999
6.7,10.1,27,83,91,1.24,1403,69,30,161,0,None,114,209.4026725333246,-8,87.0,199.64
7.3,16.0,36,97,79,0.89,1129,60,33,278,0,None,110,154.6573223872296,18,88.0,247.42000000000002
15.7,16.5,41,74,87,0.97,988,62,26,45,0,None,109,62.92989622299604,-13,80.5,43.65
15.2,18.3,26,78,90,0.87,1931,69,30,177,0,None,108,127.03939010566441,-12,84.0,153.99
10.4,12.0,23,72,77,0.9,1997,69,25,147,0,None,99,192.01904613553256,-5,74.5,132.3
21.5,15.2,20,85,92,0.51,1334,78,26,275,0,None,125,62.046482769077784,-7,88.5,140.25
8.7,14.5,33,73,90,0.53,1174,66,27,82,0,None,109,134.9423736294556,-17,81.5,43.46
12.2,16.6,23,94,86,1.29,946,80,20,121,0,None,140,77.5409200484262,8,90.0,156.09
16.1,10.6,34,71,76,0.71,1238,79,30,162,0,None,87,76.89436217741479,-5,73.5,115.02
22.3,18.8,25,84,89,1.11,1541,64,23,207,0,None,127,69.1031080255121,-5,86.5,229.77
13.4,15.1,25,83,84,1.15,1477,60,16,75,0,None,135,110.223798340449,-1,83.5,86.25
13.0,18.8,22,76,90,1.2,1352,64,25,44,0,None,116,103.99992000006154,-14,83.0,52.8
16.6,13.4,28,88,76,1.1,1298,68,17,85,0,None,130,78.19272398028676,12,82.0,93.50000000000001
11.3,16.5,20,82,86,1.13,1976,67,31,93,0,None,106,174.86710188752045,-4,84.0,105.08999999999999
19.2,19.6,25,76,84,1.08,1450,69,18,105,0,None,124,75.52079399958646,-8,80.0,113.4
10.0,19.4,38,95,84,1.43,910,74,33,294,1,Gearbox,113,90.99990900009101,11,89.5,420.41999999999996
21.5,19.4,21,90,85,1.16,1669,70,33,193,0,None,109,77.62787087075773,5,87.5,223.88
10.4,10.4,43,70,77,0.85,1542,67,33,162,0,None,81,148.2690882027998,-7,73.5,137.7
24.9,14.0,30,85,94,0.86,1074,74,21,186,0,None,137,43.13251279818763,-9,89.5,159.96
11.3,10.6,18,78,89,0.58,1679,67,21,253,0,None,125,148.5839393062484,-11,83.5,146.73999999999998
22.6,13.1,43,97,77,1.49,922,67,22,155,1,Gearbox,130,40.79644212546808,20,87.0,230.95
12.9,11.7,29,92,77,1.39,1698,67,33,224,1,Gearbox,103,131.6278049396861,15,84.5,311.35999999999996
9.9,16.2,32,88,79,0.54,1064,66,23,127,0,None,121,107.47463891450614,9,83.5,68.58
9.5,17.8,21,73,80,1.36,1983,74,26,124,0,None,101,208.73662238250276,-7,76.5,168.64000000000001
22.0,15.1,25,98,85,0.64,1463,63,34,242,0,None,115,66.49996977274101,13,91.5,154.88
11.2,18.0,36,74,86,0.74,912,75,29,137,0,None,102,81.42849872455471,-12,80.0,101.38
11.8,10.1,19,84,78,1.18,1822,78,31,204,0,None,100,154.40664880792474,6,81.0,240.72
8.9,18.2,32,90,94,1.23,1807,66,24,138,0,None,136,203.0334797376632,-4,92.0,169.74
24.2,11.8,36,85,91,1.01,1740,74,30,89,0,None,116,71.90079673520796,-6,88.0,89.89
9.9,14.6,15,96,88,1.47,1492,72,31,39,1,Gearbox,122,150.7069184778601,8,92.0,57.33
9.9,14.4,40,95,81,0.99,1140,66,29,191,0,None,118,115.15139883697087,14,88.0,189.09
23.9,18.7,17,74,93,0.76,1604,65,35,154,0,None,97,67.11294263056794,-19,83.5,117.04
23.0,19.7,22,89,81,0.51,1833,79,17,42,0,None,136,79.69561752364456,8,85.0,21.42
10.0,12.6,44,72,81,1.37,1442,74,32,281,0,None,89,144.1998558001442,-9,76.5,384.97
22.3,10.7,17,92,82,0.9,974,73,19,125,0,None,136,43.67711045869486,10,87.0,112.5
10.0,16.5,40,92,76,1.28,1973,80,28,214,0,None,112,197.29980270019732,16,84.0,273.92
6.7,15.0,35,80,76,1.27,1644,67,31,119,0,None,94,245.37276810034612,4,78.0,151.13
21.4,15.7,33,94,85,0.54,1980,65,28,181,0,None,123,92.52332125078448,9,89.5,97.74000000000001
20.4,10.5,32,90,93,1.32,1106,67,20,204,1,Generator,143,54.21565969820603,-3,91.5,269.28000000000003
10.9,17.8,20,85,94,0.79,1124,63,21,130,0,None,137,103.11917145030142,-9,89.5,102.7
6.8,12.3,35,84,91,1.34,1011,78,27,41,1,Generator,121,148.67625194668832,-7,87.5,54.940000000000005
9.1,13.3,44,73,83,0.99,1132,74,33,212,0,None,90,124.39546769728825,-10,78.0,209.88
20.4,12.3,17,86,81,1.09,1019,72,28,137,0,None,111,49.95095590639417,5,83.5,149.33
24.3,19.5,25,75,79,0.6,1200,76,23,103,0,None,108,49.38269572728571,-4,77.0,61.8
10.2,11.7,29,90,86,0.88,1538,70,32,203,0,None,112,150.7841658978766,4,88.0,178.64000000000001
21.4,17.3,22,88,85,1.47,1802,64,21,255,0,None,131,84.2055681282392,3,86.5,374.84999999999997
9.6,12.5,37,79,84,1.43,1006,63,26,114,0,None,111,104.79155750879427,-5,81.5,163.01999999999998
18.6,14.2,36,77,81,1.49,1073,70,21,122,0,None,116,57.688141027881166,-4,79.0,181.78
6.7,20.0,19,84,87,1.01,1219,76,31,192,0,None,109,181.94002695518367,-3,85.5,193.92000000000002
16.7,11.0,32,85,87,1.32,1278,64,19,272,0,None,134,76.52690028329324,-2,86.0,359.04
10.4,18.8,26,94,93,0.96,1878,74,28,294,0,None,131,180.57674944543322,1,93.5,282.24
23.5,19.5,22,79,90,1.44,1149,65,28,260,0,None,113,48.89359621549097,-11,84.5,374.4
10.8,17.0,40,82,82,1.49,1041,69,34,85,0,None,96,96.38879964000033,0,82.0,126.65
13.0,10.1,17,80,83,1.38,1861,61,24,33,0,None,115,143.15373603558766,-3,81.5,45.54
21.8,18.2,29,82,80,1.12,1871,70,25,34,0,None,112,85.82564870383086,2,81.0,38.080000000000005
13.8,18.8,29,87,78,1.49,1764,63,27,35,0,None,111,127.82599432898961,9,82.5,52.15
9.8,19.8,32,87,77,1.48,1319,77,18,190,0,None,128,134.5916993962251,10,82.0,281.2
16.0,18.4,21,81,76,0.98,1904,79,24,227,0,None,109,118.99992562504649,5,78.5,222.46
21.8,14.5,41,88,83,0.8,1383,62,18,32,1,Blades,135,63.440337871404644,5,85.5,25.6
13.7,16.9,44,88,94,0.69,1771,71,31,212,0,None,120,129.2699786350521,-6,91.0,146.28
7.7,14.9,31,86,86,1.18,1378,74,22,170,0,None,128,178.9608065444071,0,86.0,200.6
12.7,13.5,23,84,90,0.53,1430,61,24,60,0,None,126,112.59833653674289,-6,87.0,31.8
24.1,16.3,41,72,83,1.26,1846,71,21,105,1,Blades,113,76.59747859025784,-11,77.5,132.3
6.4,17.7,45,86,83,0.55,901,79,20,215,0,None,129,140.7810300296406,3,84.5,118.25000000000001
13.2,16.4,37,91,78,0.77,1201,71,35,270,0,None,99,90.98477955698519,13,84.5,207.9
18.0,18.3,25,76,81,1.0,1608,72,32,293,0,None,93,89.33328370373128,-5,78.5,293.0
6.6,11.8,22,93,94,0.6,1914,67,24,95,0,None,139,289.9995606067264,-1,93.5,57.0
11.9,13.7,20,88,85,0.54,914,72,32,292,0,None,109,76.80665814566542,3,86.5,157.68
23.8,13.1,22,77,79,0.98,1411,78,29,80,0,None,98,59.28568937576077,-2,78.0,78.4
5.6,11.9,22,75,88,1.39,1468,67,23,225,0,None,117,262.1423890314482,-13,81.5,312.75
20.0,14.4,44,77,83,0.91,1999,75,16,154,0,None,128,99.94995002502499,-6,80.0,140.14000000000001
21.8,19.5,34,93,92,0.7,1667,71,33,275,0,None,119,76.46785483125925,1,92.5,192.5
10.5,15.4,20,78,77,0.91,1039,65,20,298,0,None,115,98.95228671210789,1,77.5,271.18
9.3,12.9,30,90,85,1.22,1511,68,29,158,0,None,117,162.47294357748,5,87.5,192.76
23.3,13.5,21,86,91,0.54,1069,67,31,167,0,None,115,45.87980863527526,-5,88.5,90.18
20.3,16.1,33,86,92,0.53,1699,69,27,113,0,None,124,83.69454005195071,-6,89.0,59.89
7.3,13.5,25,96,83,0.96,1300,62,28,226,0,None,123,178.08194783294817,13,89.5,216.95999999999998
9.2,15.4,21,96,90,1.18,1627,63,16,57,0,None,154,176.84763386126755,6,93.0,67.25999999999999
17.4,12.7,22,86,94,1.11,1884,68,26,217,0,None,128,108.27579984149436,-8,90.0,240.87000000000003
13.4,13.5,35,72,87,1.14,1771,71,21,148,0,None,117,132.16408047456682,-15,79.5,168.72
15.1,17.1,27,75,91,0.67,1776,72,26,229,0,None,114,117.61581614846614,-16,83.0,153.43
24.0,15.8,30,98,86,1.04,1209,78,27,274,0,None,130,50.37497901042541,12,92.0,284.96000000000004
13.4,10.9,40,74,91,0.88,1550,71,16,71,0,None,133,115.67155546898846,-17,82.5,62.48
22.6,19.7,35,95,94,0.61,1106,75,24,202,0,None,141,48.93803144334892,1,94.5,123.22
18.2,10.5,29,86,89,0.63,1143,70,32,73,0,None,111,62.802163295514674,-3,87.5,45.99
7.4,10.8,44,73,78,1.15,1679,70,17,66,0,None,117,226.8915852816415,-5,75.5,75.89999999999999
19.9,17.0,21,98,77,1.46,1348,72,30,101,1,Gearbox,115,67.73865942780934,21,87.5,147.46
15.4,17.1,24,98,91,0.61,1877,70,26,277,0,None,137,121.88303773828719,7,94.5,168.97
9.5,10.2,42,88,80,0.99,1436,66,27,153,0,None,114,151.1577356234362,8,84.0,151.47
10.8,16.4,41,82,93,0.75,976,80,15,244,0,None,145,90.37028669417899,-11,87.5,183.0
16.1,10.3,19,88,79,0.78,1356,72,32,140,0,None,103,84.22355017170796,9,83.5,109.2
17.0,19.6,43,89,93,0.72,1047,67,33,240,0,None,116,61.58819906576526,-4,91.0,172.79999999999998
24.4,17.0,15,89,91,1.05,1994,76,27,257,0,None,126,81.7212779830828,-2,90.0,269.85
22.1,11.9,40,92,93,0.56,926,63,35,181,0,None,115,41.9004335292156,-1,92.5,101.36000000000001
9.1,11.6,23,72,80,1.24,1518,80,21,143,0,None,110,166.81300350219396,-8,76.0,177.32
20.5,15.7,21,73,93,1.11,1301,76,19,147,0,None,128,63.46338367639821,-20,83.0,163.17000000000002
5.2,16.3,28,78,87,0.88,1568,62,18,63,0,None,129,301.5378816579199,-9,82.5,55.44
7.6,18.3,42,80,77,0.72,1493,77,19,284,0,None,119,196.44710993801326,3,78.5,204.48
9.0,19.0,39,89,94,1.04,1910,65,16,128,0,None,151,212.2219864200151,-5,91.5,133.12
16.9,13.9,44,75,79,1.46,1101,73,29,264,0,None,96,65.14789044503524,-4,77.0,385.44
8.9,18.4,31,86,79,1.21,1032,63,30,170,0,None,105,115.9549258933417,7,82.5,205.7
12.3,15.4,30,76,89,0.78,1857,74,15,123,0,None,135,150.97548701179917,-13,82.5,95.94
9.9,14.7,15,81,87,1.24,1925,75,20,224,0,None,128,194.4442480361131,-6,84.0,277.76
11.7,17.0,20,98,93,1.0,1291,77,19,56,0,None,153,110.34178603266152,5,95.5,56.0
23.8,11.0,30,97,81,0.55,1952,70,28,55,0,None,122,82.0167722618604,16,89.0,30.250000000000004
24.9,12.7,38,99,76,1.12,1277,71,31,204,0,None,113,51.28511996581528,23,87.5,228.48000000000002
18.7,18.2,40,88,95,0.73,1543,64,29,57,0,None,125,82.51332485918458,-7,91.5,41.61
16.4,15.0,23,85,81,0.91,1633,70,30,93,0,None,106,99.57311001639634,4,83.0,84.63000000000001
19.2,19.1,36,95,78,0.98,1993,71,29,243,0,None,115,103.80202926977643,17,86.5,238.14
20.4,10.9,40,72,95,1.3,1087,76,30,143,0,None,107,53.284287605741376,-23,83.5,185.9
19.8,13.1,26,99,86,1.08,1224,74,26,255,0,None,133,61.81815059689364,13,92.5,275.40000000000003
6.6,13.6,36,84,78,0.84,1501,74,26,63,0,None,110,227.42389784257904,6,81.0,52.919999999999995
11.2,14.2,28,90,92,1.16,1136,61,31,103,0,None,120,101.42848086742781,-2,91.0,119.47999999999999
11.9,19.9,45,92,94,0.69,1538,71,27,185,0,None,132,129.24358887093373,-2,93.0,127.64999999999999
12.4,13.1,15,89,93,1.32,1756,80,18,223,1,Generator,146,141.61278902194434,-4,91.0,294.36
11.9,15.2,27,97,79,0.7,1867,75,32,155,0,None,112,156.8906244616601,18,88.0,108.5
20.7,15.4,23,79,76,1.06,1270,77,25,261,0,None,105,61.3526273658805,3,77.5,276.66
20.0,17.7,40,86,82,0.71,1090,70,20,61,0,None,128,54.499972750013626,4,84.0,43.309999999999995
5.1,15.2,24,83,82,0.83,1654,77,23,293,0,None,119,324.3130895821773,1,82.5,243.19
10.9,16.1,31,91,83,0.92,1655,76,26,55,0,None,122,151.83472308741,8,87.0,50.6
17.5,17.5,37,82,91,0.87,1382,71,23,177,0,None,127,78.97138344492375,-9,86.5,153.99
7.4,11.0,30,97,75,1.43,1553,71,27,262,1,Gearbox,118,209.86458126407936,22,86.0,374.65999999999997
6.4,19.6,27,85,88,0.72,1778,61,26,109,0,None,121,277.812065918647,-3,86.5,78.48
21.6,18.5,16,86,95,0.68,1707,77,26,177,0,None,129,79.02774119086055,-9,90.5,120.36000000000001
14.1,13.9,16,85,83,1.02,1640,63,26,189,0,None,116,116.31197424682678,2,84.0,192.78
22.1,17.3,44,89,85,1.45,1628,66,21,221,1,Blades,132,73.66512503840495,4,87.0,320.45
21.5,17.6,34,85,88,1.0,1697,75,32,153,0,None,109,78.93019584642053,-3,86.5,153.0
22.9,18.5,40,98,81,1.46,1568,66,26,285,1,Gearbox,127,68.4715858202682,17,89.5,416.09999999999997
6.0,11.9,29,74,89,0.69,993,70,16,43,0,None,131,165.4997241671264,-15,81.5,29.669999999999998
8.7,17.0,23,70,79,0.51,1541,63,21,75,0,None,107,177.12623318823773,-9,74.5,38.25
10.9,10.3,24,86,76,0.8,1879,66,29,252,0,None,104,172.3851629493918,10,81.0,201.60000000000002
7.7,11.2,16,93,91,1.14,941,75,28,56,0,None,128,122.20763349657987,2,92.0,63.839999999999996
14.7,17.8,39,89,79,1.09,1339,68,19,120,0,None,130,91.08837340926979,10,84.0,130.8
21.0,18.1,32,99,90,0.74,1332,71,35,148,0,None,119,63.42854122450418,9,94.5,109.52
24.0,15.9,29,75,92,1.16,1179,67,28,279,0,None,111,49.12497953125853,-17,83.5,323.64
22.8,15.8,41,91,76,1.33,1532,79,22,226,1,Gearbox,123,67.19295298554694,15,83.5,300.58000000000004
14.1,17.5,28,94,89,1.19,1088,77,23,239,0,None,137,77.16306584179728,5,91.5,284.40999999999997
17.7,19.1,43,97,88,1.23,1908,62,33,63,0,None,119,107.7965492674863,9,92.5,77.49
9.6,14.2,15,86,87,0.81,1071,80,24,211,0,None,125,111.56238378918356,-1,86.5,170.91000000000003
13.1,11.1,45,81,81,1.03,1962,76,20,105,0,None,122,149.77087803749768,0,81.0,108.15
22.4,18.4,39,99,76,0.54,913,63,22,284,0,None,131,40.758910375486444,23,87.5,153.36
5.6,13.4,26,94,77,0.86,1437,61,26,197,0,None,119,256.6066846309203,17,85.5,169.42
15.7,11.3,33,84,80,1.32,940,78,18,293,0,None,128,59.87257332957113,4,82.0,386.76
22.5,16.1,41,90,83,1.29,1865,75,16,58,1,Blades,141,82.88885204939909,7,86.5,74.82000000000001
7.4,15.8,29,78,93,1.44,1779,66,23,142,1,Generator,125,240.40508053367495,-15,85.5,204.48
24.7,14.7,17,88,89,1.47,1148,79,33,55,0,None,111,46.47771397663402,-1,88.5,80.85
5.2,18.6,42,86,76,1.47,1052,78,34,170,0,None,94,202.30730325518604,10,81.0,249.9
22.7,12.7,31,71,93,0.66,1133,64,32,274,0,None,100,49.91187228551882,-22,82.0,180.84
12.1,10.1,31,96,89,0.62,986,68,18,167,0,None,149,81.48753596071408,7,92.5,103.54
7.7,13.2,15,85,85,1.38,1161,61,16,38,0,None,138,150.77902496230524,0,85.0,52.44
8.1,10.1,18,84,84,0.88,975,66,26,243,0,None,116,120.37022176515832,0,84.0,213.84
19.0,15.4,38,79,94,0.86,1838,70,29,247,0,None,115,96.73679119116254,-15,86.5,212.42
22.4,13.8,28,76,86,1.03,1838,61,28,291,0,None,106,82.05353479752911,-10,81.0,299.73
17.8,18.1,45,79,85,0.95,1504,67,20,151,0,None,124,84.49433455374464,-6,82.0,143.45
23.6,18.0,36,89,90,0.72,1912,63,22,31,0,None,135,81.01691482334117,-1,89.5,22.32
21.8,14.3,43,73,87,1.34,1285,78,34,176,1,Blades,92,58.94492708948299,-14,80.0,235.84
5.2,12.2,23,80,80,1.41,1097,77,24,86,0,None,112,210.9611327670524,0,80.0,121.25999999999999
18.4,14.2,20,99,95,1.25,1235,75,28,217,0,None,138,67.11952873938657,4,97.0,271.25
11.1,16.4,26,78,81,0.55,1036,75,25,91,0,None,109,93.33324924932501,-3,79.5,50.050000000000004
14.1,11.9,23,99,89,0.62,1805,60,32,122,0,None,124,128.0140936070258,10,94.0,75.64
6.9,17.7,33,73,85,0.85,1736,72,32,267,0,None,94,251.59383826979962,-12,79.0,226.95
10.6,13.3,37,94,77,1.06,1109,72,28,211,0,None,115,104.62254280892189,17,85.5,223.66000000000003
17.7,19.3,27,83,94,1.11,1500,80,34,295,0,None,109,84.74571483292948,-11,88.5,327.45000000000005
9.4,15.1,18,76,82,0.6,1209,73,19,132,0,None,120,128.61688445012294,-6,79.0,79.2
18.0,18.5,16,94,88,1.46,1044,73,26,247,1,Gearbox,130,57.99996777779568,6,91.0,360.62
23.5,16.2,22,70,90,1.03,1170,68,20,153,0,None,120,49.78721285650517,-20,80.0,157.59
5.1,15.5,37,80,83,0.93,1560,70,17,214,0,None,129,305.881753173033,-3,81.5,199.02
20.7,16.8,22,88,80,0.69,1616,68,30,271,0,None,108,78.06759513642747,8,84.0,186.98999999999998
17.8,18.1,42,77,76,1.45,1106,78,27,116,0,None,99,62.13479655348508,1,76.5,168.2
5.9,16.4,35,80,94,0.95,1751,64,17,297,0,None,140,296.7791580014271,-14,87.0,282.15
20.8,18.0,41,73,87,0.62,1532,63,35,113,1,Blades,90,73.65381074336022,-14,80.0,70.06
9.5,11.9,27,96,89,1.11,1372,80,17,90,0,None,151,144.42090060957833,7,92.5,99.9
10.3,12.8,45,83,84,0.85,1611,79,29,33,0,None,109,156.40761513823773,-1,83.5,28.05
6.9,12.3,35,74,80,1.31,1267,72,27,239,0,None,100,183.62292228561986,-6,77.0,313.09000000000003
15.7,18.0,26,76,95,1.05,1190,75,23,58,0,None,125,75.7961300661592,-19,85.5,60.900000000000006
15.0,10.9,21,78,94,0.61,1919,62,32,162,0,None,108,127.93324804450131,-16,86.0,98.82
11.9,18.0,41,77,92,1.25,1889,75,22,299,0,None,125,158.73936240389713,-15,84.5,373.75
8.4,13.9,25,85,93,0.8,1423,69,31,157,0,None,116,169.4045602326664,-8,89.0,125.60000000000001
21.8,10.8,16,97,87,0.91,1564,77,27,181,0,None,130,71.7430863563824,10,92.0,164.71
22.5,14.2,23,76,82,1.28,1623,70,23,42,0,None,112,72.13330127408832,-6,79.0,53.76
15.8,13.0,20,84,82,0.61,1621,75,22,91,0,None,122,102.5948717753976,2,83.0,55.51
9.9,15.9,25,90,94,1.48,1481,67,20,109,1,Generator,144,149.59580848908234,-4,92.0,161.32
6.9,14.7,33,76,94,1.2,1244,75,15,191,0,None,140,180.2895937831974,-18,85.0,229.2
22.4,13.0,30,75,84,0.69,1879,65,27,58,0,None,105,83.8838911232629,-9,79.5,40.019999999999996
6.9,18.6,36,75,87,0.56,1518,79,24,298,0,None,114,219.99968115988239,-12,81.0,166.88000000000002
5.3,14.1,25,96,91,1.04,1898,73,22,166,0,None,143,358.11253186314747,5,93.5,172.64000000000001
14.4,14.7,19,91,89,0.88,1811,70,19,32,0,None,142,125.7638015529156,2,90.0,28.16
19.6,18.5,20,80,92,0.53,1615,72,15,88,0,None,142,82.39791714391983,-12,86.0,46.64
14.2,10.9,39,97,87,1.11,1682,72,29,33,0,None,126,118.45062080942198,10,92.0,36.63
6.0,13.9,18,99,87,0.81,1902,77,32,143,0,None,122,316.99947166754725,12,93.0,115.83000000000001
18.8,14.0,39,82,83,0.82,1594,71,22,195,0,None,121,84.7871889429846,-1,82.5,159.89999999999998
17.8,15.0,21,85,76,0.66,1415,71,26,77,0,None,109,79.49433736273181,9,80.5,50.82
18.6,11.1,35,81,76,0.64,1386,72,27,105,0,None,103,74.51608896984463,5,78.5,67.2
9.2,11.0,34,77,78,0.64,1978,75,20,130,0,None,115,214.99976630460188,-1,77.5,83.2
20.9,14.2,18,93,76,1.39,1727,70,25,219,1,Gearbox,119,82.6315394107467,17,84.5,304.40999999999997
14.6,10.3,35,89,86,1.03,1638,64,28,215,0,None,119,112.19170397828495,3,87.5,221.45000000000002
15.7,12.5,28,81,83,0.97,1006,68,33,233,0,None,98,64.07639230803038,-2,82.0,226.01
15.9,12.0,36,70,76,1.2,1547,68,31,156,0,None,84,97.29553629211554,-6,73.0,187.2
10.7,14.9,40,93,75,0.82,1108,61,32,155,0,None,104,103.55130509223824,18,84.0,127.1
10.0,10.1,16,84,85,1.32,1329,76,35,71,0,None,99,132.8998671001329,-1,84.5,93.72
5.1,16.8,34,72,86,0.7,1513,77,20,249,0,None,118,296.6660849684609,-14,79.0,174.29999999999998
12.9,18.6,18,74,76,1.3,909,65,30,140,0,None,90,70.46506165499096,-2,75.0,182.0
14.7,17.1,26,89,88,0.56,1849,66,26,270,0,None,125,125.78222735902902,1,88.5,151.20000000000002
19.9,18.2,15,86,78,0.66,1383,66,27,247,0,None,110,69.49745251384296,8,82.0,163.02
6.3,16.4,25,77,85,1.39,1585,70,21,88,0,None,120,251.58690224301233,-8,81.0,122.32
23.5,15.1,20,74,78,0.61,1122,69,32,180,0,None,88,47.744660534187005,-4,76.0,109.8
10.3,12.2,32,97,76,0.75,1671,78,31,73,0,None,111,162.23285220111435,21,86.5,54.75
12.3,12.8,30,74,79,0.54,1241,70,31,134,0,None,91,100.89422691526266,-5,76.5,72.36
6.0,13.2,39,73,84,1.1,1468,64,35,259,0,None,87,244.66625888956852,-11,78.5,284.90000000000003
18.1,10.4,34,89,90,0.83,1256,75,21,160,0,None,137,69.39222685512328,-1,89.5,132.79999999999998
19.2,19.1,36,78,80,1.13,1609,77,34,104,0,None,90,83.80203968643767,-2,79.0,117.51999999999998
23.6,19.0,18,90,89,0.59,1835,72,19,115,0,None,141,77.75420434143884,1,89.5,67.85
11.7,11.1,16,85,92,0.9,1605,75,17,91,0,None,143,137.17936993216247,-7,88.5,81.9
10.1,15.6,44,76,80,0.87,1096,64,15,189,0,None,126,108.51474404480788,-4,78.0,164.43
19.5,14.7,28,72,85,1.04,1175,78,20,221,0,None,117,60.2563793557029,-13,78.5,229.84
19.1,16.8,27,72,83,0.8,1475,62,21,288,0,None,113,77.22509045806783,-11,77.5,230.4
23.7,16.0,16,88,76,1.48,1198,78,21,231,0,None,122,50.54850187826925,12,82.0,341.88
9.1,11.2,19,93,83,0.82,1115,67,34,277,0,None,108,122.5273378820463,10,88.0,227.14
19.1,16.6,43,91,83,1.2,951,62,21,243,0,None,132,49.79054984787966,8,87.0,291.59999999999997
6.3,16.1,36,88,87,0.87,1015,64,28,267,0,None,119,161.11085537959465,1,87.5,232.29
14.6,15.3,27,76,92,1.03,1521,80,35,282,0,None,98,104.17801083697888,-16,84.0,290.46
7.4,14.0,42,96,88,0.73,1114,67,21,72,0,None,142,150.54033710765256,8,92.0,52.56
18.1,19.5,33,89,82,0.67,1448,75,35,94,0,None,101,79.99995580112939,7,85.5,62.980000000000004
17.0,18.5,37,91,84,1.47,1606,70,30,112,1,Gearbox,115,94.47053266439255,7,87.5,164.64
6.0,15.9,28,77,93,1.04,1175,72,31,57,0,None,108,195.83300694498843,-16,85.0,59.28
11.4,10.1,28,78,88,0.96,1944,73,26,79,0,None,114,170.52616620511736,-10,83.0,75.84
12.9,14.3,17,97,83,1.14,1182,72,31,198,0,None,118,91.627835947414,14,90.0,225.71999999999997
10.0,17.0,37,84,87,0.72,1078,80,27,61,0,None,117,107.7998922001078,-3,85.5,43.92
5.8,11.2,18,87,88,1.32,1403,71,25,94,0,None,125,241.8961346618368,-1,87.5,124.08000000000001
11.4,14.1,38,73,85,0.75,1386,72,32,95,0,None,94,121.57884072031516,-12,79.0,71.25
20.9,11.9,21,82,92,1.04,1844,67,31,142,0,None,112,88.22962285663979,-10,87.0,147.68
12.2,13.4,22,97,91,0.63,952,65,23,188,0,None,142,78.03272292399761,6,94.0,118.44
11.5,10.3,43,97,85,1.07,1200,69,16,175,0,None,150,104.34773534979536,12,91.0,187.25
23.8,11.3,29,92,94,0.98,1867,72,34,174,0,None,118,78.44534519103144,-2,93.0,170.52
5.8,14.5,19,86,94,0.78,1735,66,31,141,0,None,118,299.1374152803185,-8,90.0,109.98
20.3,19.0,42,98,94,0.81,904,70,32,293,1,Blades,128,44.53199776748878,4,96.0,237.33
14.7,14.9,29,96,79,0.51,1481,76,15,295,0,None,145,100.74823078351648,17,87.5,150.45
23.9,14.5,19,95,77,0.53,1169,68,32,217,0,None,108,48.91211342589397,18,86.0,115.01
12.9,17.9,27,96,87,1.1,1987,72,24,84,0,None,135,154.03088834814858,9,91.5,92.4
19.2,12.7,33,84,90,1.22,1982,78,33,89,0,None,108,103.2291129015037,-6,87.0,108.58
6.4,11.0,26,86,81,1.05,1920,72,29,264,0,None,109,299.99953125073245,5,83.5,277.2
23.6,12.1,43,83,86,0.58,911,66,24,109,1,Blades,121,38.60167855861078,-3,84.5,63.22
11.9,17.9,23,92,88,1.44,1895,71,17,268,1,Gearbox,146,159.24356366087088,4,90.0,385.91999999999996
15.5,16.8,20,88,84,1.21,1259,77,26,268,0,None,120,81.22575404790062,4,86.0,324.28
7.8,10.9,22,72,86,0.74,1606,63,29,141,0,None,100,205.89717192670267,-14,79.0,104.34
23.9,16.7,18,74,77,1.17,1394,76,33,34,0,None,85,58.32633542831154,-3,75.5,39.78
18.5,19.3,29,76,95,0.61,1290,62,33,246,0,None,105,69.7296920380043,-19,85.5,150.06
6.1,10.4,41,90,83,1.28,1216,79,20,272,0,None,133,199.3439355017451,7,86.5,348.16
8.1,16.2,24,73,79,0.98,1371,63,17,105,0,None,118,169.25905029746878,-6,76.0,102.89999999999999
13.0,13.8,23,86,85,0.91,1227,69,24,193,0,None,123,94.38454278112094,1,85.5,175.63
9.3,15.0,40,95,81,0.51,1919,79,21,273,0,None,134,206.34386414638263,14,88.0,139.23
11.1,15.3,24,98,83,1.15,1381,64,21,266,0,None,139,124.41430232945737,15,90.5,305.9
24.9,17.7,29,83,86,1.33,1939,73,28,112,0,None,113,77.87145467009853,-3,84.5,148.96
18.2,15.6,16,86,81,0.79,1309,75,30,53,0,None,107,71.9230374049245,5,83.5,41.870000000000005
23.4,15.9,24,95,88,0.51,1186,61,30,104,0,None,123,50.683739024043156,7,91.5,53.04
13.7,13.3,19,98,84,1.28,1790,72,31,223,0,None,120,130.65683893661392,14,91.0,285.44
19.2,11.3,18,82,77,1.14,1473,75,16,171,0,None,127,76.71871004233853,5,79.5,194.93999999999997
14.2,16.8,28,81,93,1.28,1079,79,34,69,0,None,106,75.98586198178734,-12,87.0,88.32000000000001
11.6,10.0,23,84,85,1.04,1921,63,22,268,0,None,125,165.60330551439182,-1,84.5,278.72
15.4,13.3,20,78,93,0.96,1958,77,22,281,0,None,127,127.14277458261391,-15,85.5,269.76
13.5,12.2,30,96,83,0.72,1657,73,28,135,0,None,123,122.74064982174087,13,89.5,97.2
24.6,13.9,39,80,86,0.58,1969,75,20,107,0,None,126,80.04061786966753,-6,83.0,62.059999999999995
14.9,13.1,37,83,92,0.97,1642,75,29,267,0,None,117,110.20126832129642,-9,87.5,258.99
21.2,17.0,23,80,84,1.37,1586,74,20,158,0,None,124,74.81128546637478,-4,82.0,216.46
18.3,12.6,23,74,88,0.56,1809,78,29,52,0,None,104,98.85240499868578,-14,81.0,29.120000000000005
14.6,15.6,37,88,80,1.49,974,62,31,286,0,None,106,66.71228307377872,8,84.0,426.14
14.5,14.6,32,88,80,1.45,1387,66,33,73,0,None,102,95.65510644475418,8,84.0,105.85
11.8,18.0,37,79,86,1.14,1373,78,23,204,0,None,119,116.35583359675118,-7,82.5,232.55999999999997
7.1,14.3,15,71,87,1.41,1583,69,31,57,0,None,96,222.9574324543205,-16,79.0,80.36999999999999
20.2,18.6,18,98,88,1.05,1282,68,24,156,0,None,138,63.46531511618064,10,93.0,163.8
23.4,10.0,39,81,90,0.9,1399,71,20,151,0,None,131,59.78629923662426,-9,85.5,135.9
9.4,16.0,41,86,93,1.07,1834,66,30,116,0,None,119,195.10617541896232,-7,89.5,124.12
23.5,10.1,25,74,80,1.38,1943,72,21,57,0,None,112,82.68081588050389,-6,77.0,78.66
9.6,17.1,44,78,87,1.46,1433,78,18,177,0,None,129,149.27067784304393,-9,82.5,258.42
15.6,12.3,24,83,84,1.34,1676,68,17,209,0,None,133,107.43582856677656,-1,83.5,280.06
11.9,13.8,42,87,77,0.68,1502,64,23,46,0,None,118,126.21838132909132,10,82.0,31.28
7.3,13.8,28,96,84,1.09,1854,63,30,221,0,None,120,253.97225483252765,12,90.0,240.89000000000001
6.1,18.5,32,79,91,0.94,1188,74,31,162,0,None,108,194.75377909216544,-12,85.0,152.28
12.3,11.0,34,96,77,0.98,1850,61,32,217,0,None,109,150.40638178342945,19,86.5,212.66
5.9,16.7,19,84,87,0.93,1467,62,24,214,0,None,123,248.64364636670106,-3,85.5,199.02
7.1,19.8,16,83,83,0.57,1402,79,16,226,0,None,134,197.46451061336535,0,83.0,128.82
7.8,10.2,28,82,88,1.35,1947,73,19,79,0,None,132,249.61506459607105,-6,85.0,106.65
5.0,19.7,20,97,91,1.48,1236,64,19,158,1,Gearbox,150,247.19950560098883,6,94.0,233.84
8.1,10.2,31,78,86,0.71,991,73,25,42,0,None,114,122.345527968484,-8,82.0,29.82
16.5,18.4,29,96,81,1.12,1639,72,33,164,0,None,111,99.33327313134961,15,88.5,183.68
21.4,19.6,19,73,77,1.04,1189,76,18,252,0,None,114,55.56072170059734,-4,75.0,262.08
8.9,19.9,35,99,81,1.4,1606,68,16,189,1,Gearbox,148,180.44923545029724,18,90.0,264.59999999999997
6.6,14.6,16,85,82,1.2,962,60,15,223,0,None,137,145.75735491309862,3,83.5,267.59999999999997
19.6,18.7,19,100,88,1.25,1519,69,33,268,0,None,122,77.49996045920385,12,94.0,335.0
5.2,11.2,36,88,83,1.45,1161,74,31,194,0,None,109,223.26880140615114,5,85.5,281.3
19.7,14.3,31,74,83,1.16,983,79,34,97,0,None,89,49.89845182819705,-9,78.5,112.52
7.6,13.1,23,72,81,0.95,961,77,29,283,0,None,95,126.44720204315522,-9,76.5,268.84999999999997
9.6,14.0,20,76,82,0.55,1953,60,27,234,0,None,104,203.43728808615825,-6,79.0,128.70000000000002
7.4,17.0,34,83,80,1.41,1192,65,17,221,0,None,129,161.08086340423864,3,81.5,311.60999999999996
9.9,10.9,21,92,90,1.09,1540,71,27,289,0,None,128,155.55539842889047,2,91.0,315.01000000000005
21.0,20.0,45,70,95,1.18,1433,61,31,265,1,Blades,103,68.23806274377965,-25,82.5,312.7
7.7,16.4,41,78,90,1.01,1299,72,32,83,0,None,104,168.70107960898753,-12,84.0,83.83
24.9,18.7,19,88,76,0.89,1497,69,32,269,0,None,100,60.120457782948684,12,82.0,239.41
11.5,18.3,41,79,88,1.0,1516,73,21,46,0,None,125,131.82597232524145,-9,83.5,46.0
23.4,17.7,25,81,89,0.55,1821,64,19,237,0,None,132,77.82047956389763,-8,85.0,130.35000000000002
8.8,10.4,30,79,91,1.3,1325,64,18,204,0,None,134,150.56801071816963,-12,85.0,265.2
8.8,15.2,19,99,90,0.66,1288,78,28,248,0,None,133,146.3634700415113,9,94.5,163.68
16.3,13.3,19,72,85,0.83,1647,67,16,42,0,None,125,101.04288279577743,-13,78.5,34.86
6.0,11.1,41,97,80,0.59,1309,79,32,248,0,None,113,218.16630305616158,17,88.5,146.32
21.0,13.4,34,80,77,1.32,1462,63,31,52,0,None,95,69.61901446713597,3,78.5,68.64
13.8,16.4,29,77,75,0.67,1090,75,15,289,0,None,122,78.98545001054347,2,76.0,193.63000000000002
19.0,12.3,16,96,75,0.9,1212,64,27,128,0,None,117,63.789440110821,21,85.5,115.2
8.5,14.4,43,79,94,0.92,1121,74,28,104,0,None,117,131.88219778564968,-15,86.5,95.68
17.8,14.0,26,100,87,0.82,1825,65,33,233,0,None,121,102.52803228762231,13,93.5,191.06
16.9,10.5,27,86,86,1.36,1778,67,26,297,0,None,120,105.20703833903058,0,86.0,403.92
20.1,16.3,24,84,83,1.27,1331,73,16,101,0,None,135,66.2188725279241,1,83.5,128.27
10.9,16.2,42,99,91,1.24,1384,61,29,94,0,None,132,126.97236057581598,8,95.0,116.56
23.7,19.7,25,77,79,0.73,1352,65,22,100,0,None,112,57.046389431903194,-2,78.0,73.0
24.2,13.0,20,97,90,0.69,1112,77,25,72,0,None,137,45.95039423537428,7,93.5,49.67999999999999
22.4,14.2,30,88,82,0.75,1762,66,20,68,0,None,130,78.66067916933966,6,85.0,51.0
16.4,14.0,38,93,89,0.89,1812,79,32,171,0,None,118,110.48773750747714,4,91.0,152.19
13.4,19.2,26,87,89,0.98,1571,63,27,265,0,None,122,117.2387184785683,-2,88.0,259.7
6.2,14.1,35,89,81,0.75,1716,74,30,65,0,None,110,276.7737471391175,8,85.0,48.75
23.9,14.4,24,75,94,0.96,1618,63,18,191,0,None,133,67.6987164440517,-19,84.5,183.35999999999999
24.0,12.5,37,75,85,0.68,1013,75,26,182,0,None,108,42.208315746535106,-10,80.0,123.76
5.4,10.0,35,82,80,0.77,1506,64,21,53,0,None,120,278.88837242893993,2,81.0,40.81
12.1,11.1,35,80,88,0.76,1282,77,16,137,0,None,136,105.95032566088788,-8,84.0,104.12
22.6,17.0,34,91,90,1.23,1142,72,30,36,0,None,121,50.530951092499514,1,90.5,44.28
6.6,16.8,20,92,94,0.96,1631,78,35,182,0,None,116,247.1208376957005,-2,93.0,174.72
8.9,13.2,42,87,76,1.12,1878,73,30,122,0,None,103,211.01099886404623,11,81.5,136.64000000000001
24.6,14.7,33,82,86,1.17,2000,76,17,191,0,None,134,81.30077995903254,-4,84.0,223.47
21.9,13.0,26,90,85,0.57,1535,77,28,154,0,None,119,70.09129219575699,5,87.5,87.77999999999999
23.2,17.3,20,91,81,1.29,1640,69,32,291,0,None,108,70.68962470274798,10,86.0,375.39
7.8,18.4,39,94,90,0.78,1617,73,18,42,0,None,148,207.30742652894037,4,92.0,32.76
9.2,19.0,30,94,79,1.01,1665,61,35,279,0,None,103,180.97806415427812,15,86.5,281.79
17.1,11.7,19,72,82,0.84,1171,70,27,197,0,None,100,68.47949211725607,-10,77.0,165.48
15.0,17.0,43,81,90,1.27,1075,64,35,170,0,None,101,71.66661888892074,-9,85.5,215.9
11.0,19.6,18,83,85,0.73,1348,62,28,135,0,None,112,122.54534314059715,-2,84.0,98.55
22.7,16.5,31,95,78,1.46,1412,80,28,266,1,Gearbox,117,62.20261576977279,17,86.5,388.36
23.0,13.5,33,85,93,0.9,1740,80,30,213,0,None,118,75.65214102080826,-8,89.0,191.70000000000002
10.8,16.4,45,85,90,1.21,1585,64,31,249,0,None,113,146.75912337118206,-5,87.5,301.28999999999996
8.1,16.9,19,87,86,1.14,1508,78,33,206,0,None,107,186.1726096634449,1,86.5,234.83999999999997
8.0,14.0,33,74,87,1.24,1448,78,30,66,0,None,101,180.99977375028283,-13,80.5,81.84
14.7,11.0,29,87,88,1.05,1145,80,24,47,0,None,127,77.89110347543982,-1,87.5,49.35
7.7,16.1,23,87,85,0.88,1310,68,20,287,0,None,132,170.1296491822738,2,86.0,252.56
14.5,18.0,43,93,90,0.68,1020,79,23,264,0,None,137,70.34477907256615,3,91.5,179.52
14.2,20.0,39,89,89,1.02,972,76,33,226,0,None,112,68.45065602066478,0,89.0,230.52
22.7,12.2,38,99,75,0.56,915,75,32,41,0,None,110,40.30835228706948,24,87.0,22.96
10.9,17.0,42,72,77,0.56,996,65,22,45,0,None,105,91.3760629577404,-5,74.5,25.200000000000003
16.2,10.3,37,93,76,1.11,1554,70,23,251,0,None,123,95.92586671242796,17,84.5,278.61
19.9,19.7,30,93,78,0.98,1969,76,21,56,0,None,129,98.9446738971488,15,85.5,54.879999999999995
16.9,10.1,27,78,76,1.01,932,77,27,277,0,None,100,55.14789636219151,2,77.0,279.77
24.1,13.6,36,91,79,0.82,1762,64,22,248,0,None,126,73.1120028580901,12,85.0,203.35999999999999
17.0,10.8,33,90,86,1.29,1632,66,31,40,0,None,114,95.99994352944499,4,88.0,51.6
23.0,16.2,31,79,88,0.7,1845,63,25,95,0,None,117,80.21735642723634,-9,83.5,66.5
9.9,13.4,33,92,93,1.09,1940,63,19,54,0,None,147,195.95939802081008,-1,92.5,58.86000000000001
16.2,17.3,35,98,90,1.36,1794,64,24,245,1,Gearbox,140,110.740672382301,8,94.0,333.20000000000005
15.9,14.9,44,79,76,1.33,1778,78,30,278,0,None,95,111.82382904161696,3,77.5,369.74
24.8,14.2,38,99,84,0.53,995,67,24,144,0,None,135,40.12095156413243,15,91.5,76.32000000000001
9.1,13.5,20,77,89,0.78,1295,70,26,182,0,None,114,142.30753592578472,-12,83.0,141.96
7.8,10.9,29,74,81,1.21,1578,60,33,210,0,None,89,202.30743293918854,-7,77.5,254.1
17.2,12.0,35,72,82,1.24,919,75,29,218,0,None,96,53.4302014940689,-10,77.0,270.32
9.5,16.4,20,76,91,0.98,1422,66,35,191,0,None,97,149.68405296415477,-15,83.5,187.18
17.8,15.0,43,80,76,0.7,909,74,17,172,0,None,122,51.0673870407938,4,78.0,120.39999999999999
24.4,10.7,17,92,86,0.78,1716,64,30,185,0,None,118,70.32784002957376,6,89.0,144.3
23.9,15.4,33,72,91,1.3,1192,68,30,51,0,None,103,49.87445611947443,-19,81.5,66.3
9.6,10.5,44,85,91,0.69,1730,70,17,37,0,None,142,180.208145616515,-6,88.0,25.529999999999998
8.4,15.1,37,86,77,1.44,1428,73,34,181,0,None,95,169.99979761928856,9,81.5,260.64
16.2,19.6,35,77,92,1.0,1019,63,32,297,0,None,105,62.901195740002635,-15,84.5,297.0
16.7,13.1,45,71,77,0.78,1911,69,25,181,0,None,98,114.43106920295259,-6,74.0,141.18
18.2,17.2,39,77,93,0.89,1668,60,19,158,0,None,132,91.64830129214215,-16,85.0,140.62
19.8,17.5,44,77,79,0.76,1697,63,19,185,0,None,118,85.70702742069322,-2,78.0,140.6
17.0,14.0,36,91,77,0.88,1154,67,18,165,0,None,132,67.88231301040412,14,84.0,145.2
7.2,15.9,35,77,76,0.63,1038,79,19,288,0,None,115,144.1664664354633,1,76.5,181.44
20.8,14.7,38,80,82,1.32,1950,78,33,110,0,None,96,93.74995492790629,-2,81.0,145.20000000000002
6.6,12.8,21,71,82,1.46,1281,70,28,145,0,None,97,194.0906150142197,-11,76.5,211.7
5.4,17.5,39,89,86,1.16,1158,72,17,144,0,None,141,214.44404732583828,3,87.5,167.04
20.4,17.0,44,84,90,1.31,1866,66,33,134,1,Blades,108,91.47054339679246,-6,87.0,175.54000000000002
16.0,19.0,33,80,85,0.73,1410,73,16,63,0,None,133,88.12494492190943,-5,82.5,45.99
19.0,16.2,15,91,95,0.56,1620,65,23,177,0,None,140,85.2631130194142,-4,93.0,99.12
12.7,13.9,17,90,79,1.13,1193,60,30,176,0,None,109,93.93693390792606,11,84.5,198.88
5.2,17.1,22,80,79,1.32,1966,79,31,141,0,None,97,378.0761960073154,1,79.5,186.12
11.6,16.2,30,91,89,1.33,1421,68,32,147,1,Gearbox,116,122.49989439664277,2,90.0,195.51000000000002
17.2,16.2,27,80,81,1.03,1367,70,34,255,0,None,93,79.47669797866398,-1,80.5,262.65000000000003
9.5,18.5,44,77,78,1.12,971,62,20,88,0,None,115,102.21041872587503,-1,77.5,98.56
18.8,19.1,43,92,91,0.87,1679,71,23,230,0,None,137,89.30846313379621,1,91.5,200.1
20.9,11.8,27,92,80,1.33,1495,78,28,195,1,Gearbox,116,71.53106625307835,12,86.0,259.35
14.1,13.1,39,96,90,1.2,1963,78,33,185,0,None,120,139.21975941861035,6,93.0,222.0
22.5,16.5,34,85,79,0.69,1040,72,27,138,0,None,110,46.222201679021474,6,82.0,95.22
22.1,15.6,22,77,94,0.78,1330,77,20,43,0,None,131,60.18096824390577,-17,85.5,33.54
22.6,16.5,43,95,81,0.65,1179,67,31,55,1,Blades,114,52.168118509682074,14,88.0,35.75
18.2,14.3,23,75,90,1.01,1634,64,33,182,0,None,99,89.7801704504558,-15,82.5,183.82
11.1,14.1,41,98,92,0.7,979,68,15,252,0,None,160,88.19811874043357,6,95.0,176.39999999999998
14.6,11.2,34,79,77,0.66,1992,76,15,214,0,None,126,136.4382627135187,2,78.0,141.24
19.2,16.2,34,71,76,0.66,1686,74,34,154,0,None,79,87.81245426434674,-5,73.5,101.64
9.2,11.8,40,76,87,0.77,1319,68,26,183,0,None,111,143.36940938107676,-11,81.5,140.91
19.8,16.7,30,82,87,1.31,1305,67,17,223,0,None,135,65.90905762168806,-5,84.5,292.13
16.0,19.7,41,72,87,1.44,1429,79,22,99,0,None,115,89.31244417972239,-15,79.5,142.56
6.9,12.6,32,82,84,1.5,1668,65,26,93,0,None,114,241.7387800887245,-2,83.0,139.5
16.1,11.4,45,76,94,0.54,1551,66,28,191,0,None,114,96.33534389109074,-18,85.0,103.14
6.3,10.2,35,71,89,1.07,1432,67,18,134,0,None,124,227.3012265059897,-18,80.0,143.38
5.3,13.8,26,79,76,0.77,1115,76,32,261,0,None,91,210.37696155290274,3,77.5,200.97
22.8,12.1,38,77,91,1.49,1091,77,26,211,1,Generator,116,47.85085620576482,-14,84.0,314.39
14.8,14.9,30,83,81,1.48,1907,64,26,217,0,None,112,128.8512642896863,2,82.0,321.15999999999997
15.9,15.2,39,93,89,1.43,1507,68,26,160,1,Gearbox,130,94.77981460389019,4,91.0,228.79999999999998
10.6,13.5,40,85,76,0.51,1538,77,16,275,0,None,129,145.09420274131818,9,80.5,140.25
15.9,17.5,34,93,90,0.65,1376,66,30,129,0,None,123,86.54082607495215,3,91.5,83.85000000000001
8.4,19.0,41,80,86,1.05,1679,68,17,293,0,None,132,199.88071442772093,-6,83.0,307.65000000000003
19.9,12.1,27,70,89,0.69,1782,71,24,122,0,None,111,89.54769369462629,-19,79.5,84.17999999999999
21.5,18.4,17,98,85,1.35,1352,73,27,103,1,Gearbox,129,62.88369168200387,13,91.5,139.05
22.1,11.3,35,79,91,1.2,958,66,19,96,0,None,132,43.34839667493363,-12,85.0,115.19999999999999
7.1,12.3,38,86,94,0.68,1178,72,25,247,0,None,130,165.91525927428273,-8,90.0,167.96
16.2,15.6,17,84,90,1.32,1804,74,21,112,0,None,132,111.35795595187905,-6,87.0,147.84
21.2,13.1,38,87,90,1.0,1516,62,29,260,0,None,119,71.50940023141499,-3,88.5,260.0
7.6,10.4,34,97,79,1.21,1869,80,26,263,0,None,124,245.9207290516723,18,88.0,318.23
7.0,12.9,18,96,82,0.64,1320,79,17,132,0,None,144,188.57115918405833,14,89.0,84.48
21.3,19.0,31,99,78,1.02,1246,63,27,243,0,None,123,58.49762511848586,21,88.5,247.86
20.9,11.7,18,86,86,1.28,902,67,18,183,0,None,136,43.157874087141586,0,86.0,234.24
14.0,17.6,25,98,84,0.85,1098,66,15,190,0,None,152,78.42851540820328,14,91.0,161.5
7.2,17.2,39,84,81,0.69,1269,60,18,57,0,None,129,176.24975520867332,3,82.5,39.33
15.3,11.1,18,71,76,1.14,987,70,15,210,0,None,117,64.50976175832565,-5,73.5,239.39999999999998
12.9,13.3,29,74,94,1.14,1565,63,35,90,0,None,98,121.3177354126082,-20,84.0,102.6
15.4,11.9,33,80,87,0.7,1989,63,28,199,0,None,111,129.15576028846735,-7,83.5,139.29999999999998
13.8,10.2,43,92,81,0.57,964,64,28,224,0,None,117,69.85502184418706,11,86.5,127.67999999999999
16.4,11.7,37,72,82,0.67,1331,75,34,285,0,None,86,81.15848709848349,-10,77.0,190.95000000000002
19.5,12.0,19,81,83,0.78,1340,63,18,122,0,None,128,68.7179134779931,-2,82.0,95.16
20.5,11.7,44,99,91,0.54,977,73,16,136,1,Blades,158,47.658513337310566,8,95.0,73.44
18.0,10.9,29,94,79,1.42,1104,66,29,273,1,Gearbox,115,61.33329925927819,15,86.5,387.65999999999997
9.0,15.3,26,87,92,0.73,1398,61,27,127,0,None,125,155.33316074093253,-5,89.5,92.71
12.9,13.2,19,72,81,1.24,1951,80,33,133,0,None,87,151.24019283705982,-9,76.5,164.92
6.4,19.1,43,70,92,0.91,1527,73,21,214,0,None,120,238.59337719784813,-22,81.0,194.74
14.0,11.9,33,73,93,1.0,1010,64,26,43,0,None,114,72.1428056122817,-20,83.0,43.0
24.4,16.0,45,80,89,1.04,1716,70,26,113,1,Blades,117,70.32784002957376,-9,84.5,117.52000000000001
17.8,19.0,20,88,93,1.27,1843,68,20,128,0,None,141,103.53926767456872,-5,90.5,162.56
8.1,10.5,31,76,90,1.29,1789,64,22,94,0,None,122,220.86392485935204,-14,83.0,121.26
10.4,15.2,18,72,78,0.64,1800,79,22,45,0,None,106,173.07675665696476,-6,75.0,28.8
6.3,14.5,31,73,94,0.8,1793,77,32,237,0,None,103,284.6027228528209,-21,83.5,189.60000000000002
8.6,19.3,42,83,79,1.07,1145,67,23,199,0,None,116,133.1393800704883,4,81.0,212.93
14.8,16.6,18,93,85,0.83,1554,76,27,182,0,None,124,104.99992905410198,8,89.0,151.06
11.9,13.5,23,95,83,0.63,1079,64,22,77,0,None,134,90.67219271244309,12,89.0,48.51
9.1,17.1,35,79,82,0.91,1261,62,17,136,0,None,127,138.57127629530078,-3,80.5,123.76
7.9,15.8,17,90,91,0.72,1359,71,34,82,0,None,113,172.0250987024067,-1,90.5,59.04
18.1,13.5,29,82,81,0.64,1375,68,17,159,0,None,129,75.96680885811665,1,81.5,101.76
16.2,17.9,25,99,86,0.8,1382,61,15,290,0,None,155,85.30858931568561,13,92.5,232.0
21.9,16.7,40,82,82,0.8,1762,73,20,262,0,None,124,80.45658426639989,0,82.0,209.60000000000002
8.7,10.1,16,82,93,0.6,1582,76,21,249,0,None,133,181.83887144957308,-11,87.5,149.4
22.0,18.7,41,85,78,1.08,1606,71,21,265,1,Blades,121,72.9999668181969,7,81.5,286.20000000000005
16.6,14.0,36,71,79,0.81,1746,61,31,138,0,None,88,105.18065952972317,-8,75.0,111.78
10.3,16.5,24,83,77,0.67,1128,68,21,159,0,None,118,109.51445678208079,6,80.0,106.53
10.5,14.0,21,95,90,1.32,1411,65,28,126,1,Gearbox,129,134.38082439921487,5,92.5,166.32000000000002
12.8,18.8,44,88,78,0.5,1841,63,15,69,0,None,136,143.82801263436514,10,83.0,34.5
14.2,16.5,32,99,86,0.95,1676,70,33,105,0,None,119,118.02808589571417,13,92.5,99.75
6.7,15.8,25,80,90,0.93,1868,61,20,198,0,None,130,278.8055540215612,-10,85.0,184.14000000000001
21.8,19.8,16,75,77,1.17,1399,61,26,276,0,None,100,64.17428248886124,-2,76.0,322.91999999999996
7.4,12.8,20,93,94,0.89,1742,76,26,252,0,None,135,235.40508729042259,-1,93.5,224.28
14.7,10.7,33,71,81,1.01,1193,69,20,54,0,None,112,81.15640737659363,-10,76.0,54.54
12.7,15.2,30,75,91,1.41,1855,75,27,212,1,Generator,112,146.0628771158448,-16,83.0,298.91999999999996
15.2,14.2,38,85,91,0.67,1226,67,32,113,0,None,112,80.65784167247259,-6,88.0,75.71000000000001
22.7,14.5,40,93,82,0.61,1275,67,22,201,0,None,131,56.167376137719764,11,87.5,122.61
24.8,16.2,27,88,86,1.25,1689,69,34,99,0,None,106,68.10481124805997,2,87.0,123.75
5.4,16.2,18,100,88,1.24,1723,66,20,152,0,None,148,319.0734831972533,12,94.0,188.48
12.9,13.9,39,90,83,1.42,958,71,17,173,0,None,139,74.26350832286177,7,86.5,245.66
21.4,18.6,32,92,82,1.48,1065,61,22,224,1,Gearbox,130,49.76633188489165,10,87.0,331.52
11.5,16.5,44,100,92,0.88,1175,71,33,168,0,None,126,102.17382419667462,8,96.0,147.84
18.0,18.9,39,88,79,0.88,2000,74,18,180,0,None,131,111.11104938275035,9,83.5,158.4
24.8,19.1,25,91,91,1.4,1805,80,23,267,1,Gearbox,136,72.78222871684326,0,91.0,373.79999999999995
17.9,11.7,28,79,79,1.36,1687,73,27,132,0,None,104,94.24575740460482,0,79.0,179.52
7.2,16.8,22,86,89,0.88,1960,74,31,101,0,None,113,272.2218441363276,-3,87.5,88.88
21.9,13.2,30,97,81,0.58,1656,72,33,110,0,None,112,75.61640382812611,16,89.0,63.8
24.3,18.4,36,96,94,1.08,1661,79,35,188,0,None,120,68.3538813358513,2,95.0,203.04000000000002
19.3,17.3,33,79,87,0.77,1888,76,32,261,0,None,102,97.823783510993,-8,83.0,200.97
13.4,12.0,25,81,86,1.41,1232,72,15,81,0,None,137,91.94022989535083,-5,83.5,114.21
24.0,19.4,40,95,81,1.31,902,67,23,89,1,Gearbox,130,37.583317673617636,14,88.0,116.59
24.4,16.8,18,79,85,1.4,1686,66,32,92,0,None,100,69.09833233674905,-6,82.0,128.79999999999998
23.7,19.5,19,97,76,0.58,1072,75,35,218,0,None,103,45.23204842529603,21,86.5,126.44
13.2,12.0,27,93,78,1.36,1216,79,16,115,1,Gearbox,139,92.12114233246794,15,85.5,156.4
20.8,18.7,36,75,81,1.09,1805,80,22,120,0,None,112,86.7788044332671,-6,78.0,130.8
18.1,16.7,36,92,94,0.72,1756,65,28,293,0,None,130,97.01652098534751,-2,93.0,210.95999999999998
8.6,15.5,26,95,84,0.8,1422,72,23,156,0,None,133,165.3486449434361,11,89.5,124.80000000000001
15.7,18.2,36,74,83,0.96,1015,74,18,157,0,None,121,64.64964035054756,-9,78.5,150.72
20.0,16.3,17,84,90,1.13,1228,68,33,186,0,None,108,61.39996930001535,-6,87.0,210.17999999999998
22.9,16.7,24,96,89,0.73,1423,62,21,216,0,None,143,62.139710856021466,7,92.5,157.68
22.3,12.5,36,76,88,0.71,1745,66,20,117,0,None,124,78.25108598606009,-12,82.0,83.07
8.1,18.2,21,83,87,1.39,1983,70,26,197,0,None,118,244.81451257467586,-4,85.0,273.83
14.8,16.5,21,88,78,1.35,1588,62,32,173,0,None,102,107.29722479917243,10,83.0,233.55
14.6,18.4,18,73,83,1.27,959,66,25,155,0,None,106,65.68488651720102,-10,78.0,196.85
23.0,13.5,26,76,93,1.26,1143,65,17,64,0,None,135,49.69563056711714,-17,84.5,80.64
5.0,13.3,40,84,94,1.27,1185,67,24,226,0,None,130,236.999526000948,-10,89.0,287.02
19.8,10.2,40,81,84,1.42,1598,74,17,232,0,None,131,80.70702994594447,-3,82.5,329.44
17.4,17.7,41,80,75,1.34,920,70,18,246,0,None,119,52.873532831302974,5,77.5,329.64000000000004
23.4,13.3,16,71,85,0.89,1457,68,24,145,0,None,108,62.264930656012545,-14,78.0,129.05
14.1,13.3,45,98,80,0.97,1995,65,17,229,0,None,144,141.4892613551338,18,89.0,222.13
18.2,16.9,30,96,79,1.1,1746,74,28,260,0,None,119,95.93401322306967,17,87.5,286.0
24.5,12.5,41,82,81,0.98,1746,73,26,96,1,Blades,111,71.2652770345808,1,81.5,94.08
19.9,19.1,42,75,77,0.8,1720,69,22,57,0,None,108,86.4321173707953,-2,76.0,45.6
6.3,15.4,30,72,76,1.36,1652,66,18,121,0,None,112,262.22180599713334,-4,74.0,164.56
8.4,19.7,17,74,84,1.3,1228,76,25,35,0,None,108,146.1903021544022,-10,79.0,45.5
21.4,10.8,33,88,80,0.89,1761,77,31,289,0,None,106,82.28968117304619,8,84.0,257.21
11.7,13.4,25,92,80,0.61,1610,77,30,130,0,None,112,137.60671999425642,12,86.0,79.3
19.1,13.8,21,75,79,0.5,1152,68,34,127,0,None,86,60.31410454758924,-4,77.0,63.5
19.0,17.3,20,73,85,0.59,1977,65,25,162,0,None,108,104.05257681443325,-12,79.0,95.58
24.9,12.1,32,91,90,0.65,1983,77,28,251,0,None,125,79.63852223352521,1,90.5,163.15
14.4,13.8,18,86,88,1.16,1311,80,20,198,0,None,134,91.04160344333094,-2,87.0,229.67999999999998
19.8,19.1,40,81,95,0.72,1729,64,30,104,0,None,116,87.32318822061201,-14,88.0,74.88
6.0,11.1,22,92,93,1.13,1650,73,25,93,0,None,135,274.99954166743055,-1,92.5,105.08999999999999
14.3,17.5,31,84,83,0.83,1542,67,24,219,0,None,119,107.83209242511019,1,83.5,181.76999999999998
8.7,17.0,19,84,91,1.4,1099,70,21,41,1,Generator,133,126.3216938831105,-7,87.5,57.4
21.8,11.3,41,70,79,0.97,1415,71,21,117,1,Blades,107,64.90822710631784,-9,74.5,113.49
21.8,16.9,36,79,79,1.17,1703,71,19,112,0,None,120,78.1192302205366,0,79.0,131.04
9.7,15.7,21,70,89,0.96,1987,75,34,256,0,None,91,204.84514964417565,-19,79.5,245.76
11.4,12.9,36,98,79,1.41,1575,79,20,158,1,Gearbox,137,138.1577735458127,19,88.5,222.78
19.0,13.1,17,79,84,1.19,1727,62,16,35,0,None,131,90.89468900279526,-5,81.5,41.65
19.8,18.3,38,75,81,1.14,1905,74,23,49,0,None,110,96.21207262016534,-6,78.0,55.85999999999999
18.2,12.3,30,73,80,1.09,1575,70,34,150,0,None,85,86.53841398988243,-7,76.5,163.5
24.9,15.1,19,71,78,1.49,1741,68,16,41,0,None,117,69.91965063467846,-7,74.5,61.089999999999996
22.4,16.8,32,97,87,1.18,1404,73,20,39,0,None,144,62.67854344707882,10,92.0,46.019999999999996
13.3,11.3,21,75,76,1.25,1221,78,20,37,0,None,111,91.80444225229905,-1,75.5,46.25
11.5,19.3,35,89,89,0.58,1442,72,26,32,0,None,126,125.39119531200409,0,89.0,18.56
16.9,12.6,36,90,93,1.31,998,76,30,78,1,Generator,123,59.053219495136396,-3,91.5,102.18
21.4,13.2,38,80,82,1.1,1923,66,23,143,0,None,116,89.85977109356492,-2,81.0,157.3
14.5,16.7,42,95,83,0.84,1241,69,22,267,0,None,134,85.58614787162216,12,89.0,224.28
19.8,10.8,35,76,87,1.08,1407,63,21,196,0,None,121,71.0605701714292,-11,81.5,211.68
5.4,16.3,30,72,88,1.13,1619,71,33,96,0,None,94,299.814259603223,-16,80.0,108.47999999999999
23.5,19.2,41,72,86,0.76,1455,75,34,268,1,Blades,90,61.91486727026925,-14,79.0,203.68
20.5,12.5,42,79,89,0.94,1211,72,27,63,1,Blades,114,59.07314191554053,-10,84.0,59.22
12.9,13.6,38,84,91,1.22,1983,78,33,179,0,None,109,153.7208110691387,-7,87.5,218.38
12.7,12.3,43,89,95,0.73,1833,77,35,81,0,None,114,144.33059501527953,-6,92.0,59.129999999999995
7.1,18.2,44,92,83,1.34,1013,68,26,296,1,Gearbox,123,142.6758553861192,9,87.5,396.64000000000004
21.3,11.7,23,75,87,0.58,1304,71,21,223,0,None,120,61.22062853491618,-12,81.0,129.34
20.4,13.5,21,91,83,1.08,1114,73,22,217,0,None,130,54.60781636871747,8,87.0,234.36
17.6,16.0,28,75,80,0.88,1427,76,27,36,0,None,101,81.07949938664807,-5,77.5,31.68
7.0,14.0,45,100,95,0.55,1130,61,23,100,0,None,149,161.42834081665598,5,97.5,55.00000000000001
10.2,10.7,18,99,75,1.27,1244,76,25,81,0,None,124,121.96066474444635,24,87.0,102.87
14.2,19.5,36,73,76,1.05,1473,61,20,61,0,None,109,103.73232131526669,-3,74.5,64.05
10.3,13.4,41,90,87,1.22,1058,74,35,81,0,None,107,102.71834687539138,3,88.5,98.82
13.7,14.5,45,97,89,0.88,1847,69,19,242,0,None,148,134.8174198412994,8,93.0,212.96
9.5,11.7,34,72,90,1.36,1299,65,33,61,0,None,96,136.73669817189668,-18,81.0,82.96000000000001
12.0,18.7,26,74,89,0.58,1906,74,32,265,0,None,99,158.83320097233252,-15,81.5,153.7
18.0,12.9,20,80,91,0.73,933,77,31,126,0,None,109,51.83330453705304,-11,85.5,91.98
22.8,10.2,44,73,90,1.29,1749,77,34,190,1,Blades,95,76.71049267083654,-17,81.5,245.1
12.7,13.2,43,97,86,1.45,1851,64,31,275,1,Gearbox,121,145.74791673392383,11,91.5,398.75
18.8,19.8,39,96,84,1.35,1983,72,22,148,1,Gearbox,136,105.47866729858123,12,90.0,199.8
7.7,11.5,43,98,89,0.73,1045,73,18,67,0,None,151,135.7141094621955,9,93.5,48.91
15.8,10.3,17,76,90,0.85,1377,61,25,270,0,None,116,87.15184357478255,-14,83.0,229.5
23.4,15.8,34,71,82,1.27,1736,67,15,193,0,None,123,74.18800248375963,-11,76.5,245.11
5.6,13.7,23,83,75,1.45,1465,62,34,54,0,None,90,261.60667570236484,8,79.0,78.3
10.4,17.9,38,96,81,0.79,1803,68,32,99,0,None,113,173.3652179180597,15,88.5,78.21000000000001
7.6,17.3,18,89,86,0.89,1982,75,31,104,0,None,113,260.78913054061775,3,87.5,92.56
15.7,11.9,23,100,86,0.52,1732,76,22,58,0,None,142,110.31840107108212,14,93.0,30.16
18.6,15.6,41,97,83,1.0,1716,75,17,208,0,None,146,92.25801491504573,14,90.0,208.0
6.2,10.3,37,82,94,0.59,1525,65,29,257,0,None,118,245.96734521395933,-12,88.0,151.63
6.4,14.4,45,71,85,0.59,1409,63,28,56,0,None,100,220.15590600639686,-14,78.0,33.04
22.4,17.1,34,70,78,1.26,1819,77,31,31,0,None,86,81.20532089048176,-8,74.0,39.06
14.1,14.1,24,89,79,0.84,1156,75,25,38,0,None,118,81.98575745690961,10,84.0,31.919999999999998
14.3,11.2,31,97,77,1.44,1848,75,18,144,1,Gearbox,138,129.23067885966512,20,87.0,207.35999999999999
23.9,10.6,43,83,80,1.22,1821,65,31,117,1,Blades,101,76.19243673956622,3,81.5,142.74
11.4,18.5,35,96,81,0.79,1711,71,29,140,0,None,119,150.08758764246699,15,88.5,110.60000000000001
22.9,18.9,41,87,82,1.18,1665,78,34,287,1,Blades,101,72.70739183083327,5,84.5,338.65999999999997
24.5,13.4,16,73,92,1.37,909,77,17,175,1,Generator,131,37.10202567264258,-19,82.5,239.75000000000003
9.8,11.6,26,94,90,0.94,1989,65,27,103,0,None,130,202.9589765724729,4,92.0,96.82
15.3,19.8,43,85,85,1.06,1331,79,28,291,0,None,114,86.99340719385151,0,85.0,308.46000000000004
15.7,15.5,16,72,84,0.72,1318,68,35,50,0,None,86,83.94899111529229,-12,78.0,36.0
22.3,14.8,31,94,83,0.9,1987,71,32,68,0,None,113,89.10309905690625,11,88.5,61.2
11.1,17.4,25,93,75,1.08,1166,75,21,79,0,None,126,105.0449504099546,18,84.0,85.32000000000001
21.0,11.7,34,84,93,1.12,1948,65,24,127,0,None,129,92.7618605895902,-9,88.5,142.24
24.4,15.8,20,71,81,1.22,1324,68,22,228,0,None,108,54.262272843330805,-10,76.0,278.15999999999997
21.8,18.9,35,80,92,1.46,1008,79,33,35,1,Generator,106,46.23851089976564,-12,86.0,51.1
23.2,10.2,45,83,90,1.34,1475,62,25,175,1,Blades,123,63.57755880277638,-7,86.5,234.5
19.2,16.7,23,75,77,1.35,1677,60,33,76,0,None,86,87.34370450848724,-2,76.0,102.60000000000001
23.1,15.5,29,75,81,1.06,1570,79,22,96,0,None,112,67.96533854314349,-6,78.0,101.76
8.3,19.5,16,75,85,0.64,1947,78,19,94,0,None,122,234.57803062887876,-10,80.0,60.160000000000004
19.2,12.6,28,81,80,1.14,1322,76,26,160,0,None,109,68.85413080514022,1,80.5,182.39999999999998
19.6,18.6,27,95,83,0.91,1386,67,35,239,0,None,108,70.71424963558691,12,89.0,217.49
13.8,13.1,32,93,81,0.53,1171,68,28,44,0,None,118,84.85501097462972,12,87.0,23.32
6.6,14.3,23,70,88,0.69,1536,78,16,66,0,None,126,232.72692011072712,-18,79.0,45.54
17.4,12.1,25,70,82,1.26,1934,80,16,144,0,None,120,111.149361408413,-12,76.0,181.44
6.0,18.6,33,72,82,1.13,1280,61,24,245,0,None,106,213.33297777837038,-10,77.0,276.84999999999997
12.6,12.0,42,84,80,1.48,1026,69,16,49,0,None,132,81.42850680277239,4,82.0,72.52
12.9,18.6,22,97,91,1.42,1303,68,17,178,1,Gearbox,154,101.00767363746229,6,94.0,252.76
25.0,14.6,35,75,88,1.09,1872,75,30,180,0,None,103,74.87997004801198,-13,81.5,196.20000000000002
11.0,18.4,31,84,89,0.65,1890,70,30,140,0,None,113,171.8180256199767,-5,86.5,91.0
21.4,12.6,18,71,83,0.84,1034,62,19,218,0,None,116,48.317734430965224,-12,77.0,183.12
6.1,11.3,32,71,92,0.73,1741,63,32,66,0,None,99,285.4093681813637,-21,81.5,48.18
15.6,15.5,36,70,83,0.97,1056,66,19,181,0,None,115,67.69226429983058,-13,76.5,175.57
15.7,15.1,33,92,79,1.3,1873,76,30,253,0,None,111,119.29928707051779,13,85.5,328.90000000000003
17.6,13.6,18,71,85,1.32,1423,75,27,270,0,None,102,80.85222678850751,-14,78.0,356.40000000000003
21.2,16.6,41,78,84,0.68,1889,75,32,117,1,Blades,98,89.1037315548436,-6,81.0,79.56
20.2,11.0,16,89,77,1.05,982,76,30,270,0,None,106,48.61383731988252,12,83.0,283.5
20.2,16.2,22,89,88,1.18,984,68,15,285,0,None,147,48.71284717185784,1,88.5,336.29999999999995
13.6,12.1,33,72,91,0.9,1929,72,16,251,0,None,131,141.83813100137428,-19,81.5,225.9
19.5,11.3,22,78,82,1.41,1750,63,16,153,0,None,128,89.74354372125963,-4,80.0,215.73
14.8,19.1,18,89,90,0.86,1060,64,32,285,0,None,115,71.62157322866673,-1,89.5,245.1
6.3,14.6,30,82,87,0.99,1880,66,27,285,0,None,115,298.4122247425004,-5,84.5,282.15
22.8,17.6,37,84,80,1.09,1839,70,34,122,0,None,96,80.65785936058799,4,82.0,132.98000000000002
22.8,10.9,27,76,82,0.93,1492,64,23,113,0,None,112,65.43856779010184,-6,79.0,105.09
11.5,10.6,36,71,94,1.46,1082,77,19,229,1,Generator,127,94.08687470706548,-23,82.5,334.34
23.3,14.9,41,80,79,1.26,1365,72,22,159,1,Blades,115,58.58366584392024,1,79.5,200.34
20.2,13.2,44,90,78,1.33,1505,71,20,245,1,Blades,128,74.5049136114289,12,84.0,325.85
13.0,10.0,22,93,77,1.25,1131,60,32,237,0,None,106,86.99993307697456,16,85.0,296.25
11.6,11.8,33,88,93,1.09,1844,71,20,159,0,None,141,158.96538020225844,-5,90.5,173.31
24.5,12.2,23,82,88,0.53,1817,78,18,280,0,None,134,74.16323503541427,-6,85.0,148.4
19.3,12.9,41,87,77,1.26,926,64,22,269,0,None,120,47.979249751684065,10,82.0,338.94
12.6,18.8,42,91,90,1.11,922,64,31,33,0,None,119,73.17454509956738,1,90.5,36.63
17.8,14.2,25,93,88,0.58,1381,78,23,39,0,None,135,77.58422607627749,5,90.5,22.619999999999997
16.4,16.8,34,73,95,0.62,1917,77,27,144,0,None,114,116.89017262794353,-22,84.0,89.28
15.5,10.2,42,94,85,0.98,1745,74,19,235,0,None,141,112.58057252866288,9,89.5,230.29999999999998
17.9,18.1,30,72,85,1.35,1954,75,17,103,0,None,123,109.16195018885466,-13,78.5,139.05
15.8,12.4,37,96,80,1.05,1212,61,20,121,0,None,136,76.70881220961252,16,88.0,127.05000000000001
18.1,13.1,39,82,79,1.42,1965,75,31,107,0,None,99,108.56347593178124,3,80.5,151.94
23.2,10.5,41,86,90,1.32,1485,75,29,292,1,Blades,118,64.00859309974436,-4,88.0,385.44
24.9,14.1,30,79,82,1.13,1572,61,17,68,0,None,127,63.13250476606235,-3,80.5,76.83999999999999
19.2,18.5,43,83,89,0.81,1152,76,19,227,0,None,134,59.99996875001628,-6,86.0,183.87
23.6,13.8,34,95,90,1.35,1408,73,20,183,1,Gearbox,145,59.66099166907132,5,92.5,247.05
22.2,19.1,20,79,93,1.16,1732,71,21,167,0,None,130,78.01798287478249,-14,86.0,193.72
10.9,18.7,33,87,84,1.05,1286,70,28,42,0,None,115,117.98154313619895,3,85.5,44.1
23.7,10.6,24,89,77,1.0,977,70,18,146,0,None,130,41.22361129805431,12,83.0,146.0
6.4,13.1,26,74,75,0.71,1822,65,17,41,0,None,115,284.6870551764763,-1,74.5,29.11
11.6,19.1,39,93,81,0.52,937,60,25,199,0,None,124,80.7757924346617,12,87.0,103.48
17.8,10.3,44,100,94,1.22,1006,79,22,189,0,None,150,56.51682218156057,6,97.0,230.57999999999998
15.5,17.7,41,75,90,1.42,1601,69,19,173,0,None,127,103.29025594177037,-15,82.5,245.66
15.8,19.1,25,93,86,0.68,1635,61,18,192,0,None,143,103.4809471639575,7,89.5,130.56
20.9,17.7,29,74,80,1.43,1505,67,20,152,0,None,114,72.0095349236675,-6,77.0,217.35999999999999
8.9,17.4,45,99,89,0.57,986,67,16,120,0,None,156,110.78639237484003,10,94.0,68.39999999999999
24.6,18.4,43,82,90,1.05,1755,77,21,198,1,Blades,130,71.34143441405105,-8,86.0,207.9
13.7,16.7,44,99,80,0.62,1558,67,23,275,0,None,133,113.72254472806955,19,89.5,170.5
24.0,14.2,28,72,89,1.39,1638,78,20,168,0,None,121,68.24997156251185,-17,80.5,233.51999999999998
12.7,10.6,39,94,77,0.6,903,69,28,273,0,None,115,71.10230621865652,17,85.5,163.79999999999998
17.0,17.9,41,84,77,0.75,997,63,32,292,0,None,97,58.64702432527981,7,80.5,219.0
14.0,19.1,16,79,76,1.31,1693,66,30,92,0,None,95,120.9284850510821,3,77.5,120.52000000000001
18.5,15.1,23,92,91,1.19,1646,77,19,157,0,None,145,88.97292487950007,1,91.5,186.82999999999998
8.7,15.3,42,89,80,0.89,1118,63,18,268,0,None,133,128.50559941885126,9,84.5,238.52
13.0,14.0,27,97,87,1.34,1455,72,33,272,1,Gearbox,118,111.9229908284686,10,92.0,364.48
6.4,18.6,23,77,78,1.14,1244,75,24,271,0,None,107,194.37469628953704,-1,77.5,308.94
17.0,10.1,23,98,84,0.76,1587,66,32,182,0,None,118,93.35288626300809,14,91.0,138.32
24.3,16.2,26,89,76,1.24,1777,76,28,88,0,None,109,73.12754192282225,13,82.5,109.12
5.9,19.1,22,84,92,0.83,1107,66,30,259,0,None,116,187.6268006325413,-8,88.0,214.97
18.2,11.0,15,72,86,1.32,1614,65,19,66,0,None,120,88.68126995534618,-14,79.0,87.12
20.5,19.6,20,93,93,1.28,1378,62,31,103,0,None,124,67.21947940513199,0,93.0,131.84
9.3,19.7,41,96,84,0.81,1112,72,23,211,0,None,134,119.56976390347967,12,90.0,170.91000000000003
10.5,19.3,17,94,81,0.6,1336,71,22,137,0,None,131,127.23797405907233,13,87.5,82.2
9.0,14.6,27,92,83,1.32,1015,73,27,140,1,Gearbox,121,112.77765246927504,9,87.5,184.8
10.9,13.8,29,99,80,0.86,1623,69,21,279,0,None,137,148.89894596426976,19,89.5,239.94
7.2,17.1,38,95,93,0.83,1998,64,20,41,0,None,148,277.49961458386866,2,94.0,34.03
12.4,13.2,23,98,81,0.52,1707,62,17,294,0,None,145,137.66117930550055,17,89.5,152.88
12.4,10.7,24,92,81,1.23,1837,70,23,268,0,None,127,148.14504181851467,11,86.5,329.64
21.1,19.0,15,95,88,0.77,1148,71,27,111,0,None,129,54.407557152816516,7,91.5,85.47
21.0,16.3,42,79,77,0.94,1017,79,20,136,1,Blades,116,48.42854836735792,2,78.0,127.83999999999999
20.9,12.1,36,90,79,1.4,902,70,33,190,0,None,103,43.157874087141586,11,84.5,266.0
16.3,10.2,23,76,84,0.63,1703,79,35,191,0,None,90,104.47846351014509,-8,80.0,120.33
11.5,17.2,42,72,79,0.54,1805,73,18,224,0,None,115,156.95638525531717,-7,75.5,120.96000000000001
13.2,18.5,18,87,80,1.06,1108,63,26,158,0,None,115,83.93933034899217,7,83.5,167.48000000000002
11.4,14.1,26,93,89,1.2,1426,62,21,162,0,None,140,125.0876095722723,4,91.0,194.4
16.6,10.8,32,72,81,1.03,1544,79,23,67,0,None,107,93.0119921614505,-9,76.5,69.01
23.8,16.5,30,75,88,0.84,1954,64,24,50,0,None,115,82.10080583999755,-13,81.5,42.0
10.7,13.0,35,73,85,0.86,1905,67,24,88,0,None,110,178.03721678764788,-12,79.0,75.67999999999999
14.2,11.4,24,89,90,0.65,917,61,23,123,0,None,133,64.57741931167655,-1,89.5,79.95
18.1,15.1,38,72,90,0.81,954,65,22,72,0,None,118,52.70715320046784,-18,81.0,58.32000000000001
21.9,14.8,27,73,79,1.26,1955,79,17,261,0,None,118,89.26936563042666,-6,76.0,328.86
10.1,15.2,19,78,94,1.0,964,62,23,287,0,None,126,95.44545005400985,-16,86.0,287.0
10.6,18.2,37,78,91,1.39,1540,78,35,196,1,Generator,99,145.28288180860207,-13,84.5,272.44
22.7,14.8,42,87,86,0.67,987,61,24,223,1,Blades,125,43.480157057199534,1,86.5,149.41
6.6,19.0,26,71,86,0.94,1634,73,22,32,0,None,113,247.57538246154175,-15,78.5,30.08
17.1,18.4,33,88,92,1.2,1103,70,30,233,0,None,120,64.50288625562207,-4,90.0,279.59999999999997
22.2,16.5,36,82,85,0.77,938,75,33,128,0,None,101,42.25223321971477,-3,83.5,98.56
23.4,10.6,40,75,85,0.77,1207,76,28,158,0,None,104,51.581174537959605,-10,80.0,121.66
5.3,18.6,21,90,88,0.61,1484,74,22,158,0,None,134,279.99947169911,2,89.0,96.38
12.4,19.1,32,80,77,1.39,1489,64,23,257,0,None,111,120.08054832213845,3,78.5,357.22999999999996
10.1,13.8,37,95,87,0.67,1740,73,23,294,0,None,136,172.27705715142858,8,91.0,196.98000000000002
16.4,15.3,21,100,79,1.47,967,72,17,169,1,Gearbox,145,58.96337868086666,21,89.5,248.43
17.7,12.8,29,93,77,0.95,909,77,26,259,0,None,118,51.35590318875526,16,85.0,246.04999999999998
25.0,10.1,29,92,91,1.48,1686,62,19,145,1,Gearbox,145,67.4399730240108,1,91.5,214.6
15.3,14.8,40,81,83,0.54,1950,72,28,257,0,None,108,127.45089709091692,-2,82.0,138.78
16.0,11.3,38,86,85,1.07,1112,64,30,139,0,None,111,69.49995656252715,1,85.5,148.73000000000002
13.3,11.8,22,72,81,1.19,1065,73,27,108,0,None,99,80.07512776306183,-9,76.5,128.51999999999998
8.0,14.8,22,92,76,1.02,1277,70,21,87,0,None,126,159.6248004689994,16,84.0,88.74
11.1,18.7,37,90,84,1.07,1672,64,31,197,0,None,112,150.63049492748206,6,87.0,210.79000000000002
9.9,18.4,37,78,90,1.04,1738,62,19,73,0,None,130,175.55537822689067,-12,84.0,75.92
21.0,19.7,20,86,90,0.65,1930,74,19,128,0,None,138,91.90471814061041,-4,88.0,83.2
15.9,14.8,27,90,93,1.03,1782,76,18,180,0,None,147,112.0754012104395,-3,91.5,185.4
10.9,15.5,40,81,92,1.04,931,67,30,173,0,None,113,85.41276567636176,-11,86.5,179.92000000000002
14.8,18.2,17,92,95,0.86,1127,72,26,97,0,None,135,76.14859719689379,-3,93.5,83.42
9.4,17.0,26,94,86,1.11,1291,76,17,37,0,None,146,137.34027942523466,8,90.0,41.07
8.7,11.8,34,77,76,0.91,1942,74,27,66,0,None,99,223.21813423202966,1,76.5,60.06
22.2,14.0,38,79,92,1.26,1566,75,32,93,0,None,107,70.5405087655366,-13,85.5,117.18
23.9,19.3,35,82,94,0.54,1996,71,24,109,0,None,128,83.51460940811323,-12,88.0,58.86000000000001
6.6,11.5,27,77,84,0.51,1249,63,32,247,0,None,97,189.2421375119129,-7,80.5,125.97
20.3,12.1,45,93,77,1.02,1914,79,34,247,1,Blades,102,94.2856678395725,16,85.0,251.94
14.1,14.0,16,87,75,1.49,1668,66,20,111,0,None,122,118.2977884412848,12,81.0,165.39
12.8,19.4,30,81,87,0.95,1876,62,26,208,0,None,116,146.56238549813634,-6,84.0,197.6
18.8,11.1,30,70,88,0.51,1915,77,33,49,0,None,92,101.86164794593194,-18,79.0,24.990000000000002
10.3,16.7,22,80,75,0.82,1398,78,27,152,0,None,101,135.72802356502567,5,77.5,124.63999999999999
5.4,11.3,32,95,94,0.97,1859,78,24,104,0,None,141,344.2586217432931,1,94.5,100.88
9.3,15.2,22,92,86,1.4,1982,70,27,92,1,Gearbox,124,213.1180504106985,6,89.0,128.79999999999998
8.7,15.4,28,72,87,0.62,1634,66,30,106,0,None,99,187.81587607370568,-15,79.5,65.72
5.7,10.4,28,94,86,1.42,1185,76,20,298,1,Gearbox,140,207.89437211513663,8,90.0,423.15999999999997
11.4,19.5,38,75,81,1.44,1196,79,18,115,0,None,120,104.91218867351871,-6,78.0,165.6
14.5,18.1,43,100,93,1.14,1728,60,19,184,0,None,155,119.17233160528855,7,96.5,209.76
19.7,13.0,21,96,75,0.73,1262,78,30,244,0,None,111,64.06088118736996,21,85.5,178.12
11.5,11.3,45,97,90,1.04,1352,65,17,212,0,None,153,117.56511516076942,7,93.5,220.48000000000002
8.9,13.5,43,93,82,1.32,1479,76,21,288,1,Gearbox,133,166.17958856226005,11,87.5,380.16
9.6,18.9,18,91,79,0.86,1903,76,32,199,0,None,106,198.2289601781665,12,85.0,171.14
22.8,11.3,42,77,84,1.41,1682,71,33,236,1,Blades,95,73.77189746846602,-7,80.5,332.76
9.1,13.5,32,88,79,0.59,1220,69,34,223,0,None,99,134.0657867408937,9,83.5,131.57
22.6,14.9,41,91,92,0.81,1047,64,27,212,1,Blades,129,46.32741312946322,-1,91.5,171.72
13.9,10.3,43,79,91,1.49,1219,65,20,60,1,Generator,130,87.69777863469163,-12,85.0,89.4
23.7,12.7,41,82,92,1.08,1267,70,28,190,1,Blades,118,53.45989305489745,-10,87.0,205.20000000000002
13.2,16.0,27,98,92,1.09,1706,63,19,171,0,None,152,129.24232633157098,6,95.0,186.39000000000001
8.6,13.2,34,82,91,0.74,1368,74,20,251,0,None,133,159.0695824772297,-9,86.5,185.74
16.0,18.7,29,79,87,1.36,1998,61,34,127,0,None,98,124.87492195317378,-8,83.0,172.72
16.8,19.4,26,73,93,0.93,938,61,15,268,0,None,136,55.83330009922613,-20,83.0,249.24
17.7,14.4,23,80,76,1.29,1290,70,26,58,0,None,104,72.88131475631936,4,78.0,74.82000000000001
13.2,15.3,28,88,81,1.31,995,65,16,37,0,None,137,75.37873077368882,7,84.5,48.47
6.0,16.3,39,74,79,0.67,1292,70,19,78,0,None,115,215.3329744450426,-5,76.5,52.260000000000005
17.5,16.6,40,88,77,1.0,1377,71,22,173,0,None,121,78.68566932247468,11,82.5,173.0
23.7,10.6,44,92,75,0.88,1880,66,17,118,1,Blades,133,79.32486104436244,17,83.5,103.84
24.2,10.5,24,93,83,0.65,1368,78,16,197,0,None,144,56.52890226078419,10,88.0,128.05
16.9,18.7,35,100,89,0.62,928,70,22,32,0,None,145,54.91121011171,11,94.5,19.84
5.4,12.2,36,83,88,0.55,1951,76,25,42,0,None,121,361.29562723031995,-5,85.5,23.1
7.1,15.8,21,71,88,1.2,1060,78,31,259,0,None,97,149.29556437244457,-17,79.5,310.8
21.7,16.2,26,96,93,1.28,1751,78,22,234,0,None,145,80.6912070547433,3,94.5,299.52
21.6,11.6,25,73,94,0.97,1120,61,21,55,0,None,125,51.851827846376,-21,83.5,53.35
23.9,17.6,45,96,89,1.06,1916,61,15,191,1,Blades,155,80.16733047392032,7,92.5,202.46
16.3,18.7,44,99,77,0.76,1149,72,27,168,0,None,122,70.49075430015074,22,88.0,127.68
22.3,12.9,40,97,89,1.21,1841,68,30,242,0,None,126,82.55601679102386,8,93.0,292.82
21.5,18.8,29,99,86,1.08,1356,75,15,242,0,None,155,63.06973810709856,13,92.5,261.36
16.8,10.8,23,71,76,1.38,1392,79,15,203,0,None,117,82.85709353744433,-5,73.5,280.14
20.7,18.0,42,70,80,1.25,1592,61,32,239,1,Blades,86,76.90817540667855,-10,75.0,298.75
7.5,16.4,23,76,80,0.52,1436,73,21,71,0,None,114,191.46641137811818,-4,78.0,36.92
17.8,15.8,31,94,90,1.31,1270,72,26,158,1,Gearbox,132,71.34827452344128,4,92.0,206.98000000000002
24.1,12.3,22,73,82,0.53,1167,77,28,239,0,None,99,48.4232164219019,-9,77.5,126.67
8.2,13.6,44,92,85,1.31,1193,66,28,139,1,Gearbox,121,145.48762745411287,7,88.5,182.09
19.9,19.1,16,70,91,1.49,1674,70,26,138,1,Generator,109,84.12056074343683,-21,80.5,205.62
11.4,14.7,20,92,94,0.98,1020,79,19,49,0,None,148,89.47360572490726,-2,93.0,48.019999999999996
21.3,15.9,38,78,86,0.73,1518,80,30,165,0,None,104,71.26757217484874,-8,82.0,120.45
18.9,19.4,20,83,86,0.51,1317,71,26,145,0,None,117,69.68250281349059,-3,84.5,73.95
23.5,14.7,44,99,77,0.65,1288,64,21,200,1,Blades,134,54.80848731553731,22,88.0,130.0
19.2,13.9,25,87,85,1.0,1687,76,29,282,0,None,114,87.86453757055335,2,86.0,282.0
13.2,18.9,43,72,89,1.31,1454,68,18,274,0,None,125,110.15143170346084,-17,80.5,358.94
5.2,19.1,35,96,79,1.37,985,78,22,149,1,Gearbox,131,189.42271264862953,17,87.5,204.13000000000002
20.9,13.5,34,80,77,1.18,1901,76,19,231,0,None,119,90.95689427899796,3,78.5,272.58
13.2,15.9,42,88,92,0.59,1888,79,22,141,0,None,136,143.03019467409496,-4,90.0,83.19
18.4,19.6,30,91,77,1.49,1368,64,26,291,1,Gearbox,116,74.34778568055127,14,84.0,433.59
7.1,10.6,27,93,93,1.25,915,68,24,80,0,None,138,128.87305792527053,0,93.0,100.0
22.8,10.4,22,83,80,0.93,966,65,26,264,0,None,111,42.36840246999892,3,81.5,245.52
13.7,15.2,19,93,82,1.31,1441,79,21,50,1,Gearbox,133,105.18240497634675,11,87.5,65.5
23.4,12.9,39,74,86,1.09,990,75,17,237,0,None,126,42.30767422748965,-12,80.0,258.33000000000004
19.1,15.8,19,86,79,1.1,1388,60,17,280,0,None,131,72.6701190208801,7,82.5,308.0
7.4,17.2,27,71,89,1.47,1109,66,22,218,0,None,116,149.86466234505087,-18,80.0,320.46
16.6,10.7,27,82,85,1.3,1783,75,23,45,0,None,121,107.40957384965431,-3,83.5,58.5
23.2,18.8,35,81,94,0.76,1304,74,29,67,0,None,117,56.206872324624,-13,87.5,50.92
21.0,12.8,23,99,93,0.68,1316,61,21,272,0,None,150,62.66663682541104,6,96.0,184.96
13.4,13.8,40,82,90,0.67,927,68,29,140,0,None,114,69.1790528514531,-8,86.0,93.80000000000001
24.1,13.4,21,97,79,0.95,1619,76,27,220,0,None,122,67.17839536166167,18,88.0,209.0
10.4,18.4,39,83,79,0.89,1751,67,21,33,0,None,120,168.36522272574737,4,81.0,29.37
12.5,11.7,40,86,80,0.95,1190,65,35,189,0,None,96,95.19992384006093,6,83.0,179.54999999999998
20.0,10.3,21,81,92,0.56,1578,74,20,299,0,None,133,78.89996055001973,-11,86.5,167.44000000000003
9.7,19.7,39,89,88,0.7,1612,73,26,272,0,None,125,166.1853956851591,1,88.5,190.39999999999998
15.3,19.8,36,92,79,1.3,1593,61,32,143,0,None,107,104.1175790081183,13,85.5,185.9
19.6,12.6,41,94,84,1.26,1668,78,19,144,0,None,140,85.10199739694009,10,89.0,181.44
17.9,10.1,30,91,94,0.89,1763,70,16,123,0,None,153,98.49156508851114,-3,92.5,109.47
8.1,16.5,22,80,90,0.89,1734,77,25,257,0,None,120,214.07380978542002,-10,85.0,228.73
17.6,16.5,42,80,94,1.38,1531,68,27,116,1,Generator,120,86.98858693830287,-14,87.0,160.07999999999998
16.5,19.4,39,80,91,0.68,1933,68,18,247,0,None,135,117.15144415063992,-11,85.5,167.96
16.2,13.0,16,71,90,0.86,1759,62,17,87,0,None,127,108.58017988877785,-19,80.5,74.82
21.5,11.9,43,98,92,1.26,1880,76,17,213,1,Blades,156,87.44181979450242,6,95.0,268.38
8.7,16.2,43,76,89,1.07,1459,60,28,255,0,None,109,167.70095666556708,-13,82.5,272.85
20.0,15.6,26,75,86,0.56,1671,66,34,159,0,None,93,83.54995822502089,-11,80.5,89.04
20.2,17.2,15,87,90,0.51,1849,61,33,102,0,None,111,91.53460815118409,-3,88.5,52.02
19.5,18.9,32,71,80,0.52,1494,74,31,44,0,None,89,76.61534532546393,-9,75.5,22.880000000000003
15.1,15.6,42,95,85,1.16,1861,74,22,159,0,None,136,123.24495149340962,10,90.0,184.44
12.9,11.5,19,96,94,1.12,1698,66,26,222,0,None,138,131.6278049396861,2,95.0,248.64000000000001
12.9,16.0,33,82,91,0.54,1729,74,35,114,0,None,103,134.03090385201253,-9,86.5,61.56
19.7,13.7,37,99,94,0.63,1920,65,32,195,0,None,129,97.4618794609749,5,96.5,122.85
15.0,14.5,19,80,94,1.22,1263,66,17,269,0,None,140,84.19994386670409,-14,87.0,328.18
11.8,19.6,30,78,87,0.81,1554,76,15,81,0,None,135,131.6948036484715,-9,82.5,65.61
17.5,15.5,18,100,79,1.49,1200,75,23,150,1,Gearbox,133,68.5713893877775,21,89.5,223.5
21.7,11.5,32,78,90,0.81,1482,75,16,79,0,None,136,68.29489940327217,-12,84.0,63.99
6.2,14.4,28,83,75,0.84,1388,62,30,115,0,None,98,223.87060666031184,8,79.0,96.6
24.4,12.3,23,88,77,0.92,1403,63,27,46,0,None,111,57.499976434435894,11,82.5,42.32
6.9,11.4,41,80,81,1.33,1129,66,28,91,0,None,105,163.62295127108513,-1,80.5,121.03
15.2,17.1,26,82,75,1.06,1588,62,33,92,0,None,91,104.47361547788456,7,78.5,97.52000000000001
16.2,16.3,36,92,89,1.36,1775,70,35,190,1,Gearbox,111,109.56783360010273,3,90.5,258.40000000000003
7.8,15.0,39,92,91,0.93,1196,71,21,161,0,None,141,153.33313675238878,1,91.5,149.73000000000002
23.3,14.2,20,94,90,1.11,1036,67,18,152,0,None,148,44.46350023025741,4,92.0,168.72000000000003
14.4,13.2,19,88,78,0.5,1181,68,16,222,0,None,134,82.01383193483893,10,83.0,111.0
7.9,10.9,15,77,91,1.08,1731,62,32,229,0,None,104,219.11364669158647,-14,84.0,247.32000000000002
19.2,13.0,24,80,92,0.58,970,74,21,237,0,None,130,50.52080702041301,-12,86.0,137.45999999999998
18.3,18.4,39,97,77,0.69,1580,65,16,133,0,None,142,86.33875063456249,20,87.0,91.77
24.3,17.8,38,92,85,1.5,1802,76,27,148,1,Gearbox,123,74.15634808380737,7,88.5,222.0
13.8,19.7,41,73,89,1.14,1782,75,23,180,0,None,116,129.13034120989767,-16,81.0,205.2
10.4,16.6,38,93,83,1.37,1986,72,32,231,1,Gearbox,112,190.96135484485112,10,88.0,316.47
6.2,15.5,16,80,93,0.56,1769,69,17,277,0,None,139,285.32212044819283,-13,86.5,155.12
19.7,13.0,27,71,86,0.88,1048,64,27,30,0,None,103,53.197942539115466,-15,78.5,26.4
17.3,10.8,15,85,77,1.36,1282,79,31,110,0,None,100,74.10400340809052,8,81.0,149.60000000000002
24.5,16.2,16,97,86,0.91,1139,78,32,89,0,None,119,46.48977694294819,11,91.5,80.99000000000001
19.2,14.9,29,83,87,0.75,1314,75,16,78,0,None,138,68.43746435548732,-4,85.0,58.5
23.7,17.6,26,100,94,0.98,1601,78,31,122,0,None,132,67.55271411277886,6,97.0,119.56
24.8,14.1,32,75,83,0.97,1219,78,31,89,0,None,96,49.15320598661049,-8,79.0,86.33
13.6,19.9,17,81,93,1.49,1042,70,20,57,1,Generator,134,76.61759072235976,-12,87.0,84.92999999999999
8.0,14.0,33,70,81,0.85,1686,64,21,106,0,None,109,210.7497365628293,-11,75.5,90.1
8.9,13.3,17,72,84,1.46,1029,64,33,161,0,None,90,115.61784762039593,-12,78.0,235.06
11.4,18.7,28,81,89,1.41,1943,70,28,209,0,None,114,170.43844698381844,-8,85.0,294.69
15.2,14.0,26,86,93,0.95,1580,74,16,109,0,None,147,103.94730003467103,-7,89.5,103.55
7.4,18.7,22,77,90,1.44,1741,68,31,191,0,None,105,235.26995233790225,-13,83.5,275.03999999999996
11.0,10.3,24,75,78,1.23,1807,68,34,45,0,None,85,164.27257793402006,-3,76.5,55.35
11.2,16.9,15,83,79,1.39,1607,61,23,283,0,None,116,143.48201474820112,4,81.0,393.36999999999995
5.1,10.7,25,75,76,1.39,1672,76,30,65,0,None,91,327.84249442648155,-1,75.5,90.35
12.1,11.5,17,89,87,0.59,1769,63,29,110,0,None,118,146.19822628245763,2,88.0,64.89999999999999
7.3,17.0,43,99,84,1.4,1400,78,23,194,1,Gearbox,137,191.78055920471343,15,91.5,271.59999999999997
13.6,12.9,17,94,93,0.99,903,63,24,116,0,None,139,66.39701000219853,1,93.5,114.84
8.9,12.1,44,76,95,1.14,1964,75,27,203,0,None,117,220.67390935515803,-19,85.5,231.42
21.4,18.0,30,99,93,0.8,1167,75,18,64,0,None,156,54.532684797810845,6,96.0,51.2
6.6,19.5,30,93,76,1.15,1065,77,25,212,0,None,119,161.36339187364868,17,84.5,243.79999999999998
22.3,12.3,39,75,94,0.53,1911,70,22,163,0,None,125,85.69502883630994,-19,84.5,86.39
16.6,13.2,36,87,77,0.87,1495,68,17,156,0,None,130,90.06018671073089,10,82.0,135.72
14.2,17.1,22,99,84,1.13,1203,62,19,263,0,None,145,84.71825019841536,15,91.5,297.19
16.0,18.2,16,73,81,0.7,1925,77,25,32,0,None,104,120.3124248047345,-8,77.0,22.4
12.5,20.0,38,78,78,1.17,1841,68,33,74,0,None,90,147.27988217609428,0,78.0,86.58
7.6,12.7,19,81,78,1.33,1401,80,32,208,0,None,95,184.3418627080754,3,79.5,276.64
20.3,15.6,33,73,82,0.54,1952,66,33,108,0,None,89,96.1575880997103,-9,77.5,58.32000000000001
23.6,11.3,43,79,76,1.1,1003,69,20,230,1,Blades,115,42.499981991533055,3,77.5,253.00000000000003
24.0,13.3,31,91,76,1.08,1931,68,32,127,0,None,103,80.45829980904175,15,83.5,137.16
18.4,10.4,24,84,89,1.28,1406,70,22,54,0,None,129,76.41300194945546,-5,86.5,69.12
13.2,12.1,20,83,88,1.2,1408,64,34,110,0,None,103,106.66658585864708,-5,85.5,132.0
14.6,15.1,16,83,77,0.95,1399,65,20,84,0,None,120,95.82185217681358,6,80.0,79.8
18.1,11.6,34,93,84,0.85,1374,69,22,229,0,None,133,75.9115602698562,9,88.5,194.65
21.5,18.9,32,100,87,1.49,1491,75,15,95,1,Gearbox,157,69.34880495404421,13,93.5,141.55
12.5,17.1,29,88,77,1.0,1995,75,33,291,0,None,99,159.59987232010215,11,82.5,291.0
23.3,10.3,21,93,94,0.91,916,64,27,180,0,None,133,39.313287848374316,-1,93.5,163.8
11.5,18.8,22,81,92,1.49,1450,71,21,79,1,Generator,131,126.08684688100271,-11,86.5,117.71
15.6,19.8,44,96,80,0.68,1212,70,18,106,0,None,140,77.69225788957829,16,88.0,72.08
24.2,15.0,16,83,85,0.69,1089,71,28,262,0,None,112,44.99998140496636,-2,84.0,180.77999999999997
23.8,13.1,26,98,85,1.48,1918,66,17,99,1,Gearbox,149,80.58820143352881,13,91.5,146.52
18.9,12.6,16,92,82,1.16,1323,74,18,116,0,None,138,69.99996296298256,10,87.0,134.56
11.5,10.9,21,91,90,1.02,1501,66,25,206,0,None,131,130.521625633369,1,90.5,210.12
9.4,14.9,43,79,88,0.57,1923,67,18,136,0,None,131,204.57425045292504,-9,83.5,77.52
6.6,10.5,19,94,92,0.86,1427,64,17,76,0,None,152,216.21179361849454,2,93.0,65.36
19.2,15.0,33,73,75,0.93,1217,63,29,122,0,None,90,63.38538365344602,-2,74.0,113.46000000000001
15.1,12.5,25,86,87,1.01,1006,78,24,124,0,None,125,66.62247243544873,-1,86.5,125.24
16.4,14.8,34,92,95,0.94,1558,68,16,287,0,None,155,94.99994207320606,-3,93.5,269.78
14.4,14.2,41,97,91,0.94,1903,75,16,175,0,None,156,132.15268600507918,6,94.0,164.5
14.7,13.1,24,87,82,1.49,989,75,34,53,0,None,101,67.27886579668994,5,84.5,78.97
16.4,14.5,17,78,78,1.47,1391,71,16,299,0,None,124,84.81702145303571,0,78.0,439.53
23.3,14.7,21,95,84,0.59,1631,77,24,67,0,None,131,69.99996995709444,11,89.5,39.53
5.6,18.3,28,93,83,0.67,1011,60,23,70,0,None,130,180.53539190108592,10,88.0,46.900000000000006
21.0,16.7,30,75,87,1.44,987,63,25,63,0,None,112,46.99997761905828,-12,81.0,90.72
12.8,14.3,43,96,76,0.82,1125,77,33,97,0,None,106,87.89055633550286,20,86.0,79.53999999999999
19.9,19.1,15,99,83,1.11,1044,79,29,231,0,None,124,52.462285194831566,16,91.0,256.41
24.0,17.6,38,86,92,1.3,1316,70,31,195,0,None,116,54.83331048612063,-6,89.0,253.5
11.1,10.8,17,71,88,0.97,1351,74,24,120,0,None,111,121.71160206161977,-17,79.5,116.39999999999999
6.8,11.5,17,97,84,0.52,1398,63,26,220,0,None,129,205.58793295892212,13,90.5,114.4
9.6,10.8,35,74,81,1.33,1440,73,16,68,0,None,123,149.99984375016277,-7,77.5,90.44
9.4,13.2,42,89,81,1.26,964,73,16,206,0,None,138,102.55308239033788,8,85.0,259.56
19.8,14.4,24,82,90,0.54,1629,62,32,117,0,None,108,82.2726857208658,-8,86.0,63.18000000000001
6.2,15.0,23,100,84,1.4,1707,76,25,277,1,Gearbox,134,275.3221365771991,16,92.0,387.79999999999995
6.0,18.5,34,98,80,1.36,1051,61,17,48,1,Gearbox,144,175.1663747227088,18,89.0,65.28
18.9,10.2,38,94,91,0.78,1150,80,16,186,0,None,153,60.84652865263035,3,92.5,145.08
16.1,14.3,41,76,80,0.58,1209,79,33,244,0,None,90,75.09312106017325,-4,78.0,141.51999999999998
13.4,14.1,22,91,76,0.9,1358,76,18,239,0,None,131,101.34320795282989,15,83.5,215.1
16.5,19.5,37,87,86,1.37,1342,70,24,68,0,None,125,81.33328404043392,1,86.5,93.16000000000001
19.7,12.4,24,74,81,0.98,1126,66,31,194,0,None,93,57.15733139221757,-7,77.5,190.12
7.1,11.2,31,94,75,0.78,981,67,32,170,0,None,105,138.16881948053594,19,84.5,132.6
16.1,11.4,21,73,85,0.73,1220,62,32,64,0,None,94,75.77635044947176,-12,79.0,46.72
21.5,15.2,19,84,93,0.86,1757,75,33,106,0,None,111,81.72089222284083,-9,88.5,91.16
12.2,13.9,43,83,88,1.49,964,79,18,113,0,None,135,79.01632867514044,-5,85.5,168.37
20.3,17.5,31,94,75,1.38,1303,65,24,252,1,Gearbox,121,64.18716049893571,19,84.5,347.76
21.9,13.2,15,83,83,1.05,1112,80,28,60,0,None,110,50.77623252226826,0,83.0,63.0
21.4,11.3,39,91,80,1.31,1684,69,33,47,1,Gearbox,105,78.69155201329346,11,85.5,61.57
18.0,13.9,36,84,88,0.82,1265,63,24,249,0,None,124,70.27773873458959,-4,86.0,204.17999999999998
19.3,18.8,25,87,84,1.12,1337,75,27,51,0,None,117,69.27457550540129,3,85.5,57.120000000000005
20.8,14.1,29,77,78,1.37,1909,77,34,257,0,None,87,91.7788020294221,-1,77.5,352.09000000000003
19.7,18.3,28,76,84,0.87,1572,67,34,160,0,None,92,79.7969138086732,-8,80.0,139.2
14.0,13.7,23,91,94,1.3,1806,79,28,159,0,None,129,128.99990785720868,-3,92.5,206.70000000000002
8.2,12.8,44,74,83,1.11,1653,71,25,230,0,None,107,201.58512001814634,-9,78.5,255.3
11.2,17.7,31,75,92,1.12,1956,61,26,183,0,None,115,174.64270121187394,-17,83.5,204.96
9.1,12.1,42,98,85,0.54,1529,67,33,216,0,None,117,168.02179338264466,13,91.5,116.64000000000001
12.2,12.3,33,78,90,1.4,1175,75,29,286,0,None,110,96.31139646606847,-12,84.0,400.4
14.8,10.5,36,80,91,1.28,1664,64,20,154,0,None,131,112.43235646462401,-11,85.5,197.12
24.2,11.9,16,89,90,0.54,1802,63,19,82,0,None,141,74.46277914761193,-1,89.5,44.28
24.2,13.8,30,83,88,1.11,1964,72,18,109,0,None,135,81.15699125744163,-5,85.5,120.99000000000001
20.4,14.0,37,87,94,1.25,1580,66,27,72,0,None,127,77.45094242600862,-7,90.5,90.0
24.6,14.2,19,74,94,1.3,1804,72,28,175,0,None,112,73.33330352304735,-20,84.0,227.5
25.0,14.8,35,90,81,0.59,1682,66,17,196,0,None,137,67.27997308801076,9,85.5,115.64
22.7,15.7,18,75,89,1.14,1753,75,30,285,0,None,104,77.22463558386097,-14,82.0,324.9
6.6,11.9,39,92,88,0.73,1558,68,26,60,0,None,128,236.06024839356306,4,90.0,43.8
13.5,16.1,44,86,79,0.95,1220,80,21,75,0,None,123,90.37030342940487,7,82.5,71.25
15.7,13.4,34,94,80,1.03,996,67,34,286,0,None,106,63.43945003856686,14,87.0,294.58
7.5,17.3,17,75,81,0.53,1692,63,25,158,0,None,106,225.5996992004011,-6,78.0,83.74000000000001
21.2,15.6,33,81,82,0.8,1812,73,25,75,0,None,113,85.47165779638783,-1,81.5,60.0
8.0,15.5,37,95,92,1.3,1748,75,24,107,0,None,139,218.49972687534142,3,93.5,139.1
12.7,16.9,43,94,90,1.34,944,67,26,52,1,Gearbox,132,74.33065013334635,4,92.0,69.68
6.4,13.3,16,99,91,0.83,960,75,16,77,0,None,158,149.99976562536622,8,95.0,63.91
15.5,14.3,38,77,93,0.94,1013,67,16,219,0,None,138,65.35479654529256,-16,85.0,205.85999999999999
16.9,15.8,19,86,85,1.33,1807,62,24,165,0,None,123,106.92301365502152,1,85.5,219.45000000000002
19.7,14.2,39,71,92,0.7,1572,62,30,34,0,None,103,79.7969138086732,-21,81.5,23.799999999999997
11.8,14.4,42,99,89,1.23,1549,70,25,277,0,None,138,131.27107519400406,10,94.0,340.71
16.8,12.7,41,75,84,0.91,1135,80,33,161,0,None,93,67.55948359554547,-9,79.5,146.51
19.7,12.9,35,97,79,1.49,984,71,28,196,1,Gearbox,120,49.94921322374964,18,88.0,292.04
20.2,17.0,30,90,84,1.1,1776,71,15,293,0,None,144,87.92074855408488,6,87.0,322.3
11.0,10.0,41,98,79,0.65,1811,77,24,122,0,None,129,164.63621396707822,19,88.5,79.3
6.4,11.0,31,77,81,0.67,1176,79,26,285,0,None,106,183.7497128910736,-4,79.0,190.95000000000002
5.8,19.5,21,80,81,0.53,1809,64,15,66,0,None,131,311.8960139723897,-1,80.5,34.980000000000004
20.4,11.9,43,75,90,1.21,1244,63,17,149,1,Blades,131,60.98036226452831,-15,82.5,180.29
12.7,14.2,26,83,85,0.94,1793,74,35,217,0,None,98,141.18099119606993,-2,84.0,203.98
7.7,18.5,34,98,91,0.51,976,72,29,133,0,None,131,126.75308213885437,7,94.5,67.83
8.7,10.0,21,87,93,0.6,1279,67,29,229,0,None,122,147.0113252743388,-6,90.0,137.4
20.3,19.3,18,82,87,0.79,1747,78,26,88,0,None,117,86.05907090686162,-5,84.5,69.52000000000001
17.0,10.5,32,80,83,0.92,1218,71,33,173,0,None,97,71.64701667822548,-3,81.5,159.16
15.0,11.7,32,88,92,1.44,944,63,21,271,1,Generator,138,62.93329137780575,-4,90.0,390.24
17.5,10.3,26,92,86,1.04,1065,68,32,267,0,None,114,60.85710808165253,6,89.0,277.68
7.7,15.2,24,82,92,1.39,1958,78,17,185,1,Generator,140,254.2853840449558,-10,87.0,257.15
11.4,19.4,26,77,80,0.75,1560,60,34,144,0,None,89,136.84198522632875,-3,78.5,108.0
12.5,18.4,39,88,86,0.83,1095,77,31,270,0,None,112,87.59992992005607,2,87.0,224.1
11.3,16.4,26,81,79,1.38,1612,79,15,235,0,None,130,142.65474101350352,2,80.0,324.29999999999995
22.3,11.9,43,100,89,0.99,1586,67,16,265,1,Blades,157,71.12104434033886,11,94.5,262.35
16.6,18.7,18,83,87,1.09,1349,66,17,197,0,None,136,81.26501128613778,-4,85.0,214.73000000000002
19.6,17.5,43,83,86,1.07,1633,63,29,156,0,None,111,83.31628402230406,-3,84.5,166.92000000000002
9.7,12.7,36,95,88,1.15,1023,61,29,224,0,None,125,105.46380880019713,7,91.5,257.59999999999997
10.3,18.1,25,78,83,1.09,1254,74,17,92,0,None,127,121.74745461412174,-5,80.5,100.28
9.5,18.8,15,72,79,1.19,941,63,24,197,0,None,103,99.05252731312915,-7,75.5,234.42999999999998
18.8,17.0,39,96,91,0.65,1906,78,20,294,0,None,147,101.3829247963166,5,93.5,191.1
12.0,11.0,44,88,83,1.21,1882,69,23,102,0,None,125,156.83320263899782,5,85.5,123.42
13.1,19.8,44,78,95,0.65,1124,79,20,90,0,None,133,85.80146122025862,-17,86.5,58.5
19.2,10.8,28,80,85,0.84,1678,80,23,267,0,None,119,87.39578781469385,-5,82.5,224.28
24.4,16.5,17,83,85,1.33,1794,76,28,95,0,None,112,73.52456003091802,-2,84.0,126.35000000000001
8.2,11.1,24,90,89,1.11,1348,69,18,74,0,None,143,164.39004342677634,1,89.5,82.14
6.3,19.1,24,84,88,1.47,1799,69,19,151,0,None,134,285.55510229348846,-4,86.0,221.97
8.9,13.5,18,82,79,0.75,1442,79,22,253,0,None,117,162.02228986259567,3,80.5,189.75
19.7,15.1,31,93,80,1.42,1777,75,35,55,1,Gearbox,103,90.20299989695437,13,86.5,78.1
8.9,11.8,33,72,80,1.14,1733,68,28,187,0,None,96,194.71888233833445,-8,76.0,213.17999999999998
16.7,15.5,37,90,76,0.87,1518,77,33,45,0,None,100,90.89814916278493,14,83.0,39.15
16.8,19.4,17,83,75,1.29,1458,65,32,238,0,None,94,86.78566262758177,8,79.0,307.02
10.9,19.0,23,80,88,1.45,1222,79,26,167,0,None,116,112.10998888991845,-8,84.0,242.15
6.4,10.6,26,98,85,1.28,1353,65,21,215,0,None,141,211.4059196782505,13,91.5,275.2
13.0,13.8,42,93,93,0.51,1331,75,20,162,0,None,146,102.38453662727952,0,93.0,82.62
8.7,12.7,42,77,81,0.51,1014,73,26,186,0,None,106,116.55159017058602,-4,79.0,94.86
8.7,14.8,23,90,91,0.63,1476,72,26,157,0,None,129,169.65497740807197,-1,90.5,98.91
15.5,18.3,30,95,77,1.35,1538,69,26,265,1,Gearbox,120,99.22574243500489,18,86.0,357.75
18.5,17.4,28,100,91,1.25,1966,71,22,285,0,None,147,106.27021282691199,9,95.5,356.25
6.5,13.4,31,91,93,1.14,1211,74,29,141,0,None,126,186.30740568091434,-2,92.0,160.73999999999998
16.6,13.8,24,91,88,1.19,1339,73,23,157,0,None,133,80.66260201048071,3,89.5,186.82999999999998
9.9,16.5,29,88,90,1.12,1507,66,22,243,0,None,134,152.2220684625571,-2,89.0,272.16
18.5,11.9,19,71,95,0.85,1838,65,25,70,0,None,116,99.35129764794722,-24,83.0,59.5
21.2,11.0,36,88,83,1.22,1184,73,33,141,0,None,105,55.84903025989139,5,85.5,172.02
21.1,12.4,26,94,76,1.44,1158,63,29,294,1,Gearbox,112,54.88149057749261,18,85.0,423.35999999999996
12.4,11.2,31,82,89,1.25,1485,80,31,63,0,None,109,119.75796793712263,-7,85.5,78.75
16.3,13.5,33,88,75,1.37,1041,77,26,79,0,None,111,63.86499149387025,13,81.5,108.23
20.9,19.4,40,98,86,0.74,1666,69,26,114,0,None,132,79.71288052015286,12,92.0,84.36
6.2,11.2,17,75,87,0.85,1846,70,32,45,0,None,98,297.7414552557173,-12,81.0,38.25
17.1,18.2,29,78,87,1.01,932,67,18,272,0,None,129,54.50289210357187,-9,82.5,274.72
21.7,15.3,42,73,78,0.97,1114,63,34,96,1,Blades,83,51.33638187263509,-5,75.5,93.12
12.4,16.3,25,85,77,0.97,1537,72,25,201,0,None,112,123.95151294232828,8,81.0,194.97
14.1,11.7,28,95,93,1.14,1811,80,22,220,0,None,144,128.43962522012396,2,94.0,250.79999999999998
19.0,11.5,18,83,86,1.36,1439,63,21,43,0,None,127,75.73680224378829,-3,84.5,58.480000000000004
6.4,11.6,38,72,81,1.39,1763,71,16,183,0,None,121,275.46831958075063,-9,76.5,254.36999999999998
12.7,16.7,18,78,90,0.65,1364,79,21,161,0,None,126,107.40149023504706,-12,84.0,104.65
10.9,17.5,34,97,93,0.59,1326,80,24,83,0,None,142,121.65126454012427,4,95.0,48.97
5.3,19.2,26,87,83,0.81,1100,70,29,161,0,None,112,207.54677821362603,4,85.0,130.41
8.9,14.0,25,97,77,1.24,1067,61,21,130,0,None,132,119.88750574437557,20,87.0,161.2
12.9,14.6,33,95,89,1.29,1720,65,28,116,0,None,128,133.33322997424034,6,92.0,149.64000000000001
8.9,14.7,32,82,93,0.88,1086,74,27,185,0,None,121,122.0223348063654,-11,87.5,162.8
17.0,12.7,27,89,95,0.81,1349,61,24,254,0,None,136,79.35289449829736,-6,92.0,205.74
14.0,13.3,23,90,91,0.63,1500,73,15,196,0,None,151,107.14278061229956,-1,90.5,123.48
5.8,18.5,30,92,80,0.74,1191,69,27,120,0,None,118,205.34447354401115,12,86.0,88.8
10.5,13.4,23,80,82,0.6,1816,64,17,162,0,None,128,172.95221623598454,-2,81.0,97.2
5.4,18.7,18,79,78,0.8,1345,62,15,229,0,None,127,249.07361282664291,1,78.5,183.20000000000002
12.2,13.1,39,91,89,1.18,1314,74,17,125,0,None,146,107.70482975013955,2,90.0,147.5
10.2,13.4,36,95,78,0.63,1096,64,19,123,0,None,135,107.45087504816173,17,86.5,77.49
18.8,15.6,18,82,84,0.82,1142,70,25,198,0,None,116,60.74464854008056,-2,83.0,162.35999999999999
11.1,11.0,20,80,86,1.03,1220,70,30,199,0,None,106,109.90981089206227,-6,83.0,204.97
12.5,19.2,18,95,83,0.83,1284,73,34,260,0,None,110,102.71991782406575,12,89.0,215.79999999999998
19.5,18.2,39,91,78,0.94,1671,69,21,35,0,None,127,85.69226374755705,13,84.5,32.9
14.6,16.7,38,80,81,1.0,1996,78,26,224,0,None,109,136.7122351286061,-1,80.5,224.0
16.1,19.9,27,86,88,1.28,1457,77,35,159,0,None,104,90.49683820072161,-2,87.0,203.52
21.8,10.2,40,99,90,1.34,1676,76,27,178,1,Gearbox,135,76.88069867857858,9,94.5,238.52
9.1,14.1,44,92,87,0.69,1168,66,27,123,0,None,125,128.35150730603593,5,89.5,84.86999999999999
24.8,18.6,44,77,94,0.87,1942,80,18,120,1,Blades,135,78.30642003773386,-17,85.5,104.4
23.0,14.3,44,79,87,1.08,1791,70,21,276,1,Blades,124,77.86953136107333,-8,83.0,298.08000000000004
10.7,10.1,40,78,80,1.0,1654,80,19,173,0,None,120,154.57929478570583,-2,79.0,173.0
22.9,11.6,22,95,85,0.58,1245,77,34,153,0,None,112,54.36678848611857,10,90.0,88.74
20.1,14.3,17,89,92,0.84,990,77,24,79,0,None,133,49.25370683895182,-3,90.5,66.36
23.6,16.7,39,98,82,0.73,1965,74,22,235,0,None,136,83.26267658361161,16,90.0,171.54999999999998
18.8,11.6,24,73,90,0.92,1698,63,30,45,0,None,103,90.31910089409527,-17,81.5,41.4
18.5,14.5,25,72,91,0.84,1050,79,22,168,0,None,119,56.756726077445364,-19,81.5,141.12
5.1,10.1,17,90,94,1.2,1507,68,32,220,0,None,120,295.48961668702617,-4,92.0,264.0
14.5,14.8,36,78,83,0.9,1572,79,29,124,0,None,103,108.41371833536667,-5,80.5,111.60000000000001
9.0,19.0,28,90,80,0.74,1388,78,16,265,0,None,138,154.22205086438794,10,85.0,196.1
11.5,16.0,21,92,85,1.12,1419,76,26,67,0,None,125,123.391197051133,7,88.5,75.04
24.6,14.4,35,79,95,1.23,1501,60,31,121,0,None,112,61.01623535925392,-16,87.0,148.82999999999998
6.7,11.6,44,99,93,0.61,1782,72,34,128,0,None,124,265.96975228395183,6,96.0,78.08
19.4,12.0,30,93,81,0.75,1793,65,21,126,0,None,132,92.42263277183879,12,87.0,94.5
8.5,10.8,33,81,79,0.71,1957,78,21,252,0,None,118,230.23502325291383,2,80.0,178.92
5.1,17.4,20,82,85,0.7,1089,74,26,252,0,None,115,213.52899308040577,-3,83.5,176.39999999999998
15.0,10.8,20,91,78,1.4,1021,73,15,83,1,Gearbox,139,68.06662128891914,13,84.5,116.19999999999999
8.2,13.8,29,79,90,0.63,1572,78,21,226,0,None,127,191.7070832840448,-11,84.5,142.38
24.3,17.5,40,79,76,1.37,1674,66,30,131,0,None,95,68.88886053956357,3,77.5,179.47000000000003
9.1,17.1,42,89,79,0.89,1274,62,32,149,0,None,104,139.99984615401522,10,84.0,132.61
8.8,15.8,34,74,75,1.14,1983,66,23,38,0,None,103,225.3406530219852,-1,74.5,43.31999999999999
5.6,15.7,26,100,80,0.94,1825,64,33,95,0,None,114,325.8922751923658,20,90.0,89.3
11.6,10.9,38,79,76,1.1,1442,65,21,99,0,None,113,124.31023766358823,3,77.5,108.9
5.5,11.7,24,81,88,1.05,1697,71,16,234,0,None,137,308.544893554739,-7,84.5,245.70000000000002
15.0,15.3,22,77,86,0.93,1398,69,18,107,0,None,127,93.1999378667081,-9,81.5,99.51
15.1,13.5,39,89,79,0.78,1120,80,32,73,0,None,104,74.17213630984351,10,84.0,56.940000000000005
6.1,10.2,38,72,79,1.43,1075,68,34,275,0,None,83,176.22921929636183,-7,75.5,393.25
9.8,18.0,41,98,81,1.42,1219,63,27,182,1,Gearbox,125,124.38762817588962,17,89.5,258.44
21.6,16.5,32,79,91,0.57,1885,77,30,80,0,None,110,87.26847811644531,-12,85.0,45.599999999999994
14.3,13.3,42,98,78,0.72,1313,66,32,44,0,None,112,91.81811760970797,20,88.0,31.68
13.7,11.0,16,78,77,1.07,1897,62,19,135,0,None,117,138.4670522138305,1,77.5,144.45000000000002
19.0,15.9,23,85,85,1.48,1778,73,26,234,0,None,118,93.57889811636942,0,85.0,346.32
19.3,13.5,39,91,92,1.23,1568,65,34,185,0,None,115,81.24348122099418,-1,91.5,227.54999999999998
20.2,12.6,28,88,79,1.32,1887,60,22,216,0,None,123,93.41579533871518,9,83.5,285.12
21.6,17.2,22,85,77,0.81,1108,73,35,264,0,None,92,51.29627254802197,8,81.0,213.84
9.6,13.3,39,94,85,0.72,984,61,29,119,0,None,121,102.49989322927789,9,89.5,85.67999999999999
6.3,11.4,40,84,90,0.73,1725,60,28,240,0,None,118,273.80908919192194,-6,87.0,175.2
12.6,14.8,29,80,87,0.98,1896,74,16,222,0,None,135,150.47607105073726,-7,83.5,217.56
22.1,18.3,29,92,83,1.36,1321,69,15,135,1,Gearbox,145,59.77372860917257,9,87.5,183.60000000000002
6.6,18.5,38,98,76,0.72,905,76,18,185,0,None,138,137.1210043621146,22,87.0,133.2
16.5,18.5,38,88,81,1.07,1743,63,34,42,0,None,101,105.63629961436388,7,84.5,44.940000000000005
19.0,14.2,41,78,93,1.31,1301,70,31,43,1,Generator,109,68.47364817176413,-15,85.5,56.330000000000005
14.6,17.9,34,93,79,1.0,1544,62,25,102,0,None,122,105.75335222373135,14,86.0,102.0
10.1,18.5,21,93,87,0.92,1130,68,25,223,0,None,130,111.88107734546799,6,90.0,205.16
11.5,14.6,31,78,93,0.85,1649,67,18,274,0,None,135,143.39117965984377,-15,85.5,232.9
6.4,13.2,26,82,85,1.1,1485,73,23,288,0,None,121,232.03088745173835,-3,83.5,316.8
10.9,17.0,16,74,84,1.32,931,72,18,33,0,None,122,85.41276567636176,-10,79.0,43.56
5.9,19.0,21,72,78,1.5,907,65,20,228,0,None,110,153.72855300245254,-6,75.0,342.0
19.5,19.7,21,94,95,1.37,1382,61,15,209,1,Gearbox,159,70.87175852730331,-1,94.5,286.33000000000004
23.0,12.9,17,81,79,0.95,1080,62,23,141,0,None,114,46.9565013232603,2,80.0,133.95
17.7,19.6,29,78,85,0.58,1896,78,28,105,0,None,107,107.11858354882285,-7,81.5,60.9
18.1,15.0,30,78,78,0.62,1015,75,29,46,0,None,98,56.0773170843552,0,78.0,28.52
14.4,13.1,25,72,82,0.53,1688,79,23,291,0,None,108,117.22214081795777,-10,77.0,154.23000000000002
8.1,19.9,27,100,93,0.86,1285,72,30,208,0,None,133,158.6417794545933,7,96.5,178.88
5.2,18.8,31,81,88,0.98,1928,78,23,77,0,None,123,370.76851775285047,-7,84.5,75.46
11.9,16.9,19,75,75,1.32,1046,75,33,41,0,None,84,87.89908579908756,0,75.0,54.120000000000005
20.0,18.9,32,96,94,0.59,1755,65,21,81,0,None,148,87.74995612502194,2,95.0,47.79
24.2,16.8,36,92,91,0.73,1955,75,27,191,0,None,129,80.78509058467331,1,91.5,139.43
13.6,14.4,41,90,95,1.01,1953,72,17,94,0,None,151,143.60283558615032,-5,92.5,94.94
12.3,19.5,24,79,90,1.35,1182,63,25,272,0,None,119,96.09748284757492,-11,84.5,367.20000000000005
13.9,19.6,37,82,90,0.59,1226,62,23,99,0,None,126,88.20137539469395,-8,86.0,58.41
13.6,13.1,33,95,89,0.74,1064,67,20,37,0,None,144,78.2352365917378,6,92.0,27.38
17.5,13.5,30,89,83,1.04,1310,72,21,162,0,None,130,74.8571000816571,6,86.0,168.48000000000002
19.7,13.8,43,80,81,0.82,1650,71,21,230,0,None,119,83.75630266177531,-1,80.5,188.6
20.7,18.2,34,73,86,1.49,912,70,25,116,0,None,109,44.05794973045907,-13,79.5,172.84
18.0,17.9,26,97,79,0.95,1615,70,32,277,0,None,112,89.72217237657091,18,88.0,263.15
13.8,19.8,36,99,89,1.41,920,60,25,100,1,Gearbox,138,66.66661835752292,10,94.0,141.0
24.0,14.7,44,92,95,1.44,1634,60,19,245,1,Gearbox,149,68.0833049652896,-3,93.5,352.8
19.2,17.4,43,91,87,0.76,1824,68,16,212,0,None,146,94.99995052085912,4,89.0,161.12
13.5,18.6,44,86,92,0.83,1296,70,22,212,0,None,134,95.99992888894157,-6,89.0,175.95999999999998
13.9,12.2,18,99,78,0.82,1347,74,18,50,0,None,141,96.90640510330569,21,88.5,41.0
21.4,16.2,28,91,92,0.94,1700,73,32,233,0,None,119,79.43921521532,-1,91.5,219.01999999999998
13.8,15.5,28,72,93,0.56,1790,80,35,291,0,None,95,129.7100509347457,-21,82.5,162.96
15.3,17.4,27,73,92,1.31,2000,68,32,166,1,Generator,101,130.71886881119684,-19,82.5,217.46
10.8,17.0,20,99,88,0.63,1495,63,23,71,0,None,141,138.42579775389098,11,93.5,44.73
21.8,18.1,40,98,94,1.39,1840,66,17,115,1,Gearbox,158,84.40363100750871,4,96.0,159.85
15.4,13.1,35,87,94,1.08,962,75,29,195,0,None,123,62.46749190422604,-7,90.5,210.60000000000002
16.1,12.2,33,76,91,0.98,1018,65,28,30,0,None,111,63.22977439144447,-15,83.5,29.4
22.6,18.1,28,88,86,1.16,1857,76,16,57,0,None,142,82.16810523535166,2,87.0,66.11999999999999
23.4,13.6,27,93,92,1.43,1316,76,31,103,1,Gearbox,123,56.23929220543069,1,92.5,147.29
21.5,12.9,39,70,82,0.8,1149,69,31,122,0,None,90,53.44183560844856,-12,76.0,97.60000000000001
6.3,13.4,31,95,82,0.77,1346,75,29,107,0,None,119,213.6504545230881,13,88.5,82.39
13.9,10.7,33,84,82,0.87,1478,76,30,149,0,None,106,106.33085875477788,2,83.0,129.63
11.9,17.7,18,84,79,0.99,1257,75,29,170,0,None,105,105.6301633359972,5,81.5,168.3
9.3,17.2,29,83,87,0.58,1117,66,24,95,0,None,122,120.10739773398093,-4,85.0,55.099999999999994
23.2,15.5,19,91,88,1.18,941,63,27,95,0,None,125,40.56032734468649,3,89.5,112.1
22.8,17.2,17,76,92,1.02,1744,62,27,47,0,None,114,76.49119452140592,-16,84.0,47.94
14.3,13.7,36,88,89,1.04,1894,79,26,252,0,None,125,132.44745982695116,-1,88.5,262.08
7.7,13.0,23,71,91,0.75,919,62,27,289,0,None,108,119.35049435000734,-20,81.0,216.75
5.3,18.6,44,94,89,1.34,1284,69,23,86,1,Gearbox,137,242.26369384208712,5,91.5,115.24000000000001
13.8,14.2,33,94,89,0.9,1882,62,29,294,0,None,125,136.376712770498,5,91.5,264.6
5.8,12.0,34,79,82,1.15,923,76,20,106,0,None,121,159.13765665921267,-3,80.5,121.89999999999999
17.2,17.5,21,73,94,0.74,1705,71,32,149,0,None,103,99.12784934427364,-21,83.5,110.26
17.2,13.4,19,92,88,1.32,1168,64,32,91,1,Gearbox,116,67.90693726340857,4,90.0,120.12
23.0,12.1,31,84,87,0.8,1750,79,25,274,0,None,121,76.08692344046807,-3,85.5,219.20000000000002
8.8,10.3,43,98,92,1.42,1647,77,25,239,1,Gearbox,140,187.15887822854745,6,95.0,339.38
12.4,19.7,17,81,83,0.95,1935,63,23,66,0,None,118,156.0482612514022,-2,82.0,62.699999999999996
22.2,14.7,30,95,77,0.65,1237,76,16,189,0,None,140,55.72069562130828,18,86.0,122.85000000000001
14.5,11.6,21,71,80,1.11,1067,77,18,294,0,None,115,73.58615614747852,-9,75.5,326.34000000000003
6.2,17.6,38,93,91,1.06,1445,75,29,296,0,None,126,233.0641402191287,2,92.0,313.76
7.2,18.9,35,90,90,0.92,1983,67,18,180,0,None,144,275.4162841440498,0,90.0,165.6
21.3,15.3,18,86,77,1.32,944,65,23,182,0,None,117,44.319228019141775,9,81.5,240.24
19.9,10.3,33,97,76,0.92,1096,70,22,239,0,None,129,55.075349208367236,21,86.5,219.88
22.5,13.7,45,98,87,0.64,1843,69,19,292,1,Blades,147,81.91107470618903,11,92.5,186.88
7.4,12.4,31,98,94,0.53,1655,72,26,190,0,None,140,223.6483464211535,4,96.0,100.7
20.2,16.4,24,88,78,1.39,1367,68,22,280,0,None,122,67.67323382513177,10,83.0,389.2
18.1,15.2,20,86,86,0.97,1443,64,30,250,0,None,112,79.72371285982715,0,86.0,242.5
9.6,13.6,45,78,91,1.06,1181,71,28,291,0,None,113,123.02070518676544,-13,84.5,308.46000000000004
24.5,16.5,32,75,86,0.61,1959,71,25,33,0,None,111,79.95915103708121,-11,80.5,20.13
16.4,15.8,26,87,82,0.99,1277,78,27,110,0,None,115,77.86580617938648,5,84.5,108.9
23.1,19.1,21,74,91,1.03,1318,73,24,247,0,None,117,57.05625235660071,-17,82.5,254.41
22.2,16.0,44,75,90,0.97,1416,75,31,46,1,Blades,103,63.783755052362594,-15,82.5,44.62
11.7,15.1,34,81,92,1.45,1135,69,34,262,1,Generator,105,97.00846409532984,-11,86.5,379.9
15.7,18.2,17,76,94,1.07,1116,76,30,231,0,None,110,71.08275727212913,-18,85.0,247.17000000000002
13.6,12.0,17,85,78,1.47,1561,66,32,124,0,None,99,114.77932736814165,7,81.5,182.28
19.2,12.4,43,90,82,0.65,1752,80,31,240,0,None,110,91.24995247398309,8,86.0,156.0
16.8,17.8,36,91,95,1.41,1727,76,23,255,1,Gearbox,140,102.7975578585965,-4,93.0,359.54999999999995
20.7,14.4,18,86,87,1.05,1522,60,32,111,0,None,109,73.5265345282442,-1,86.5,116.55000000000001
5.2,14.1,34,86,88,0.8,1603,76,16,284,0,None,142,308.26863794492704,-2,87.0,227.20000000000002
18.8,18.9,28,84,93,1.25,1520,71,33,168,0,None,111,80.8510208239251,-9,88.5,210.0
11.4,16.1,39,77,89,1.06,1862,72,24,203,0,None,118,163.33319005860523,-12,83.0,215.18
9.5,18.0,23,90,89,1.08,1326,80,22,89,0,None,135,139.57880044336795,1,89.5,96.12
21.0,18.1,26,90,77,0.67,1036,74,26,298,0,None,115,49.33330984128103,13,83.5,199.66000000000003
6.8,11.2,20,78,85,1.18,1379,63,29,63,0,None,105,202.79381942085382,-7,81.5,74.33999999999999
9.6,16.5,23,91,88,0.79,1858,75,27,238,0,None,125,193.5414650609739,3,89.5,188.02
9.1,19.5,21,96,91,0.86,1891,64,27,93,0,None,133,207.80196944838525,5,93.5,79.98
13.4,14.8,16,88,83,1.41,1548,79,17,141,0,None,137,115.52230184902847,5,85.5,198.81
11.4,17.3,16,74,77,0.68,968,65,30,140,0,None,91,84.91220621736296,-3,75.5,95.2
19.4,15.7,40,80,82,1.39,1695,69,29,176,0,None,104,87.37108898397476,-2,81.0,244.64
19.0,12.0,39,73,84,1.0,1618,76,17,88,0,None,123,85.1578499169211,-11,78.5,88.0
11.5,12.0,19,79,90,0.68,1397,79,16,153,0,None,137,121.47815523638675,-11,84.5,104.04
13.7,14.3,35,76,75,1.31,1079,63,35,184,0,None,81,78.75906659922147,1,75.5,241.04000000000002
9.2,14.8,37,87,83,1.15,1567,61,30,191,0,None,110,170.32590181967197,4,85.0,219.64999999999998
18.4,15.0,17,83,84,0.85,1431,76,27,66,0,None,113,77.77169686320823,-1,83.5,56.1
12.9,19.6,18,92,86,0.8,966,77,21,45,0,None,136,74.88366288088149,6,89.0,36.0
7.7,11.0,32,81,94,0.92,1338,72,21,129,0,None,133,173.76600809609337,-13,87.5,118.68
7.5,13.8,26,75,90,0.64,1933,63,18,217,0,None,129,257.7329896893471,-15,82.5,138.88
11.4,15.1,36,77,79,1.31,1353,63,27,210,0,None,102,118.68410641745051,-2,78.0,275.1
19.9,19.6,32,86,88,0.78,1372,69,27,287,0,None,120,68.94468897251811,-2,87.0,223.86
5.5,15.0,16,83,82,1.33,1513,64,34,267,0,None,97,275.0904089265292,1,82.5,355.11
10.2,17.8,36,71,91,1.23,1227,67,28,264,0,None,106,120.293999711765,-20,81.0,324.71999999999997
8.2,17.5,21,76,78,1.44,981,76,24,66,0,None,106,119.63400044634093,-2,77.0,95.03999999999999
24.1,15.7,24,79,78,0.6,1561,62,33,297,0,None,91,64.77175735611728,1,78.5,178.2
19.1,11.3,37,92,77,0.85,1445,66,27,206,0,None,115,75.65441065214101,15,84.5,175.1
9.7,12.2,38,92,86,1.12,1652,68,29,279,0,None,120,170.30910277412087,6,89.0,312.48
9.1,12.4,25,91,77,1.36,1424,65,28,110,1,Gearbox,112,156.48334452379723,14,84.0,149.60000000000002
22.2,10.4,18,95,76,0.66,1172,74,18,234,0,None,135,52.79276901226621,19,85.5,154.44
8.8,13.8,38,96,82,1.36,1323,69,17,44,1,Gearbox,144,150.34073824916106,14,89.0,59.84
24.9,16.1,41,72,91,0.57,915,79,27,71,1,Blades,109,36.74697319398667,-19,81.5,40.47
10.6,11.4,44,85,78,0.97,1071,67,33,211,0,None,97,101.03764053052781,7,81.5,204.67
6.7,11.8,25,74,82,0.58,1765,79,34,94,0,None,88,263.43244263814535,-8,78.0,54.519999999999996
18.8,17.1,19,81,84,0.65,1925,71,35,129,0,None,95,102.39356255661566,-3,82.5,83.85000000000001
17.2,11.7,43,90,93,1.27,1302,71,32,199,0,None,119,75.69763040835441,-3,91.5,252.73
25.0,11.4,27,88,85,0.52,1920,65,22,94,0,None,129,76.79996928001229,3,86.5,48.88
21.0,19.8,18,74,85,1.06,1599,79,27,144,0,None,105,76.142820884371,-11,79.5,152.64000000000001
13.6,10.1,30,93,80,0.6,1209,66,27,30,0,None,119,88.89699345809305,13,86.5,18.0
18.5,13.3,21,94,88,1.31,1560,71,26,79,1,Gearbox,130,84.32427874363312,6,91.0,103.49000000000001
21.4,10.3,26,74,76,1.31,1789,79,30,218,0,None,90,83.59809177659264,-2,75.0,285.58
15.3,18.4,25,88,94,1.2,1764,77,18,243,0,None,146,115.29404229147562,-6,91.0,291.59999999999997
10.5,15.8,45,98,85,1.26,1874,66,19,249,0,None,145,178.4760204990281,13,91.5,313.74
9.2,10.5,34,73,76,1.09,1766,76,34,271,0,None,81,191.95631309096404,-3,74.5,295.39000000000004
10.9,16.2,30,75,86,0.99,1665,74,32,192,0,None,97,152.75215343839133,-11,80.5,190.07999999999998
22.0,11.2,30,93,85,0.91,1322,61,31,212,0,None,116,60.09088177687192,8,89.0,192.92000000000002
12.6,15.0,33,80,80,1.16,1098,70,25,73,0,None,110,87.14278798191431,0,80.0,84.67999999999999
10.7,16.7,41,99,79,0.88,1024,68,26,40,0,None,126,95.70084513939707,20,89.0,35.2
21.1,11.5,19,89,80,0.5,1794,73,27,70,0,None,115,85.0236563868927,9,84.5,35.0
5.6,15.0,33,84,78,0.6,1743,74,21,84,0,None,120,311.2494441974211,6,81.0,50.4
16.9,14.6,25,80,86,1.15,1884,74,21,125,0,None,124,111.47922397679056,-6,83.0,143.75
22.5,19.2,32,77,93,0.86,978,69,19,190,0,None,132,43.466647348156734,-16,85.0,163.4
13.2,20.0,31,90,93,1.49,1599,79,26,173,1,Generator,131,121.13627186646072,-3,91.5,257.77
10.4,16.5,16,88,94,0.85,1693,61,18,157,0,None,146,162.78830501124517,-6,91.0,133.45
14.8,18.5,32,81,87,0.61,1354,73,19,44,0,None,130,91.48642467133467,-6,84.0,26.84
19.3,16.5,36,98,87,0.83,1485,69,33,238,0,None,119,76.94296531452574,11,92.5,197.54
15.3,18.8,22,93,81,1.19,1446,65,26,85,0,None,122,94.50974215049533,12,87.0,101.14999999999999
5.2,14.3,18,78,93,1.03,1378,63,27,107,0,None,117,264.99949038559544,-15,85.5,110.21000000000001
6.6,16.1,21,98,85,1.11,1220,69,18,117,0,None,147,184.84820477544733,13,91.5,129.87
19.4,18.5,34,93,81,0.61,1988,66,19,40,0,None,136,102.47417398238456,12,87.0,24.4
13.0,19.2,29,97,94,1.33,1872,64,17,122,1,Gearbox,157,143.99988923085445,3,95.5,162.26000000000002
20.7,10.2,41,74,89,1.4,1765,61,20,61,1,Blades,123,85.26565929195203,-15,81.5,85.39999999999999
18.0,11.0,24,71,84,0.65,1826,66,33,174,0,None,89,101.44438808645107,-13,77.5,113.10000000000001
16.6,19.3,26,85,76,1.13,1821,79,33,153,0,None,95,109.69872909715114,9,80.5,172.89
23.0,15.7,31,83,78,0.73,982,71,28,77,0,None,105,42.695633610594086,5,80.5,56.21
5.4,19.9,29,96,79,0.68,1532,65,33,221,0,None,109,283.7031783274475,17,87.5,150.28
8.1,17.9,31,75,93,0.7,1418,80,19,231,0,None,130,175.06151226973796,-18,84.0,161.7
17.5,18.2,24,71,94,1.02,1119,73,18,154,0,None,129,63.942820604102515,-23,82.5,157.08
6.3,13.9,20,86,80,1.39,1187,70,30,125,0,None,106,188.4123993453979,6,83.0,173.75
17.9,12.6,39,75,85,1.32,1055,79,35,72,0,None,90,58.93851455948908,-10,80.0,95.04
24.7,16.0,16,71,91,0.64,1421,76,29,127,0,None,104,57.53034108083357,-20,81.0,81.28
22.6,18.8,26,71,83,1.01,1182,71,16,270,0,None,122,52.300861813777956,-12,77.0,272.7
16.8,17.3,18,74,85,0.65,1134,60,19,159,0,None,121,67.49995982145249,-11,79.5,103.35000000000001
22.9,14.7,37,81,93,0.94,1504,68,20,132,0,None,134,65.6768272153593,-12,87.0,124.08
7.3,17.5,26,97,79,1.06,1134,76,23,242,0,None,130,155.34225295581788,18,88.0,256.52000000000004
14.1,16.9,16,93,95,1.31,1549,66,19,51,1,Gearbox,150,109.85807811483822,-2,94.0,66.81
13.6,19.1,17,86,84,1.36,1071,61,16,37,0,None,138,78.74994209563081,2,85.0,50.32
11.7,12.6,21,83,80,0.53,1676,72,20,49,0,None,123,143.24774081389674,3,81.5,25.970000000000002
5.0,11.2,39,84,93,1.19,1234,78,22,67,0,None,133,246.7995064009872,-9,88.5,79.72999999999999
22.8,14.7,39,97,77,0.91,1740,80,21,176,0,None,132,76.3157560018614,20,87.0,160.16
20.6,13.6,45,92,88,0.99,1776,62,16,104,1,Blades,148,86.21355038177165,4,90.0,102.96
18.1,19.7,22,75,76,0.72,1984,79,34,219,0,None,83,109.61319910872977,-1,75.5,157.68
7.6,10.1,17,98,94,0.53,918,68,26,147,0,None,140,120.78931475090165,4,96.0,77.91000000000001
12.6,19.3,23,93,88,1.34,1791,75,32,142,1,Gearbox,117,142.1427443311553,5,90.5,190.28
23.5,19.6,20,71,83,0.73,1430,64,15,193,0,None,124,60.85103793572854,-12,77.0,140.89
17.3,10.5,36,85,83,1.38,1035,73,31,50,0,None,106,59.82655501355202,2,84.0,69.0
17.1,18.9,44,90,78,0.57,1733,73,29,100,0,None,110,101.34496997370177,12,84.0,56.99999999999999
23.3,14.7,23,72,82,0.91,972,66,35,257,0,None,84,41.71672029325309,-10,77.0,233.87
16.2,17.7,25,81,93,1.24,1854,69,17,86,0,None,140,114.44437379976927,-12,87.0,106.64
17.0,10.8,26,89,91,0.76,1596,68,28,114,0,None,124,93.88229771629547,-2,90.0,86.64
11.9,19.6,41,94,88,1.47,1108,73,15,262,1,Gearbox,152,93.1091654544828,6,91.0,385.14
12.4,16.1,32,99,94,1.14,1649,80,22,106,0,None,149,132.9837637227712,5,96.5,120.83999999999999
18.7,19.0,44,74,86,0.72,1084,71,28,119,0,None,104,57.96788343963453,-12,80.0,85.67999999999999
11.4,16.7,34,89,79,1.29,1522,71,34,116,0,None,100,133.50865481696945,10,84.0,149.64000000000001
16.2,15.4,36,97,89,1.48,905,67,17,170,1,Gearbox,152,55.86416304681294,8,93.0,251.6
10.6,11.7,18,92,87,0.75,1931,74,25,193,0,None,129,182.1696394626043,5,89.5,144.75
8.3,11.8,44,89,84,1.32,970,77,20,250,0,None,133,116.86732907550713,5,86.5,330.0
14.1,14.7,34,76,78,1.48,1725,62,19,113,0,None,116,122.34033876571719,-2,77.0,167.24
9.3,18.7,31,94,89,0.72,1676,65,29,101,0,None,125,180.21485998402153,5,91.5,72.72
23.0,11.2,27,87,84,0.73,1617,72,16,284,0,None,139,70.3043172589925,3,85.5,207.32
11.1,20.0,17,73,87,1.22,943,62,28,55,0,None,104,84.95487841902846,-14,80.0,67.1
16.9,18.8,19,98,81,1.45,1621,67,18,67,1,Gearbox,143,95.91710300763137,17,89.5,97.14999999999999
10.3,13.9,15,100,78,1.2,1574,70,15,120,0,None,148,152.81538561613047,22,89.0,144.0
10.2,12.5,45,86,82,1.0,1596,76,26,211,0,None,116,156.47043483290705,4,84.0,211.0
12.0,19.2,39,93,92,0.61,1492,71,17,116,0,None,151,124.33322972230857,1,92.5,70.76
23.3,11.2,39,87,78,1.42,1263,68,26,273,0,None,113,54.2059853193196,9,82.5,387.65999999999997
12.8,13.5,37,83,84,0.57,1158,63,21,91,0,None,125,90.46867932134428,-1,83.5,51.87
21.4,10.8,30,82,81,0.71,1402,64,21,229,0,None,121,65.51398807757568,1,81.5,162.59
8.9,19.5,18,99,94,0.95,1323,70,31,219,0,None,131,148.6515183690805,5,96.5,208.04999999999998
6.0,16.2,17,81,77,1.0,1656,76,29,220,0,None,100,275.9995400007667,4,79.0,220.0
20.6,13.4,42,85,80,0.56,1198,68,32,167,1,Blades,101,58.15531157509147,5,82.5,93.52000000000001
15.8,12.8,15,77,84,0.58,1771,65,23,172,0,None,115,112.0885366528249,-7,80.5,99.75999999999999
15.1,14.4,36,78,80,0.63,1978,68,17,215,0,None,124,130.99329073292006,-2,79.0,135.45
10.4,10.9,34,81,89,0.54,1668,61,30,252,0,None,110,160.38446116878734,-8,85.0,136.08
6.4,18.9,30,98,82,1.48,1464,71,32,180,1,Gearbox,116,228.74964257868348,16,90.0,266.4
14.7,15.1,44,82,91,0.74,1088,61,27,242,0,None,119,74.01355509281967,-9,86.5,179.07999999999998
22.3,17.3,21,87,86,1.38,1980,77,19,231,0,None,135,88.78919785237764,1,86.5,318.78
7.4,12.3,39,86,84,1.28,1200,75,30,199,0,None,110,162.16194302440132,2,85.0,254.72
23.6,15.0,35,87,82,1.21,1525,74,16,186,0,None,137,64.61861668702683,5,84.5,225.06
10.5,12.1,44,95,79,1.16,1387,79,22,174,0,None,130,132.09511229036926,16,87.0,201.83999999999997
15.6,18.2,43,97,80,1.0,1119,78,23,52,0,None,131,71.73072324953638,17,88.5,52.0
6.3,17.8,19,76,79,1.06,1759,60,22,286,0,None,111,279.20590602237144,-3,77.5,303.16
13.5,11.5,24,96,92,1.39,1030,76,34,95,1,Gearbox,120,76.29623978056313,4,94.0,132.04999999999998
7.5,10.7,41,86,86,1.28,1373,72,32,127,0,None,108,183.06642257810324,0,86.0,162.56
6.0,18.2,22,98,85,0.73,1133,69,26,298,0,None,131,188.83301861163565,13,91.5,217.54
24.3,11.1,26,97,81,0.6,1505,66,34,55,0,None,110,61.93413089130416,16,89.0,33.0
19.6,15.5,34,82,85,0.79,1847,64,18,100,0,None,131,94.23464579865009,-3,83.5,79.0
19.4,15.3,32,90,93,0.63,1880,78,17,156,0,None,149,96.90716654269767,-3,91.5,98.28
6.8,12.0,34,96,92,1.45,1484,67,23,230,1,Gearbox,142,218.234973183863,4,94.0,333.5
23.6,15.9,36,82,87,0.88,1166,69,35,246,0,None,99,49.40675872594969,-5,84.5,216.48
14.4,15.0,37,71,86,0.67,1322,74,33,70,0,None,91,91.80549180174181,-15,78.5,46.900000000000006
22.0,15.1,37,81,80,1.12,1658,76,19,37,0,None,123,75.36360210745359,1,80.5,41.440000000000005
5.3,13.6,45,81,89,0.9,1217,73,34,292,0,None,102,229.62220825998443,-8,85.0,262.8
11.0,18.4,26,94,92,0.72,1069,68,28,39,0,None,130,97.18172983479106,2,93.0,28.08
24.9,10.8,16,79,81,0.56,1206,61,21,184,0,None,118,48.433715488467676,-2,80.0,103.04
13.6,14.4,25,97,84,0.59,1034,72,31,288,0,None,119,76.02935586076775,13,90.5,169.92
22.8,12.6,42,86,77,1.06,1204,77,32,274,1,Blades,99,52.8069943828972,9,81.5,290.44
11.6,18.5,18,88,92,1.25,948,61,15,253,0,None,150,81.72406747925218,-4,90.0,316.25
15.5,12.3,34,94,77,1.43,969,67,18,244,1,Gearbox,135,62.51608869929761,17,85.5,348.91999999999996
22.1,17.7,28,74,89,1.09,1844,65,30,217,0,None,103,83.43887627200168,-15,81.5,236.53000000000003
17.1,16.1,43,71,79,1.15,1096,71,27,57,0,None,96,64.09352976986563,-8,75.0,65.55
19.5,18.7,43,72,90,0.74,1828,60,20,107,0,None,122,93.74354166997863,-18,81.0,79.17999999999999
9.6,15.9,39,71,88,0.77,1995,78,20,229,0,None,119,207.81228352887135,-17,79.5,176.33
8.1,15.6,18,91,89,0.92,1330,76,17,162,0,None,146,164.19732815144675,2,90.0,149.04000000000002
9.6,18.0,16,77,88,1.37,1393,62,24,212,0,None,117,145.10401551665052,-11,82.5,290.44
14.9,15.6,19,96,83,0.94,1215,78,16,244,0,None,147,81.54356943384602,13,89.5,229.35999999999999
21.0,18.4,25,96,87,0.74,1031,75,29,217,0,None,125,49.09521471656442,9,91.5,160.57999999999998
12.1,10.5,22,81,80,1.42,1601,79,20,175,0,None,121,132.31394023641303,1,80.5,248.5
16.3,15.0,26,76,80,0.91,1833,65,33,274,0,None,90,112.45391873992715,-4,78.0,249.34
21.1,18.1,19,85,76,0.58,1636,77,17,122,0,None,127,77.5355082770103,9,80.5,70.75999999999999
9.8,18.5,38,94,87,1.05,1020,63,29,109,0,None,123,104.081526447422,7,90.5,114.45
22.7,18.3,40,91,92,1.13,1567,74,32,244,0,None,119,69.03080659435834,-1,91.5,275.71999999999997
24.1,16.0,30,71,83,1.46,1603,61,29,226,0,None,96,66.51449522220115,-12,77.0,329.96
5.8,19.9,44,70,79,1.31,1659,74,34,186,0,None,81,286.0339895965697,-9,74.5,243.66
6.2,11.8,19,73,91,0.6,976,63,22,286,0,None,120,157.41910093693397,-18,82.0,171.6
6.8,11.7,18,80,88,1.01,1668,75,18,222,0,None,132,245.29375692094573,-8,84.0,224.22
20.5,10.3,21,86,93,0.93,1565,69,22,125,0,None,135,76.34142617491406,-7,89.5,116.25
8.8,19.9,44,95,75,0.89,1855,63,27,133,0,None,116,210.79521500543748,20,85.0,118.37
19.5,13.5,27,74,83,0.64,1082,71,34,293,0,None,89,55.487151032230244,-9,78.5,187.52
13.8,17.6,43,75,93,0.88,968,60,21,54,0,None,126,70.14487670661109,-18,84.0,47.52
21.7,10.6,21,96,89,0.97,1794,65,29,141,0,None,127,82.67277296185578,7,92.5,136.77
21.2,13.0,40,98,84,0.72,1013,66,17,179,0,None,148,47.78299632877532,14,91.0,128.88
24.2,16.2,24,87,83,1.08,1318,80,20,220,0,None,130,54.46278741207132,4,85.0,237.60000000000002
10.0,15.2,37,94,93,0.72,1856,76,18,283,0,None,151,185.5998144001856,1,93.5,203.76
9.6,12.1,44,80,92,0.62,1206,66,25,59,0,None,122,125.62486914076132,-12,86.0,36.58
5.6,14.6,43,98,75,1.48,1386,67,34,225,1,Gearbox,105,247.49955803650354,23,86.5,333.0
13.2,11.1,40,97,77,1.19,1576,69,33,88,0,None,108,119.39384894405384,20,87.0,104.72
14.2,15.4,17,95,85,1.09,1603,76,24,86,0,None,132,112.8872444456025,10,90.0,93.74000000000001
24.3,11.0,33,70,77,0.83,1554,74,32,107,0,None,83,63.950590966834994,-7,73.5,88.81
21.6,16.4,40,86,80,0.71,967,71,24,172,0,None,118,44.76849779236213,6,83.0,122.11999999999999
8.3,11.6,27,71,92,0.63,1756,69,23,64,0,None,117,211.56601016143352,-21,81.5,40.32
21.0,15.5,37,90,83,0.56,1774,65,33,233,0,None,107,84.47615024945226,7,86.5,130.48000000000002
8.6,11.3,19,76,84,1.2,1015,69,16,161,0,None,128,118.02311857776911,-8,80.0,193.2
6.6,14.0,20,89,78,0.78,1714,76,33,105,0,None,101,259.6965762173088,11,83.5,81.9
21.7,13.5,34,73,87,0.82,1454,69,32,126,0,None,96,67.00457741724543,-14,80.0,103.32
24.5,17.6,28,93,77,0.66,914,70,19,39,0,None,132,37.30610722199705,16,85.0,25.740000000000002
6.8,16.4,22,92,88,0.62,1664,67,23,72,0,None,134,244.7055224918787,4,90.0,44.64
21.3,19.4,23,70,90,0.99,1407,70,32,261,0,None,96,66.0563070158183,-20,80.0,258.39
22.2,19.2,34,94,92,1.23,1039,75,26,78,0,None,134,46.8017807199186,2,93.0,95.94
7.4,17.2,37,75,87,1.49,1093,78,30,108,0,None,102,147.70250310472554,-12,81.0,160.92
10.7,17.7,21,73,82,0.84,1734,70,18,157,0,None,119,162.0559233122212,-9,77.5,131.88
19.7,16.2,44,85,92,1.16,1940,63,24,299,0,None,129,98.47710737202672,-7,88.5,346.84
21.2,16.9,15,88,87,0.62,1080,75,25,40,0,None,125,50.94337219652255,1,87.5,24.8
12.1,16.2,36,73,82,1.06,1343,75,17,208,0,None,121,110.99164380855885,-9,77.5,220.48000000000002
8.2,13.1,24,79,81,1.02,1252,74,21,69,0,None,118,152.68274063080412,-2,80.0,70.38
18.0,13.5,29,82,81,0.53,1545,72,30,125,0,None,103,85.83328564817464,1,81.5,66.25
19.0,15.7,32,98,76,0.98,1115,66,18,266,0,None,138,58.68417963990545,22,87.0,260.68
15.1,17.2,32,78,77,1.0,1537,75,27,215,0,None,101,101.78801206091917,1,77.5,215.0
7.9,14.1,38,78,77,0.87,1814,80,16,275,0,None,123,229.61996250637657,1,77.5,239.25
21.9,11.4,40,90,81,1.07,1605,69,17,107,0,None,137,73.28763776820193,9,85.5,114.49000000000001
17.9,14.6,17,92,84,0.55,1114,63,29,295,0,None,118,62.23460210357425,8,88.0,162.25
22.4,19.6,36,70,78,1.34,1724,64,35,158,0,None,78,76.96425135524494,-8,74.0,211.72
23.7,12.1,27,74,92,1.02,1406,65,22,172,0,None,122,59.32486948317744,-18,83.0,175.44
21.1,16.5,40,81,76,0.53,1024,73,27,83,0,None,103,48.53078268683285,5,78.5,43.99
24.2,19.8,33,89,94,1.48,1260,75,27,183,1,Generator,129,52.06609418756439,-5,91.5,270.84
24.1,13.8,15,74,76,0.88,1166,67,19,156,0,None,112,48.38172266318561,-2,75.0,137.28
17.4,18.9,35,81,93,1.49,1828,75,34,249,1,Generator,106,105.05741088654548,-12,87.0,371.01
19.6,18.6,43,72,80,0.68,1150,62,26,140,0,None,100,58.673439452326804,-8,76.0,95.2
19.0,13.4,17,87,95,0.53,1463,78,23,200,0,None,136,76.99995947370554,-8,91.0,106.0
17.4,11.0,30,83,85,1.21,1618,61,18,90,0,None,132,92.98845230548719,-2,84.0,108.89999999999999
5.4,11.8,34,94,75,1.45,962,76,26,106,1,Gearbox,117,178.14781824478104,19,84.5,153.7
12.1,13.7,21,87,81,0.58,1055,74,33,45,0,None,102,87.19001058676811,6,84.0,26.099999999999998
7.0,19.6,35,90,94,1.24,1766,73,25,295,0,None,134,252.2853538780659,-4,92.0,365.8
11.0,12.7,16,90,81,0.57,1278,61,17,72,0,None,137,116.1817125620795,9,85.5,41.04
6.4,19.3,42,88,82,1.29,1672,70,21,157,0,None,128,261.24959179751284,6,85.0,202.53
23.4,11.8,38,70,76,1.08,1735,62,35,243,0,None,76,74.14526745928741,-6,73.0,262.44
14.0,19.7,43,95,80,1.28,1607,69,23,89,0,None,129,114.78563229597694,15,87.5,113.92
8.8,12.9,28,98,80,0.87,1540,63,35,131,0,None,108,174.9998011365896,18,89.0,113.97
16.7,16.3,16,86,89,1.41,1445,63,26,185,0,None,123,86.52689429527288,-3,87.5,260.84999999999997
8.9,10.7,25,73,85,0.8,1332,71,29,291,0,None,100,149.66275318791776,-12,79.0,232.8
21.1,13.0,30,90,78,0.78,1064,66,19,121,0,None,130,50.426516385537255,12,84.0,94.38000000000001
11.1,12.1,43,81,91,1.46,1970,75,35,53,1,Generator,102,177.4773175880022,-10,86.0,77.38
11.3,10.0,41,72,87,0.62,1606,65,15,74,0,None,129,142.12376803206368,-15,79.5,45.88
22.4,11.6,33,96,80,1.09,1114,67,32,262,0,None,112,49.732120655303284,16,88.0,285.58000000000004
16.2,15.9,37,91,79,1.07,1820,72,29,250,0,None,112,112.34560966320392,12,85.0,267.5
22.7,13.9,44,94,93,0.74,1805,60,28,99,1,Blades,131,79.51538347339935,1,93.5,73.26
13.3,17.2,41,94,88,0.82,1728,77,21,286,0,None,140,129.92471434232004,6,91.0,234.51999999999998
11.9,16.7,35,81,91,0.79,1027,62,19,186,0,None,134,86.30244848533741,-10,86.0,146.94
15.1,18.0,31,84,80,1.35,920,61,27,34,0,None,110,60.92711196880003,4,82.0,45.900000000000006
6.2,18.7,29,77,87,0.89,1679,75,33,143,0,None,98,270.80601482900835,-10,82.0,127.27
8.1,18.2,38,93,76,0.86,1125,76,20,278,0,None,129,138.88871742133654,17,84.5,239.07999999999998
9.4,14.5,39,86,87,1.14,1825,73,31,297,0,None,111,194.14872962901103,-1,86.5,338.58
21.3,13.1,22,90,79,1.0,1640,77,17,83,0,None,135,76.99526901630563,11,84.5,83.0
19.7,15.0,29,81,88,0.93,1312,78,20,279,0,None,129,66.59895096499952,-7,84.5,259.47
8.9,15.4,38,90,94,1.21,1436,64,16,100,0,None,152,161.34813331670415,-4,92.0,121.0
10.5,13.1,35,90,84,0.91,1453,69,23,99,0,None,128,138.38082058969468,6,87.0,90.09
23.9,15.4,33,93,81,0.72,1317,68,29,256,0,None,116,55.10457945415086,12,87.0,184.32
6.7,11.1,25,75,77,1.24,1097,63,25,183,0,None,102,163.7310989088076,-2,76.0,226.92
15.9,12.3,33,89,88,0.57,1994,65,26,286,0,None,125,125.40872615803386,1,88.5,163.01999999999998
15.4,17.5,33,96,87,1.5,1724,68,26,184,1,Gearbox,131,111.94797925455893,9,91.5,276.0
19.5,11.8,28,73,86,1.1,1072,62,19,249,0,None,121,54.974330782394475,-13,79.5,273.90000000000003
10.2,11.4,44,99,94,0.72,938,75,22,188,0,None,149,91.96069415618221,5,96.5,135.35999999999999
23.7,12.9,35,76,95,0.7,1279,72,24,210,0,None,123,53.966221955180615,-19,85.5,147.0
13.2,13.7,41,98,89,0.77,1510,78,26,145,0,None,135,114.39385273192975,9,93.5,111.65
10.7,13.3,19,96,79,1.38,1932,61,32,77,1,Gearbox,111,180.56057891534684,17,87.5,106.25999999999999
11.7,13.7,38,93,94,1.33,1046,73,24,167,1,Gearbox,139,89.40163299005728,-1,93.5,222.11
12.0,11.4,33,76,82,0.64,1384,76,30,185,0,None,98,115.33323722230232,-6,79.0,118.4
9.0,11.7,24,76,77,1.1,1096,70,17,297,0,None,119,121.77764246928615,-1,76.5,326.70000000000005
23.6,12.4,19,78,80,1.41,977,79,18,95,0,None,122,41.3982875430985,-2,79.0,133.95
8.5,14.0,26,94,92,1.23,1561,61,21,146,0,None,144,183.64684276842027,2,93.0,179.57999999999998
22.7,13.4,28,76,79,1.09,1014,70,21,219,0,None,113,44.66958384599831,-3,77.5,238.71
13.1,17.9,19,87,83,0.71,1692,66,28,200,0,None,114,129.16020674793378,4,85.0,142.0
10.4,15.3,35,93,80,1.44,1509,79,19,52,1,Gearbox,135,145.09601433075545,13,86.5,74.88
9.0,15.8,24,84,76,1.39,1156,79,18,35,0,None,124,128.44430172855365,8,80.0,48.65
15.1,15.6,39,95,86,0.82,1774,62,28,215,0,None,125,117.48336590505569,9,90.5,176.29999999999998
18.4,14.0,34,87,88,1.0,1670,68,35,224,0,None,105,90.76082023868466,-1,87.5,224.0
23.0,19.8,24,88,91,0.58,1589,64,35,295,0,None,109,69.086926483945,-3,89.5,171.1
18.0,10.4,26,90,83,1.13,1135,77,33,225,0,None,107,63.05552052471082,7,86.5,254.24999999999997
14.7,12.2,43,95,78,0.55,1677,78,16,90,0,None,141,114.0815550465612,17,86.5,49.50000000000001
5.7,12.8,43,70,88,1.41,1495,78,30,170,0,None,98,262.2802416136112,-18,79.0,239.7
23.3,18.8,28,82,93,1.38,1488,67,23,121,1,Generator,129,63.86263353535041,-11,87.5,166.98
23.0,19.2,35,99,77,0.78,1031,66,31,124,0,None,114,44.82606746692719,22,88.0,96.72
12.6,18.5,44,73,79,1.24,1049,74,16,238,0,None,120,83.25390217944272,-6,76.0,295.12
5.6,14.2,45,77,82,0.94,936,79,32,174,0,None,95,167.1425586740024,-5,79.5,163.56
19.7,19.1,17,87,88,1.35,1170,61,27,169,0,None,121,59.390832796531576,-1,87.5,228.15
20.8,11.0,32,96,85,0.56,1443,61,17,202,0,None,147,69.37496664665065,11,90.5,113.12
15.8,16.5,37,73,89,1.01,1295,68,34,156,0,None,94,81.96197344178896,-16,81.0,157.56
13.1,19.4,21,70,76,0.9,1684,68,32,143,0,None,82,128.54952019120597,-6,73.0,128.70000000000002
22.0,17.5,40,91,91,0.76,1348,70,29,197,0,None,124,61.27269942150026,0,91.0,149.72
8.9,12.8,29,88,95,0.71,1003,70,22,232,0,None,139,112.69650258819934,-7,91.5,164.72
13.8,17.2,30,78,76,1.18,1697,69,25,167,0,None,104,122.9709253833874,2,77.0,197.06
5.5,12.9,23,99,85,0.7,1103,76,16,257,0,None,152,200.54508991801833,14,92.0,179.89999999999998
8.3,11.1,24,87,90,1.13,1247,75,28,112,0,None,121,150.2407828424303,-3,88.5,126.55999999999999
23.8,17.2,18,90,85,0.89,1451,75,34,31,0,None,107,60.966360938503804,5,87.5,27.59
16.6,11.8,43,81,87,0.74,1510,67,19,282,0,None,130,90.96380062421649,-6,84.0,208.68
21.1,11.1,26,98,93,1.28,1224,60,23,42,0,None,145,58.00945118035489,5,95.5,53.76
14.7,15.5,20,78,86,0.86,1407,76,32,69,0,None,100,95.71422060257103,-8,82.0,59.339999999999996
21.7,16.2,19,92,80,0.51,973,79,16,94,0,None,140,44.83868901442903,12,86.0,47.94
15.8,10.5,27,73,90,1.35,1076,71,21,235,0,None,121,68.10122272074511,-17,81.5,317.25
5.1,10.0,34,86,83,0.81,1559,62,34,173,0,None,101,305.68567512612725,3,84.5,140.13
23.0,18.8,38,87,81,1.32,905,63,30,204,0,None,108,39.34780897921349,6,84.0,269.28000000000003
8.0,11.2,43,76,80,1.05,1102,77,17,246,0,None,122,137.74982781271524,-4,78.0,258.3
14.0,15.8,34,80,77,1.38,1591,73,24,152,0,None,109,113.64277596944574,3,78.5,209.76
14.5,19.5,28,75,94,0.92,1155,65,25,131,0,None,119,79.65511747922933,-19,84.5,120.52000000000001
5.9,15.1,28,95,86,0.67,1800,64,30,36,0,None,121,305.08422867079884,9,90.5,24.12
6.1,11.4,32,90,94,0.52,1332,66,19,251,0,None,146,218.36029777000368,-4,92.0,130.52
20.3,13.9,31,83,92,1.28,1686,66,20,46,0,None,135,83.05414627874568,-9,87.5,58.88
11.0,16.2,34,87,76,1.28,1874,76,32,131,0,None,99,170.3634814877441,11,81.5,167.68
13.2,17.6,30,80,80,0.7,1393,78,19,263,0,None,122,105.53022308316434,0,80.0,184.1
16.3,16.1,17,83,81,1.46,1643,65,24,202,0,None,116,100.79748417332259,2,82.0,294.92
12.5,10.3,30,89,85,1.45,1828,64,29,216,0,None,116,146.23988300809359,4,87.0,313.2
20.5,11.4,16,76,89,0.87,1171,71,25,267,0,None,115,57.12192335515934,-13,82.5,232.29
22.7,13.7,20,74,89,0.65,1874,71,33,61,0,None,97,82.55502971144065,-15,81.5,39.65
6.2,17.1,27,98,95,0.78,1846,65,25,286,0,None,143,297.7414552557173,3,96.5,223.08
17.7,15.8,32,77,93,1.43,966,76,19,133,1,Generator,132,54.576240352406586,-16,85.0,190.19
11.4,10.4,21,85,79,1.11,1418,78,32,37,0,None,100,124.38585580188088,6,82.0,41.07
16.7,18.0,23,93,92,1.41,1022,62,31,256,1,Gearbox,123,61.19756814516878,1,92.5,360.96
14.7,16.1,26,87,92,0.52,1875,75,19,248,0,None,141,127.55093363882067,-5,89.5,128.96
11.7,18.9,21,89,86,1.49,1164,70,30,85,0,None,115,99.48709445547483,3,87.5,126.65
6.9,14.2,45,75,82,1.13,1308,64,21,291,0,None,115,189.5649426595034,-7,78.5,328.83
16.2,14.9,39,82,79,0.69,1932,69,26,189,0,None,109,119.259185642478,3,80.5,130.41
7.3,14.1,39,91,79,1.01,1518,70,34,97,0,None,102,207.94492062339643,12,85.0,97.97
8.1,17.2,32,76,82,1.32,1920,72,16,57,0,None,126,237.03674439908102,-6,79.0,75.24000000000001
24.6,17.5,44,85,85,0.64,1408,61,18,244,1,Blades,134,57.2357490911589,0,85.0,156.16
11.3,17.2,37,88,87,1.11,1981,74,27,42,0,None,121,175.30957937205366,1,87.5,46.620000000000005
16.7,12.9,25,94,82,1.19,1951,70,16,116,0,None,144,116.82627734953454,12,88.0,138.04
10.4,16.4,33,76,82,0.91,922,73,17,297,0,None,124,88.65376090984527,-6,79.0,270.27
22.3,13.4,31,99,75,1.04,1347,77,27,294,0,None,120,60.40356035714782,24,87.0,305.76
10.7,18.3,32,99,75,1.34,1945,71,32,286,1,Gearbox,110,181.77553105090558,24,87.0,383.24
12.3,10.6,40,70,93,1.45,1796,78,26,110,1,Generator,111,146.0161414502915,-23,81.5,159.5
17.2,10.4,30,81,75,1.05,1133,76,19,98,0,None,118,65.87205472554959,6,78.0,102.9
22.4,11.0,37,72,76,1.2,1873,73,18,149,0,None,112,83.61603409998479,-4,74.0,178.79999999999998
21.3,12.0,23,80,79,0.82,1122,72,31,260,0,None,97,52.676031607496896,1,79.5,213.2
10.3,10.4,43,88,90,0.83,1930,69,33,292,0,None,112,187.37845885586518,-2,89.0,242.35999999999999
21.6,10.7,18,88,89,1.39,991,78,30,292,0,None,117,45.879608389070185,-1,88.5,405.88
19.0,13.1,45,73,88,0.6,1941,68,19,181,0,None,123,102.15784096955738,-15,80.5,108.6
24.8,11.0,34,90,86,0.71,991,60,22,244,0,None,132,39.95966130658818,4,88.0,173.23999999999998
23.7,18.0,29,95,79,0.77,1151,61,24,117,0,None,126,48.56538035216019,16,87.0,90.09
15.7,10.5,24,89,83,0.59,1523,79,17,219,0,None,138,97.0063076392945,6,86.0,129.20999999999998
20.0,19.1,27,79,85,1.17,1107,62,20,293,0,None,124,55.34997232501384,-6,82.0,342.81
16.4,18.7,38,70,87,1.41,1328,76,30,202,0,None,97,80.97556038075588,-17,78.5,284.82
16.9,12.1,19,89,79,0.53,1086,77,31,244,0,None,106,64.26031700572959,10,84.0,129.32
7.0,10.7,23,90,90,0.75,1514,71,19,261,0,None,142,216.28540530656386,0,90.0,195.75
5.0,11.1,19,91,81,1.42,1572,77,22,140,1,Gearbox,128,314.3993712012576,10,86.0,198.79999999999998
6.0,15.6,28,71,88,0.97,1143,62,25,48,0,None,109,190.4996825005292,-17,79.5,46.56
24.3,16.0,27,85,85,1.39,1221,80,19,48,0,None,132,50.24689290251321,0,85.0,66.72
7.5,13.2,34,82,87,1.44,1712,72,32,39,0,None,105,228.26636231151693,-5,84.5,56.16
5.9,13.0,45,93,83,1.49,995,77,21,201,1,Gearbox,134,168.6437819596916,10,88.0,299.49
11.2,15.3,42,92,84,0.9,1398,65,20,169,0,None,136,124.821317123824,8,88.0,152.1
16.8,13.1,41,99,92,0.84,1219,66,33,215,0,None,125,72.55948061935678,7,95.5,180.6
24.0,19.3,34,97,85,1.25,1354,63,28,181,0,None,126,56.41664315973202,12,91.0,226.25
19.0,13.8,23,87,91,1.09,1819,74,25,292,0,None,128,95.73679171747804,-4,89.0,318.28000000000003
10.5,12.2,27,99,83,1.16,1977,60,17,267,0,None,148,188.28553496615717,16,91.0,309.71999999999997
23.8,11.5,23,75,89,1.03,1098,62,18,48,0,None,128,46.134434397296474,-14,82.0,49.44
5.7,16.3,19,70,80,1.01,967,63,19,296,0,None,112,169.6488251774997,-10,75.0,298.96
24.6,13.3,28,73,93,0.81,1117,74,19,31,0,None,128,45.40648560711967,-20,83.0,25.110000000000003
6.2,11.9,42,81,94,1.1,1860,73,33,227,0,None,109,299.9995161298127,-13,87.5,249.70000000000002
20.1,12.8,37,93,93,0.77,1867,72,34,178,0,None,118,92.88552592759903,0,93.0,137.06
5.9,13.1,45,81,82,0.86,1215,68,23,172,0,None,117,205.93185435278923,-1,81.5,147.92
23.6,16.3,21,93,81,1.13,1263,79,19,259,0,None,136,53.51692647587861,12,87.0,292.66999999999996
7.2,11.7,30,92,79,1.14,1630,79,20,263,0,None,131,226.38857446031327,13,85.5,299.82
6.0,17.3,39,94,92,1.08,1276,67,15,125,0,None,156,212.66631222281296,2,93.0,135.0
22.8,13.0,29,76,77,1.17,1894,71,19,217,0,None,115,83.070139004325,-1,76.5,253.89
6.9,14.9,26,85,88,0.91,1781,74,15,258,0,None,143,258.1155679484522,-3,86.5,234.78
21.0,16.5,39,91,82,1.09,1294,65,34,191,0,None,105,61.61901827665797,9,86.5,208.19000000000003
19.9,15.4,28,79,79,0.6,1970,75,27,90,0,None,104,98.99492512817834,0,79.0,54.0
17.0,16.6,42,95,79,0.98,1719,75,28,87,0,None,118,101.11758757788967,16,87.0,85.26
12.6,13.2,23,93,92,1.09,1733,70,17,92,0,None,151,137.53957338129098,1,92.5,100.28
23.3,19.6,42,74,92,0.92,1956,68,24,274,1,Blades,118,83.94846182469449,-18,83.0,252.08
22.4,14.6,23,77,80,0.52,1374,73,24,87,0,None,109,61.33925833068825,-3,78.5,45.24
13.5,13.2,24,77,76,1.2,946,60,32,212,0,None,89,70.07402216739099,1,76.5,254.39999999999998
9.6,13.0,28,96,92,0.96,1990,77,31,177,0,None,126,207.29145073807217,4,94.0,169.92
10.5,10.4,30,76,76,0.66,1929,77,23,89,0,None,106,183.71411074846597,0,76.0,58.74
9.4,16.8,28,89,77,1.47,1963,70,30,199,0,None,106,208.82956507493077,12,83.0,292.53
15.8,12.6,41,72,91,1.44,1421,60,17,78,1,Generator,129,89.93665193882788,-19,81.5,112.32
22.4,19.6,39,87,91,0.66,1081,67,20,111,0,None,138,48.25890702727365,-4,89.0,73.26
20.5,12.1,24,74,79,1.21,1115,69,18,96,0,None,117,54.39021737062567,-5,76.5,116.16
20.9,15.3,30,87,76,1.02,1421,77,30,254,0,None,103,67.99039809071863,11,81.5,259.08
14.0,17.4,28,81,76,0.79,1643,61,33,89,0,None,91,117.35705903067212,5,78.5,70.31
11.4,18.7,17,88,84,1.18,1412,70,27,256,0,None,118,123.85954047408731,4,86.0,302.08
20.1,11.6,37,82,83,0.95,1334,69,28,246,0,None,109,66.36812618501185,-1,82.5,233.7
20.9,19.9,20,96,79,1.4,1960,64,27,78,1,Gearbox,121,93.77985943547397,17,87.5,109.19999999999999
18.9,19.1,43,93,93,1.2,1612,65,27,106,0,None,132,85.29096016351315,0,93.0,127.19999999999999
5.6,19.6,27,95,86,1.01,1348,72,19,145,0,None,143,240.71385586811456,9,90.5,146.45
16.8,18.5,34,77,91,0.95,1659,79,15,90,0,None,138,98.74994122027309,-14,84.0,85.5
11.9,18.8,40,74,77,0.53,1771,76,19,295,0,None,113,148.82340435008038,-3,75.5,156.35
8.9,16.0,20,87,94,0.66,1304,70,21,60,0,None,139,146.51668930709067,-7,90.5,39.6
18.9,18.5,31,96,91,0.55,1423,71,23,238,0,None,141,75.29096545451564,5,93.5,130.9
10.4,15.3,22,73,81,0.56,1606,71,29,236,0,None,96,154.4229284394919,-8,77.0,132.16000000000003
23.3,15.4,30,77,75,0.57,1601,74,15,86,0,None,122,68.71241686162367,2,76.0,49.019999999999996
11.0,15.6,32,92,78,0.51,1093,67,27,222,0,None,116,99.36354603313997,14,85.0,113.22
16.1,20.0,20,84,83,1.29,1447,74,21,54,0,None,125,89.8757205740866,1,83.5,69.66
21.6,11.0,32,88,75,0.98,1185,65,19,291,0,None,125,54.861085712460316,13,81.5,285.18
13.0,18.1,29,88,76,1.25,1905,76,21,84,0,None,122,146.53834881665475,12,82.0,105.0
21.6,12.7,31,82,77,0.67,1446,79,22,218,0,None,115,66.94441345166044,5,79.5,146.06
19.5,13.6,42,91,91,1.34,1743,71,32,266,1,Gearbox,118,89.38456954637459,0,91.0,356.44
23.4,10.8,30,96,86,0.59,949,61,20,254,0,None,142,40.555538224128966,10,91.0,149.85999999999999
11.5,13.5,29,97,79,0.82,1320,74,26,53,0,None,124,114.78250888477488,18,88.0,43.46
7.1,19.9,29,71,80,0.87,1075,79,30,59,0,None,91,151.4082374531867,-9,75.5,51.33
13.6,14.0,34,87,88,0.74,1332,79,34,80,0,None,107,97.94110445507026,-1,87.5,59.2
20.7,16.7,26,71,81,0.64,1775,78,16,268,0,None,120,85.74875084601409,-10,76.0,171.52
14.0,11.2,39,97,89,1.13,1920,71,31,200,0,None,124,137.14275918374344,8,93.0,225.99999999999997
10.2,19.2,24,83,91,0.51,1908,78,20,272,0,None,134,187.05864013858812,-8,87.0,138.72
5.6,18.3,24,97,81,1.29,1031,65,32,265,0,None,114,184.10681409497485,16,89.0,341.85
11.3,13.9,33,76,82,0.54,1232,63,18,158,0,None,122,109.02645218898036,-6,79.0,85.32000000000001
19.3,13.5,23,75,76,1.46,1626,70,28,204,0,None,95,84.24866101105647,-1,75.5,297.84
8.0,14.3,18,97,91,1.37,1124,61,30,48,1,Gearbox,128,140.49982437521953,6,94.0,65.76
11.8,14.0,21,98,87,0.91,957,62,25,221,0,None,135,81.10162618506256,11,92.5,201.11
5.4,12.6,42,93,93,0.64,1949,72,22,91,0,None,142,360.92525754581936,0,93.0,58.24
19.4,19.9,15,77,79,1.37,1262,74,18,249,0,None,120,65.05151286004492,-2,78.0,341.13000000000005
22.6,18.1,19,75,94,1.14,1362,63,17,34,0,None,135,60.265460059530945,-19,84.5,38.76
16.4,12.7,38,92,89,1.0,1200,67,30,111,0,None,121,73.17068709104447,3,90.5,111.0
5.5,19.8,44,89,79,0.82,1258,76,16,158,0,None,136,228.72685686026026,10,84.0,129.56
9.4,10.2,36,96,84,1.06,1960,64,27,200,0,None,126,208.51041647828035,12,90.0,212.0
13.8,14.4,43,78,89,0.92,1111,78,16,286,0,None,135,80.50718803826953,-11,83.5,263.12
16.8,15.7,41,79,75,0.97,1444,71,24,269,0,None,106,85.95232979027989,4,77.0,260.93
14.9,10.4,29,92,91,1.35,1602,72,18,193,1,Gearbox,147,107.5167063646266,1,91.5,260.55
23.3,11.6,25,78,94,1.45,1147,63,28,185,1,Generator,116,49.227446683499274,-16,86.0,268.25
23.8,12.6,34,84,77,1.46,1687,61,20,38,0,None,121,70.88232315868775,7,80.5,55.48
7.1,17.2,31,86,93,1.41,1651,67,22,81,1,Generator,135,232.53488375368488,-7,89.5,114.21
7.8,19.4,16,90,84,1.3,1950,62,30,200,0,None,114,249.9996794875904,6,87.0,260.0
12.2,16.2,44,80,85,0.95,1406,62,27,297,0,None,111,115.2458071755679,-5,82.5,282.15
13.4,15.6,32,96,92,0.59,1323,79,29,241,0,None,130,98.73126960353015,4,94.0,142.19
16.7,15.4,41,82,87,1.13,1297,61,29,83,0,None,111,77.66462415291967,-5,84.5,93.78999999999999
20.5,13.5,37,71,82,0.9,1301,69,33,75,0,None,87,63.46338367639821,-11,76.5,67.5
7.7,18.3,25,72,90,1.19,941,75,31,292,0,None,100,122.20763349657987,-18,81.0,347.47999999999996
21.1,15.4,42,99,78,0.72,1160,66,30,226,1,Blades,117,54.976277262427836,21,88.5,162.72
17.2,12.3,39,89,88,1.26,1032,70,16,199,0,None,145,59.99996511629936,1,88.5,250.74
24.6,11.4,28,85,90,0.67,1869,67,17,81,0,None,141,75.9755788717159,-5,87.5,54.27
18.0,19.9,40,96,82,1.31,962,74,26,95,1,Gearbox,126,53.44441475310292,14,89.0,124.45
19.3,10.2,23,92,94,1.41,1302,72,22,286,1,Gearbox,142,67.46110494243267,-2,93.0,403.26
8.9,19.3,35,75,88,1.4,1141,66,25,46,0,None,113,128.20210314370433,-13,81.5,64.39999999999999
20.4,12.2,18,70,77,0.85,1610,73,30,150,0,None,87,78.92152994042651,-7,73.5,127.5
6.6,16.6,41,99,94,0.89,1259,60,22,233,0,None,149,190.75728673138377,5,96.5,207.37
18.1,13.0,37,89,90,1.34,918,73,32,76,0,None,115,50.718204023091694,-1,89.5,101.84
6.1,18.6,20,84,89,1.19,1883,76,24,101,0,None,125,308.6880185442319,-5,86.5,120.19
7.3,15.4,16,98,80,1.03,1600,60,22,182,0,None,134,219.17778194824393,18,89.0,187.46
7.2,11.4,27,81,84,1.46,902,73,25,105,0,None,115,125.27760378110587,-3,82.5,153.29999999999998
6.0,12.7,35,92,93,1.02,1648,71,25,62,0,None,135,274.66620888965184,-1,92.5,63.24
11.4,13.2,23,90,81,0.74,1138,66,32,203,0,None,107,99.82447383818085,9,85.5,150.22
24.9,18.9,44,90,83,1.18,1960,64,19,193,1,Blades,135,78.71482782537036,7,86.5,227.73999999999998
12.0,17.7,43,90,80,1.01,1389,79,25,69,0,None,120,115.74990354174705,10,85.0,69.69
20.2,18.3,33,70,79,0.7,1146,70,31,133,0,None,87,56.73264518185882,-9,74.5,93.1
7.6,10.5,24,95,76,0.65,933,69,28,285,0,None,115,122.76299636447848,19,85.5,185.25
14.1,15.8,42,98,90,0.86,965,77,26,69,0,None,136,68.43966777328527,8,94.0,59.339999999999996
8.7,20.0,39,83,77,1.47,962,68,32,120,0,None,96,110.5745855464534,6,80.0,176.4
8.8,17.9,18,87,86,0.65,935,76,30,31,0,None,113,106.24987926150084,1,86.5,20.150000000000002
7.0,11.2,29,80,76,0.97,1503,71,16,270,0,None,124,214.71397898003005,4,78.0,261.9
13.6,16.8,44,94,95,0.83,1831,64,24,297,0,None,141,134.6322539468721,-1,94.5,246.51
6.5,17.5,29,92,89,1.44,1281,67,29,202,1,Gearbox,123,197.07661988212328,3,90.5,290.88
23.2,15.1,43,92,88,0.88,1284,60,28,155,1,Blades,124,55.34480373068805,4,90.0,136.4
14.0,10.8,44,92,79,0.73,1014,69,22,134,0,None,127,72.42851969391451,13,85.5,97.82
21.8,10.3,27,77,86,0.98,901,79,24,176,0,None,115,41.33025627052464,-9,81.5,172.48
24.6,19.4,44,73,85,0.65,1947,73,25,140,1,Blades,108,79.14630929011817,-12,79.0,91.0
18.6,12.6,19,79,82,0.88,1403,72,24,247,0,None,113,75.43006697308226,-3,80.5,217.36
23.0,13.8,20,87,78,1.23,1711,77,30,75,0,None,105,74.39127200379478,9,82.5,92.25
7.7,18.0,23,82,82,1.1,1855,62,25,132,0,None,114,240.90877804054801,0,82.0,145.20000000000002
21.6,16.9,29,77,87,0.51,1023,76,31,273,0,None,102,47.36108918468093,-10,82.0,139.23
10.4,19.7,20,71,85,1.0,1189,74,24,36,0,None,108,114.32681314729506,-14,78.0,36.0
14.5,10.9,25,74,86,1.31,1452,71,16,220,0,None,128,100.13786197388829,-12,80.0,288.2
17.9,17.1,18,73,86,1.06,1227,68,32,256,0,None,95,68.54744773885602,-13,79.5,271.36
23.1,10.8,28,99,80,0.97,959,61,30,135,0,None,119,41.51513354323223,19,89.5,130.95
23.2,10.0,40,93,77,0.92,1882,72,18,218,0,None,134,81.12065468937298,16,85.0,200.56
6.8,11.2,33,74,85,1.04,1175,71,22,229,0,None,115,172.793863538436,-11,79.5,238.16
12.3,16.2,39,84,93,0.57,980,66,16,284,0,None,145,79.67473197176263,-9,88.5,161.88
20.9,16.8,19,90,95,1.3,1365,65,25,131,0,None,135,65.31097353541936,-5,92.5,170.3
19.1,14.4,27,99,91,1.36,1785,67,24,260,1,Gearbox,142,93.45544845264479,8,95.0,353.6
5.5,10.5,16,78,79,1.09,1085,69,19,261,0,None,119,197.27236859569348,-1,78.5,284.49
14.0,16.3,26,78,88,1.48,1381,75,19,75,0,None,128,98.6427866837238,-10,83.0,111.0
21.6,10.9,33,87,80,1.06,1104,70,20,205,0,None,127,51.11108744857062,7,83.5,217.3
19.8,11.4,32,96,87,0.53,1800,63,29,118,0,None,125,90.90904499543181,9,91.5,62.540000000000006
13.2,15.1,17,78,85,0.96,1475,78,22,141,0,None,119,111.74233958913669,-7,81.5,135.35999999999999
19.7,13.4,17,74,83,0.9,1536,70,27,190,0,None,103,77.96950356877991,-9,78.5,171.0
16.0,14.6,24,78,88,0.69,1722,78,20,98,0,None,126,107.62493273441704,-10,83.0,67.61999999999999
23.3,16.4,38,83,92,1.03,1934,72,32,123,0,None,111,83.00425622134927,-9,87.5,126.69
16.7,11.6,16,81,82,0.95,1016,71,29,214,0,None,105,60.838286923181485,-1,81.5,203.29999999999998
13.0,18.9,33,96,85,0.67,1830,67,35,265,0,None,111,140.7691224852904,11,90.5,177.55
22.3,15.6,21,98,84,1.01,1422,79,32,273,0,None,118,63.76678754852576,14,91.0,275.73
6.0,10.2,43,81,80,1.33,1605,80,18,263,0,None,125,267.4995541674097,1,80.5,349.79
23.0,16.3,28,95,83,1.01,1838,67,29,279,0,None,120,79.91300873347447,12,89.0,281.79
18.9,14.6,16,72,75,0.72,1259,76,21,219,0,None,105,66.6137213684014,-3,73.5,157.68
23.8,17.0,36,87,85,1.19,1856,65,27,213,0,None,118,77.98316051127709,2,86.0,253.47
10.0,17.8,30,95,89,1.37,1595,72,28,68,1,Gearbox,128,159.4998405001595,6,92.0,93.16000000000001
18.9,19.4,41,83,82,0.85,1207,73,30,235,0,None,105,63.8624000728042,1,82.5,199.75
21.2,20.0,35,74,90,0.57,1912,80,25,246,0,None,114,90.18863670347326,-16,82.0,140.22
19.0,15.5,36,79,90,1.41,964,66,22,74,0,None,125,50.736815401676104,-11,84.5,104.33999999999999
9.2,15.6,38,85,95,1.18,1550,74,34,141,0,None,112,168.47807774121986,-10,90.0,166.38
10.5,10.2,28,95,86,1.49,919,65,22,177,1,Gearbox,137,87.52372616787984,9,90.5,263.73
16.3,18.7,39,92,83,1.19,990,61,21,133,0,None,133,60.73615905757113,9,87.5,158.26999999999998
13.9,10.3,17,73,88,0.62,1010,66,21,35,0,None,119,72.66181822890775,-15,80.5,21.7
19.7,16.3,38,86,88,0.93,1884,76,31,107,0,None,112,95.63446922108162,-2,87.0,99.51
12.6,11.0,34,96,95,0.54,1515,79,28,270,0,None,135,120.23799981111127,1,95.5,145.8
22.2,12.9,32,87,89,0.84,1186,61,19,183,0,None,138,53.42339935882912,-2,88.0,153.72
13.6,11.4,25,72,81,1.29,1330,62,19,107,0,None,115,97.79404573967226,-9,76.5,138.03
5.8,11.4,18,95,79,1.06,1822,67,17,143,0,None,140,314.13738941829416,16,87.0,151.58
5.3,10.7,34,97,91,0.96,1527,69,23,180,0,None,142,288.11266393836996,6,94.0,172.79999999999998
17.9,13.2,29,82,79,1.35,935,79,25,118,0,None,111,52.23460769016331,3,80.5,159.3
15.8,14.2,22,79,88,0.68,1858,60,22,136,0,None,123,117.59486228173273,-9,83.5,92.48
15.9,14.6,16,86,78,1.04,1492,77,23,199,0,None,118,93.83641897080568,8,82.0,206.96
20.8,14.4,31,100,89,1.15,1116,70,27,232,0,None,135,53.65382035874021,11,94.5,266.79999999999995
12.5,15.2,19,95,91,1.43,1687,64,26,187,1,Gearbox,134,134.95989203208637,4,93.0,267.40999999999997
24.9,18.6,43,94,95,0.66,1487,64,24,221,1,Blades,141,59.71885151853353,-1,94.5,145.86
23.9,16.3,20,76,94,1.21,1108,61,25,182,0,None,120,46.35981323857187,-18,85.0,220.22
5.3,10.2,16,97,89,0.55,1615,65,31,119,0,None,124,304.71640619546,8,93.0,65.45
22.9,11.7,23,87,81,1.07,1606,79,25,35,0,None,118,70.13097374193286,6,84.0,37.45
18.6,13.5,20,98,76,1.14,1950,76,34,286,0,None,106,104.83865331255198,22,87.0,326.03999999999996
15.0,19.5,39,90,86,1.34,1191,79,26,45,0,None,124,79.39994706670196,4,88.0,60.300000000000004
16.7,10.8,24,95,90,0.82,1503,63,22,96,0,None,141,89.99994610781671,5,92.5,78.72
21.8,17.1,22,75,75,1.2,1253,71,34,109,0,None,82,57.477037854569794,0,75.0,130.79999999999998
24.0,10.3,45,91,85,0.59,1228,79,17,287,1,Blades,142,51.1666453472311,6,88.0,169.32999999999998
16.2,13.6,20,78,93,0.72,1456,73,32,54,0,None,107,89.87648773056314,-15,85.5,38.879999999999995
8.6,17.7,18,75,88,1.27,1686,60,17,240,0,None,129,196.04628366711202,-13,81.5,304.8
17.8,13.4,24,87,89,1.39,1565,61,28,263,0,None,120,87.92129892061858,-2,88.0,365.57
6.5,14.3,27,88,84,0.52,1029,68,33,118,0,None,106,158.30744875777114,4,86.0,61.36
17.7,19.1,38,85,94,0.67,1915,68,17,132,0,None,145,108.19202927003997,-9,89.5,88.44000000000001
21.2,10.7,44,73,82,0.71,1680,78,35,114,1,Blades,85,79.24524563903508,-9,77.5,80.94
12.1,15.3,38,77,83,1.02,1537,76,25,197,0,None,110,127.02468840934843,-6,80.0,200.94
6.4,13.7,37,77,85,0.65,1059,63,25,41,0,None,112,165.4684914554821,-8,81.0,26.650000000000002
18.8,19.6,45,79,87,1.48,1048,62,22,186,0,None,122,55.74465119965362,-8,83.0,275.28
11.8,17.9,38,89,86,0.89,1223,77,23,150,0,None,129,103.64397996272884,3,87.5,133.5
10.0,11.2,19,83,91,0.64,1915,69,24,186,0,None,126,191.4998085001915,-8,87.0,119.04
18.8,19.3,29,99,92,1.27,1062,63,19,125,0,None,153,56.48933165461082,7,95.5,158.75
24.4,12.1,30,70,78,1.06,1620,78,25,104,0,None,98,66.39341541253467,-8,74.0,110.24000000000001
19.9,10.8,24,76,87,1.41,1609,74,27,268,0,None,109,80.85423072651723,-11,81.5,377.88
14.8,15.4,20,87,95,1.44,1001,63,16,247,1,Generator,150,67.63508943575037,-8,91.0,355.68
17.0,17.4,36,96,87,1.36,1678,72,30,95,1,Gearbox,123,98.7058242906916,9,91.5,129.20000000000002
7.8,17.2,23,71,89,1.06,1424,69,26,219,0,None,108,182.5638685078609,-18,80.0,232.14000000000001
21.3,15.3,34,97,92,0.72,1451,65,17,225,0,None,155,68.12203374552406,5,94.5,162.0
17.1,14.9,25,85,92,0.93,906,72,32,127,0,None,113,52.982425156476516,-7,88.5,118.11
24.3,19.7,30,94,75,0.98,1886,69,25,284,0,None,119,77.61313678471737,19,84.5,278.32
24.6,18.2,25,98,80,1.48,1571,71,24,103,1,Gearbox,130,63.86176265782006,18,89.0,152.44
12.1,17.0,27,76,92,0.75,1565,66,23,245,0,None,122,129.33873608368918,-16,84.0,183.75
24.8,12.0,37,88,88,0.93,1328,75,31,39,0,None,114,53.548365504691326,0,88.0,36.27
24.1,18.2,42,97,88,1.06,1672,69,17,269,1,Blades,151,69.37756457362465,9,92.5,285.14
17.8,17.5,30,95,92,0.89,1816,76,29,92,0,None,129,102.0224145941491,3,93.5,81.88
11.7,19.9,33,86,91,0.62,1445,72,28,104,0,None,121,123.50416794515561,-5,88.5,64.48
20.1,11.3,41,98,90,1.39,1500,65,23,174,1,Gearbox,142,74.6268285438664,8,94.0,241.85999999999999
10.4,17.2,19,91,76,1.3,1129,67,34,94,0,None,99,108.55758792539622,15,83.5,122.2
17.6,19.8,20,86,91,0.76,1289,66,26,227,0,None,125,73.23859475079843,-5,88.5,172.52
5.5,14.6,26,72,79,0.95,1415,67,27,81,0,None,97,257.27225950498274,-7,75.5,76.95
17.6,17.3,24,85,76,1.24,1627,63,30,90,0,None,101,92.44312929367653,9,80.5,111.6
24.0,19.8,45,83,85,1.47,1925,70,28,146,1,Blades,112,80.20829991320836,-2,84.0,214.62
9.7,15.5,32,79,94,0.67,1051,61,32,218,0,None,109,108.35040376247036,-15,86.5,146.06
20.6,17.0,31,98,93,1.14,1482,67,20,42,0,None,151,71.94171264965405,5,95.5,47.879999999999995
10.9,10.2,32,98,95,1.32,1572,69,31,208,1,Gearbox,131,144.22005117426497,3,96.5,274.56
19.2,15.2,41,80,80,0.53,1808,75,16,52,0,None,128,94.16661762155333,0,80.0,27.560000000000002
19.0,12.6,22,83,89,1.31,1828,77,29,106,0,None,114,96.21047567869701,-6,86.0,138.86
8.7,11.3,30,93,76,1.29,1627,75,35,63,0,None,99,187.01127929738013,17,84.5,81.27
16.9,17.1,23,95,91,1.42,1114,62,29,136,1,Gearbox,128,65.91712075910014,4,93.0,193.12
22.2,10.4,38,73,85,0.58,1758,73,22,274,0,None,114,79.18915351839932,-12,79.0,158.92
12.7,19.0,38,85,95,0.62,1536,77,25,40,0,None,130,120.94478665764831,-10,90.0,24.8
19.2,15.2,44,97,80,1.02,1957,71,35,94,0,None,107,101.92703024633842,17,88.5,95.88
18.5,16.5,28,90,91,1.37,1949,79,25,179,1,Generator,131,105.35129440470573,-1,90.5,245.23000000000002
10.2,12.5,20,86,78,1.37,1507,78,31,70,0,None,102,147.74495319122238,8,82.0,95.9
23.4,11.8,42,92,81,1.2,1938,78,19,182,1,Blades,135,82.8204774271464,11,86.5,218.4
16.3,12.4,42,90,81,0.95,928,79,32,292,0,None,107,56.93248040952122,9,85.5,277.4
12.1,12.3,22,98,87,0.73,1907,75,19,183,0,None,147,157.60317553456568,11,92.5,133.59
8.3,18.6,23,97,82,0.97,1961,74,35,126,0,None,109,236.26477558460772,15,89.5,122.22
14.5,17.9,24,82,84,0.72,1977,75,17,80,0,None,132,136.34473355535619,-2,83.0,57.599999999999994
19.6,18.5,29,71,85,1.27,1756,67,23,53,0,None,110,89.59179102459642,-14,78.0,67.31
17.5,17.3,40,80,76,0.92,1099,60,29,39,0,None,98,62.79996411430622,4,78.0,35.88
19.5,16.4,19,76,88,1.04,1972,61,30,42,0,None,104,101.12815326761371,-12,82.0,43.68
20.8,15.3,36,74,88,1.18,1371,77,21,47,0,None,120,65.91342984931258,-14,81.0,55.459999999999994
13.8,12.7,26,97,94,1.03,1418,68,27,168,0,None,137,102.75354872931251,3,95.5,173.04
15.4,17.1,21,91,78,1.26,917,67,17,215,0,None,135,59.54541587960008,13,84.5,270.9
24.7,11.4,25,71,76,1.29,1278,72,16,50,0,None,115,51.74086974053857,-5,73.5,64.5
24.4,15.1,31,98,78,0.74,1183,63,18,75,0,None,140,48.48358668705464,20,88.0,55.5
13.3,12.0,43,97,83,0.8,1395,71,23,85,0,None,134,104.88713918260211,14,90.0,68.0
18.7,15.0,34,98,79,0.56,1196,77,25,37,0,None,127,63.957185049633665,19,88.5,20.720000000000002
10.4,12.9,33,95,79,0.59,1392,69,17,115,0,None,140,133.84602514805275,16,87.0,67.85
8.1,10.5,18,72,92,1.33,1062,70,24,34,1,Generator,116,131.1109492457417,-20,82.0,45.22
20.4,15.0,17,89,81,0.71,1947,63,33,171,0,None,104,95.44112968572075,8,85.0,121.41
13.7,11.8,19,72,83,1.33,1631,75,27,74,0,None,101,119.05100799196498,-11,77.5,98.42
8.5,11.6,18,91,89,1.49,1987,71,21,232,1,Gearbox,138,233.76443086537546,2,90.0,345.68
20.2,13.8,32,76,82,0.74,905,71,19,215,0,None,120,44.801958018832664,-6,79.0,159.1
23.3,13.6,29,98,86,0.96,1819,65,25,252,0,None,134,78.06863602204463,12,92.0,241.92
23.7,18.7,15,98,85,1.04,993,78,20,100,0,None,143,41.89871649843186,13,91.5,104.0
16.9,15.6,26,88,80,1.44,1751,67,34,136,0,None,100,103.6094061482804,8,84.0,195.84
14.6,18.5,19,93,89,0.68,1915,79,22,214,0,None,138,131.1642937230865,4,91.0,145.52
7.8,11.5,45,96,92,1.34,1055,67,16,232,1,Gearbox,156,135.2562368509784,4,94.0,310.88
20.9,13.6,29,82,91,1.46,1952,78,31,42,1,Generator,111,93.39708449900264,-9,86.5,61.32
23.9,15.6,28,87,83,1.05,1380,71,31,246,0,None,108,57.74056161482778,4,85.0,258.3
22.8,11.5,34,75,94,0.65,1279,61,33,79,0,None,103,56.096466624356744,-19,84.5,51.35
20.0,11.3,26,100,93,0.83,1775,79,31,213,0,None,131,88.7499556250222,7,96.5,176.79
5.1,16.6,36,98,80,1.46,1838,67,21,91,1,Gearbox,136,360.39145021284276,18,89.0,132.85999999999999
13.2,16.5,42,85,77,0.67,1820,76,30,129,0,None,102,137.87868342523984,8,81.0,86.43
13.2,12.3,30,87,93,0.99,1586,71,32,212,0,None,116,120.151424127709,-6,90.0,209.88
22.9,12.3,26,83,90,0.69,1226,65,32,225,0,None,109,53.537094525286236,-7,86.5,155.25
6.3,17.5,31,70,81,1.4,1204,63,24,41,0,None,103,191.1108077606226,-11,75.5,57.4
15.6,11.2,33,77,81,1.09,1152,65,29,67,0,None,100,73.84610650890609,-4,79.0,73.03
7.7,19.2,40,73,81,1.42,1061,71,34,52,0,None,86,137.792028841521,-8,77.0,73.84
18.2,19.4,27,80,92,1.45,1332,70,28,147,1,Generator,116,73.18677297430057,-12,86.0,213.15
20.8,18.7,17,77,80,0.99,1842,65,21,296,0,None,115,88.55764973189916,-3,78.5,293.04
17.8,12.1,34,93,88,1.44,1996,63,17,167,1,Gearbox,147,112.13476846361323,5,90.5,240.48
20.9,10.2,45,85,92,0.5,1663,67,17,106,1,Blades,143,79.56933991897613,-7,88.5,53.0
17.1,19.4,41,95,83,0.69,1072,63,25,188,0,None,128,62.690021818700686,12,89.0,129.72
8.8,13.4,38,89,76,1.23,1641,70,27,201,0,None,111,186.47706082152177,13,82.5,247.23
12.7,13.1,20,90,90,1.03,1203,69,19,50,0,None,142,94.72433486272847,0,90.0,51.5
24.1,12.6,37,96,75,1.49,1689,69,19,172,1,Gearbox,133,70.08295847180146,21,85.5,256.28
10.8,12.4,17,95,92,1.28,1160,65,17,263,0,None,153,107.40730795619633,3,93.5,336.64
6.3,17.3,30,72,82,1.16,1080,62,21,104,0,None,112,171.42829932015982,-10,77.0,120.63999999999999
12.7,19.1,26,87,91,1.41,1598,72,27,293,1,Generator,124,125.82667257742318,-4,89.0,413.13
12.3,17.9,42,82,86,0.84,1654,79,29,127,0,None,110,134.4714353890769,-4,84.0,106.67999999999999
14.4,16.7,20,88,82,0.67,1103,73,33,134,0,None,104,76.59716902974372,6,85.0,89.78
16.2,12.9,39,96,93,1.05,1463,78,27,183,0,None,135,90.30858622926776,3,94.5,192.15
24.8,15.5,16,70,90,0.74,1869,62,20,50,0,None,120,75.36287283755128,-20,80.0,37.0
20.1,12.4,36,70,77,0.73,1653,61,30,79,0,None,87,82.23876505534076,-7,73.5,57.67
5.7,11.1,24,72,94,0.81,1643,75,33,253,0,None,100,288.2451083419152,-22,83.0,204.93
19.3,11.2,44,96,84,1.18,1696,69,19,55,0,None,142,87.8756021369937,12,90.0,64.89999999999999
21.5,16.0,35,81,78,0.52,1285,77,30,80,0,None,99,59.76741406166788,3,79.5,41.6
22.9,10.4,24,81,90,1.35,1127,70,31,173,0,None,109,49.21395230831777,-9,85.5,233.55
13.5,19.7,22,80,85,1.11,1707,61,21,81,0,None,123,126.44435078196238,-5,82.5,89.91000000000001
11.3,20.0,34,77,88,0.8,1793,69,25,279,0,None,115,158.67242595360534,-11,82.5,223.20000000000002
21.8,11.5,23,71,89,0.61,1885,73,23,275,0,None,114,86.46785024410539,-18,80.0,167.75
20.6,14.3,21,97,79,1.29,1775,70,20,173,0,None,136,86.16500671601615,18,88.0,223.17000000000002
15.7,17.7,34,77,94,0.94,1281,64,25,192,0,None,121,81.59230471827726,-17,85.5,180.48
7.4,19.6,37,97,77,0.94,1414,78,32,216,0,None,110,191.0808228637529,20,87.0,203.04
18.0,18.9,22,99,87,0.97,1758,73,16,108,0,None,154,97.66661240743755,12,93.0,104.75999999999999
6.3,12.5,31,87,78,0.91,1491,71,33,113,0,None,99,236.6662910058873,9,82.5,102.83
7.0,10.9,35,81,93,1.01,1513,69,16,162,0,None,142,216.14254836778807,-12,87.0,163.62
11.6,12.9,43,93,78,1.13,1937,72,24,212,0,None,123,166.9826146701598,15,85.5,239.55999999999997
12.4,14.4,39,71,84,0.93,1953,69,16,106,0,None,123,157.4998729839734,-13,77.5,98.58
14.2,13.6,28,98,77,1.47,1737,66,29,264,1,Gearbox,117,122.32385751841021,21,87.5,388.08
11.8,17.7,40,82,84,0.9,1791,68,17,267,0,None,132,151.7795323902268,-2,83.0,240.3
5.7,12.6,28,79,75,0.71,1191,64,32,277,0,None,90,208.9470018473652,4,77.0,196.67
8.1,18.6,19,74,84,1.48,1553,75,33,266,0,None,92,191.72815836029835,-10,79.0,393.68
7.3,12.3,25,99,89,0.8,1426,76,23,193,0,None,142,195.3421981613724,10,94.0,154.4
13.6,13.6,39,94,79,1.12,945,75,35,65,0,None,103,69.4852430255566,15,86.5,72.80000000000001
9.2,14.5,44,92,86,1.33,1872,69,23,259,1,Gearbox,132,203.47803969778298,6,89.0,344.47
10.9,12.9,45,98,84,0.5,1225,64,24,265,0,None,134,112.38521799521286,14,91.0,132.5
14.4,17.7,34,99,82,0.78,1925,79,23,68,0,None,135,133.68046272190088,17,90.5,53.04
9.7,14.1,29,78,88,1.03,1600,75,26,193,0,None,114,164.94828355847056,-10,83.0,198.79
9.9,18.9,20,94,95,0.96,1794,76,33,143,0,None,123,181.21193816975943,-1,94.5,137.28
21.7,19.6,18,93,94,0.57,1405,72,17,36,0,None,153,64.74651394169865,-1,93.5,20.52
16.0,18.6,31,87,94,0.95,1106,66,23,132,0,None,135,69.124956796902,-7,90.5,125.39999999999999
22.1,15.2,37,75,75,0.61,1862,64,22,178,0,None,106,84.25335554146808,0,75.0,108.58
15.3,15.1,25,98,80,0.75,1761,62,17,117,0,None,144,115.09796398825883,18,89.0,87.75
23.2,12.2,35,79,93,1.25,1730,72,31,216,0,None,110,74.56893337545975,-14,86.0,270.0
10.1,15.9,32,87,76,0.68,1134,64,18,198,0,None,127,112.27711655731035,11,81.5,134.64000000000001
17.3,19.5,43,71,82,1.17,1474,68,16,52,0,None,121,85.20226288886538,-11,76.5,60.839999999999996
15.1,10.8,21,83,88,1.47,1255,76,34,297,0,None,103,83.11252774004785,-5,85.5,436.59
23.4,17.5,33,89,95,0.75,1574,66,29,165,0,None,126,67.26492851926132,-6,92.0,123.75
13.4,18.7,27,81,81,0.76,1486,65,30,268,0,None,102,110.89543963026894,0,81.0,203.68
22.1,19.9,23,84,90,1.45,1095,74,27,49,0,None,120,49.54748889253896,-6,87.0,71.05
16.3,13.3,26,76,88,1.17,1586,70,18,128,0,None,128,97.30055380334122,-12,82.0,149.76
19.2,13.6,24,81,87,1.27,942,71,26,254,0,None,116,49.062474446627895,-6,84.0,322.58
22.7,12.3,31,92,90,1.29,978,63,31,182,0,None,120,43.08368146093328,2,91.0,234.78
24.9,17.9,32,99,80,1.23,1101,66,29,133,0,None,121,44.216849712108555,19,89.5,163.59
19.6,11.4,41,84,82,1.48,1537,67,28,210,0,None,110,78.4183273375881,2,83.0,310.8
11.3,12.7,38,91,86,0.77,1735,79,17,173,0,None,143,153.53968713302024,5,88.5,133.21
11.0,13.0,24,99,84,1.02,1761,61,28,262,0,None,127,160.09076355385133,15,91.5,267.24
11.2,13.7,43,93,89,1.16,1204,77,16,273,0,None,150,107.49990401794285,4,91.0,316.67999999999995
7.0,14.2,41,70,91,1.21,1323,63,33,131,0,None,95,188.9997300003857,-21,80.5,158.51
6.1,15.6,34,98,86,0.69,1157,80,32,67,0,None,120,189.67182021013082,12,92.0,46.23
16.6,19.5,16,96,83,1.38,940,64,15,254,1,Gearbox,149,56.62647191176391,13,89.5,350.52
21.2,12.5,21,78,93,1.31,1445,66,19,173,1,Generator,133,68.16034520738434,-15,85.5,226.63
5.7,17.8,39,75,90,0.76,1500,77,26,266,0,None,113,263.157433057135,-15,82.5,202.16
16.3,16.8,29,97,88,1.04,1929,67,16,182,0,None,153,118.34348567884314,9,92.5,189.28
12.4,11.2,19,91,76,0.79,1683,73,33,136,0,None,101,135.72569699540566,15,83.5,107.44
22.8,18.1,27,77,86,0.87,1928,72,33,293,0,None,97,84.56136642045333,-9,81.5,254.91
7.9,10.9,21,91,77,1.03,1207,74,18,298,0,None,132,152.78461672833325,14,84.0,306.94
16.3,17.4,42,88,88,1.04,1697,76,33,290,0,None,110,104.11036557646284,0,88.0,301.6
24.4,17.2,42,79,81,1.03,1558,66,29,42,1,Blades,102,63.852432847363595,-2,80.0,43.26
11.9,16.9,27,87,90,1.04,1226,77,24,126,0,None,129,103.02512350829957,-3,88.5,131.04
19.8,12.8,19,86,91,1.14,1132,80,24,48,0,None,129,57.17168829712712,-5,88.5,54.72
22.6,15.7,26,85,81,0.52,1220,73,21,125,0,None,124,53.982276998992475,4,83.0,65.0
8.7,17.6,19,86,95,0.64,1978,71,27,95,0,None,127,227.3560605102753,-9,90.5,60.800000000000004
24.9,16.4,24,70,85,0.97,926,80,27,150,0,None,101,37.18874008484334,-15,77.5,145.5
21.2,18.0,38,78,79,1.21,1895,62,18,237,0,None,121,89.38675028926873,-1,78.5,286.77
7.8,16.9,24,83,91,1.01,1749,68,25,290,0,None,124,224.23048175579262,-8,87.0,292.9
11.2,12.7,31,74,90,1.13,1498,65,17,78,0,None,130,133.74988058046378,-16,82.0,88.13999999999999
17.5,11.5,19,92,83,1.47,1844,62,30,87,1,Gearbox,115,105.37136835921808,9,87.5,127.89
22.7,16.3,25,95,88,1.23,957,77,31,134,0,None,121,42.15857173631201,7,91.5,164.82
8.9,17.6,16,95,75,1.44,1499,67,32,283,1,Gearbox,106,168.42677704856513,20,85.0,407.52
19.6,11.4,31,84,81,0.52,1214,63,16,85,0,None,133,61.93874390880413,3,82.5,44.2
10.4,11.7,25,91,93,0.95,911,68,28,190,0,None,128,87.59606961916383,-2,92.0,180.5
21.1,10.1,41,72,80,0.85,1581,68,33,31,1,Blades,86,74.92887444129173,-8,76.0,26.349999999999998
18.7,15.3,27,76,93,1.21,1624,63,22,189,0,None,125,86.84487334498752,-17,84.5,228.69
15.5,15.4,32,71,87,1.43,1550,71,31,41,0,None,96,99.9999354839126,-16,79.0,58.629999999999995
18.0,15.0,44,99,93,0.54,1330,62,15,68,0,None,162,73.88884783952898,6,96.0,36.72
22.5,13.2,34,87,78,0.56,1785,64,28,80,0,None,109,79.33329807408974,9,82.5,44.800000000000004
12.7,14.3,30,75,84,1.17,1277,74,20,163,0,None,119,100.5511019282662,-9,79.5,190.70999999999998
20.4,17.7,18,91,81,0.85,1564,66,17,44,0,None,138,76.66662908498574,10,86.0,37.4
8.2,11.8,40,85,93,0.7,1996,73,25,253,0,None,128,243.41433729958868,-8,89.0,177.1
19.0,12.0,34,83,82,1.45,1830,64,22,295,0,None,121,96.31573878119012,1,82.5,427.75
20.0,16.7,18,97,87,0.51,1609,71,27,132,0,None,130,80.44995977502012,10,92.0,67.32000000000001
13.9,18.7,22,91,92,0.77,1642,62,32,297,0,None,119,118.12941141768962,-1,91.5,228.69
20.9,13.4,31,91,80,0.83,1825,61,23,289,0,None,125,87.3205323825204,11,85.5,239.86999999999998
16.1,19.3,16,73,76,1.28,1093,71,34,167,0,None,81,67.88815659120708,-3,74.5,213.76
23.7,10.6,37,73,85,1.06,1021,76,20,200,0,None,118,43.080150599092576,-12,79.0,212.0
7.2,11.2,22,90,89,0.83,1143,74,31,188,0,None,117,158.74977951419513,1,89.5,156.04
7.6,14.6,30,75,89,0.67,1719,75,28,181,0,None,108,226.18391291590407,-14,82.0,121.27000000000001
21.8,17.2,22,84,83,0.72,1747,70,25,274,0,None,117,80.13757791854223,1,83.5,197.28
21.8,13.7,30,87,77,0.54,931,74,24,118,0,None,116,42.706402428255764,10,82.0,63.720000000000006
14.4,15.5,21,82,83,1.34,966,62,33,280,0,None,99,67.08328674771754,-1,82.5,375.20000000000005
24.3,10.3,33,73,77,0.62,1980,77,28,102,0,None,94,81.48144795002142,-4,75.0,63.24
18.6,14.6,42,92,76,1.32,1441,67,22,186,1,Gearbox,124,77.47307662737815,16,84.0,245.52
24.7,12.4,39,97,81,0.64,1489,77,26,115,0,None,126,60.28337640349134,16,89.0,73.60000000000001
15.6,15.2,22,75,91,1.41,1573,72,26,147,1,Generator,114,100.83326869662264,-16,83.0,207.26999999999998
9.0,15.3,30,96,90,1.18,1961,62,33,293,0,None,120,217.88864679039247,6,93.0,345.74
13.9,17.5,28,94,87,0.85,1075,68,16,79,0,None,149,77.33807385750082,7,90.5,67.14999999999999
24.6,15.4,44,87,92,0.89,1596,76,24,189,1,Blades,131,64.87802240730797,-5,89.5,168.21
12.4,16.1,39,88,85,0.78,983,65,25,163,0,None,123,79.2741296176374,3,86.5,127.14
24.1,15.3,18,90,80,0.71,1465,64,18,189,0,None,134,60.78835651935414,10,85.0,134.19
20.9,19.9,20,86,86,1.41,1384,60,15,61,0,None,142,66.22006400953876,0,86.0,86.00999999999999
13.8,17.9,36,95,93,0.68,1195,74,15,158,0,None,158,86.5941401491738,2,94.0,107.44000000000001
15.8,17.6,20,84,76,0.68,1385,68,35,134,0,None,90,87.65817236824533,8,80.0,91.12
17.1,16.3,44,86,94,0.86,1668,64,17,40,0,None,146,97.54380260596338,-8,90.0,34.4
18.3,15.3,45,71,90,1.48,1825,72,17,41,0,None,127,99.72672146080794,-19,80.5,60.68
6.5,13.4,38,75,89,0.96,1763,63,17,50,0,None,130,271.2303519533047,-14,82.0,48.0
23.7,17.8,16,97,87,0.86,1543,74,35,167,0,None,114,65.10545776141024,10,92.0,143.62
16.9,11.9,29,74,80,1.5,1887,72,30,166,0,None,94,111.65673866465168,-6,77.0,249.0
23.6,10.4,27,97,93,1.24,1663,65,23,242,0,None,144,70.46607183641024,4,95.0,300.08
17.6,17.0,39,89,94,1.44,1822,77,35,47,1,Generator,113,103.52266845302928,-5,91.5,67.67999999999999
13.6,11.4,24,98,93,0.75,1338,71,26,196,0,None,139,98.38228060126427,5,95.5,147.0
16.3,19.0,27,94,77,1.25,1668,63,31,265,0,None,109,102.3312255636653,17,85.5,331.25
21.6,17.7,18,96,90,1.39,982,74,17,250,1,Gearbox,152,45.46294191530467,6,93.0,347.5
11.5,16.0,25,86,86,1.03,1953,66,34,249,0,None,104,169.82593928179193,0,86.0,256.47
24.1,13.1,44,95,91,0.92,1592,75,34,37,1,Blades,118,66.05806387632204,4,93.0,34.04
14.3,16.4,43,84,82,0.8,1842,68,32,172,0,None,102,128.81109873349737,2,83.0,137.6
24.1,14.8,38,71,94,1.07,1434,62,18,36,0,None,129,59.50204999914938,-23,82.5,38.52
22.6,12.9,42,90,81,0.69,934,73,15,192,1,Blades,141,41.32741534185162,9,85.5,132.48
20.4,19.5,21,92,90,0.93,1441,66,33,65,0,None,116,70.63722027587242,2,91.0,60.45
14.3,11.6,34,73,85,1.18,1698,79,21,258,0,None,116,118.74117570547153,-12,79.0,304.44
16.7,17.5,30,94,87,1.15,972,77,22,106,0,None,137,58.20355796194134,7,90.5,121.89999999999999
21.8,18.0,28,72,77,1.2,1010,67,24,198,0,None,101,46.330253976947716,-5,74.5,237.6
15.9,19.5,25,83,87,1.09,960,61,21,262,0,None,128,60.37732051740848,-4,85.0,285.58000000000004
19.8,15.5,41,85,86,0.5,1032,71,27,40,0,None,117,52.12118579738091,-1,85.5,20.0
20.8,15.3,30,71,89,0.53,1576,73,23,143,0,None,114,75.7691943417335,-18,80.0,75.79
15.3,19.2,37,72,81,1.08,1862,74,30,282,0,None,93,121.69926686322427,-9,76.5,304.56
15.7,18.0,36,84,92,1.47,1418,67,16,208,1,Generator,144,90.31841380992752,-8,88.0,305.76
9.0,17.6,19,79,94,0.69,1790,63,19,180,0,None,135,198.88866790148012,-15,86.5,124.19999999999999
9.9,17.9,16,94,93,1.22,1338,71,33,203,0,None,121,135.15137863497108,1,93.5,247.66
23.1,14.9,40,82,83,0.93,1841,70,16,285,0,None,133,79.69693519613195,-1,82.5,265.05
21.8,10.4,30,73,90,0.64,1073,80,25,142,0,None,113,49.22016090818307,-17,81.5,90.88
5.2,12.0,39,75,82,0.53,1531,71,19,71,0,None,119,294.4225107259409,-7,78.5,37.63
22.4,16.4,24,90,92,1.21,1472,64,31,137,0,None,120,65.71425637756413,-2,91.0,165.76999999999998
5.5,14.0,41,99,83,0.64,1013,67,25,63,0,None,132,184.181483306394,16,91.0,40.32
14.2,16.1,40,96,79,0.8,1162,71,29,164,0,None,117,81.83092828807868,17,87.5,131.20000000000002
6.3,15.5,26,74,85,0.9,1433,77,32,186,0,None,95,227.4599564127676,-11,79.5,167.4
24.4,14.4,27,70,78,1.21,1749,70,30,254,0,None,88,71.68029849168096,-8,74.0,307.34
24.4,12.3,26,71,87,0.89,1895,76,23,228,0,None,112,77.66390259676123,-16,79.0,202.92000000000002
17.2,17.2,16,87,87,0.89,1709,63,24,253,0,None,126,99.36040734860039,0,87.0,225.17000000000002
12.8,19.1,36,85,85,1.29,1222,68,28,34,0,None,114,95.46867541509732,0,85.0,43.86
15.2,17.7,23,70,87,0.51,1013,70,30,44,0,None,97,66.64469299691251,-17,78.5,22.44
20.2,11.2,42,72,95,1.25,1478,60,22,221,1,Blades,123,73.16828060976208,-23,83.5,276.25
9.5,15.4,42,100,83,1.02,1279,75,31,147,0,None,121,134.63143723006607,17,91.5,149.94
13.8,18.4,37,99,83,1.04,1520,77,15,138,0,None,152,110.14484772112483,16,91.0,143.52
19.7,15.9,20,74,80,0.85,1338,66,33,74,0,None,88,67.91874724936689,-6,77.0,62.9
12.9,14.4,18,75,79,0.59,1317,79,27,83,0,None,100,102.09294411399681,-4,77.0,48.97
5.6,12.8,39,97,81,0.59,1903,75,26,260,0,None,126,339.82082174853264,16,89.0,153.4
15.1,13.3,42,85,79,0.84,1634,77,26,287,0,None,112,108.21184886632525,6,82.0,241.07999999999998
19.7,12.4,26,99,84,1.22,1637,73,16,257,0,None,151,83.09640451959162,15,91.5,313.54
24.5,12.0,26,86,80,1.39,1047,76,34,45,0,None,98,42.73467643482594,6,83.0,62.55
5.7,15.9,27,87,85,1.31,1329,80,30,291,0,None,112,233.15748568862162,2,86.0,381.21000000000004
15.8,15.1,40,77,81,1.3,1739,77,29,237,0,None,100,110.06322147897374,-4,79.0,308.1
14.0,17.3,36,96,83,0.51,1524,69,29,105,0,None,121,108.85706510209636,13,89.5,53.550000000000004
9.8,13.1,19,95,78,0.69,1406,73,26,31,0,None,121,143.46924135791699,17,86.5,21.389999999999997
17.8,14.6,34,80,78,1.45,1970,72,27,261,0,None,104,110.67409512691285,2,79.0,378.45
8.3,16.8,15,88,87,1.37,1050,70,33,168,0,None,109,126.50587167967267,1,87.5,230.16000000000003
10.7,19.6,36,80,86,0.63,1077,75,22,127,0,None,122,100.65411153821353,-6,83.0,80.01
20.6,13.5,38,84,78,1.14,1520,69,27,263,0,None,108,73.78637194836313,6,81.0,299.82
14.2,13.0,39,96,81,0.93,1346,66,23,152,0,None,131,94.78866564178476,15,88.5,141.36
24.9,14.5,34,82,79,0.51,1429,61,17,127,0,None,127,57.389535184925634,3,80.5,64.77
12.7,17.2,20,95,91,1.3,1503,62,18,157,0,None,150,118.3463635068004,4,93.0,204.1
14.3,19.6,39,99,82,1.44,1040,64,16,104,1,Gearbox,149,72.72722186907562,17,90.5,149.76
11.0,15.4,42,82,83,1.42,1197,63,23,37,0,None,119,108.81808289265192,-1,82.5,52.54
9.7,18.1,34,96,88,0.88,1491,61,22,167,0,None,140,153.71118174104976,8,92.0,146.96
23.4,14.6,23,79,82,1.29,1113,74,17,125,0,None,127,47.5640822375717,-3,80.5,161.25
20.0,10.4,20,70,83,1.0,1824,75,24,209,0,None,105,91.1999544000228,-13,76.5,209.0
11.7,18.9,22,73,91,1.48,1762,67,19,289,1,Generator,126,150.59816188191294,-18,82.0,427.71999999999997
19.0,12.9,16,92,91,1.46,1525,80,17,288,1,Gearbox,149,80.26311565099176,1,91.5,420.48
24.3,11.4,15,73,87,1.27,1444,72,21,59,0,None,118,59.42384385850047,-14,80.0,74.93
6.5,20.0,24,98,86,0.97,1923,62,28,104,0,None,128,295.8456986989251,12,92.0,100.88
10.3,13.5,43,96,79,1.4,1728,67,16,204,1,Gearbox,143,167.76682741084716,17,87.5,285.59999999999997
9.0,11.4,34,85,84,0.72,942,72,29,63,0,None,111,104.66655037049959,1,84.5,45.36
22.4,13.1,27,87,80,0.71,1146,79,18,96,0,None,131,51.16069144611989,7,83.5,68.16
8.6,15.1,15,91,90,1.06,980,74,33,276,0,None,115,113.95335586819085,1,90.5,292.56
11.2,10.9,45,92,88,1.32,1994,60,17,263,1,Gearbox,146,178.03555532539704,4,90.0,347.16
15.9,13.5,29,85,83,0.56,1364,73,19,104,0,None,130,85.78610956848455,2,84.0,58.24000000000001
17.4,16.7,45,79,86,1.28,1048,73,20,232,0,None,125,60.2298504426147,-7,82.5,296.96
21.2,19.2,37,97,83,1.45,1294,77,28,106,1,Gearbox,124,61.03770705768535,14,90.0,153.7
13.1,14.0,17,71,78,1.05,1978,63,31,277,0,None,87,150.99225115095334,-7,74.5,290.85
15.7,15.6,41,81,91,0.71,1057,76,26,274,0,None,120,67.32479788229435,-10,86.0,194.54
24.3,16.4,31,90,93,1.13,1293,78,30,103,0,None,123,53.20985464615035,-3,91.5,116.38999999999999
10.9,10.7,29,97,94,0.7,1203,76,33,145,0,None,125,110.36687122305392,3,95.5,101.5
10.0,13.4,38,72,91,0.89,1769,68,27,127,0,None,109,176.89982310017692,-19,81.5,113.03
19.2,16.8,38,90,91,1.2,928,74,21,97,0,None,139,48.33330815973534,-1,90.5,116.39999999999999
20.4,17.4,39,85,76,0.88,1941,76,18,118,0,None,125,95.14701218283717,9,80.5,103.84
13.3,13.6,38,91,91,0.98,1856,79,27,270,0,None,128,139.54876725656598,0,91.0,264.6
9.3,10.1,34,80,81,1.05,1301,67,32,256,0,None,97,139.89232269642721,-1,80.5,268.8
20.6,10.1,35,91,78,0.84,1891,64,19,52,0,None,131,91.7960719436544,13,84.5,43.68
18.4,15.4,41,75,85,0.58,1368,75,35,40,0,None,90,74.34778568055127,-10,80.0,23.2
22.5,15.5,36,93,86,1.01,1221,62,18,63,0,None,143,54.26664254815887,7,89.5,63.63
21.9,15.6,18,92,85,0.99,1348,71,16,183,0,None,145,61.552483309368355,7,88.5,181.17
9.1,17.2,34,98,88,0.93,1807,77,29,272,0,None,128,198.57121036130732,10,93.0,252.96
21.6,19.2,20,75,89,0.68,1517,64,22,114,0,None,120,70.23144896692177,-14,82.0,77.52000000000001
8.5,19.9,15,92,78,0.55,1139,68,28,268,0,None,114,133.99984235312664,14,85.0,147.4
22.3,17.0,21,80,87,1.33,977,76,19,79,0,None,129,43.81163954634998,-7,83.5,105.07000000000001
20.4,15.1,20,78,76,1.03,1567,70,19,110,0,None,116,76.81368783642753,2,77.0,113.3
16.4,11.4,18,82,84,1.48,1800,64,25,83,0,None,116,109.75603063656669,-2,83.0,122.84
17.8,13.8,21,79,77,1.48,1841,62,34,116,0,None,88,103.42690818713022,2,78.0,171.68
7.1,15.7,32,77,84,1.08,1805,71,23,283,0,None,115,254.22499404930417,-7,80.5,305.64000000000004
5.8,20.0,20,93,79,0.99,1465,60,16,112,0,None,140,252.58577140384244,14,86.0,110.88
11.6,11.3,23,91,90,0.69,1315,67,30,33,0,None,121,113.36197123967997,1,90.5,22.77
21.4,17.9,40,73,93,0.88,1973,72,33,286,0,None,100,92.19621859989786,-20,83.0,251.68
14.3,20.0,42,87,78,1.29,1915,60,22,137,0,None,121,133.91599026853828,9,82.5,176.73000000000002
9.5,18.1,25,80,90,1.46,1727,77,24,121,0,None,122,181.78928232707125,-10,85.0,176.66
21.7,17.7,42,99,78,1.1,1373,79,34,231,1,Blades,109,63.27186024338238,21,88.5,254.10000000000002
9.6,12.6,33,83,84,1.12,1971,68,30,121,0,None,107,205.3122861330353,-1,83.5,135.52
21.3,10.0,22,71,88,1.44,1311,61,28,90,0,None,103,61.54926687827846,-17,79.5,129.6
14.1,12.3,38,80,86,0.63,1653,66,18,200,0,None,130,117.23395940853943,-6,83.0,126.0
14.3,17.9,43,79,76,1.11,1224,73,27,237,0,None,101,85.59434573821976,3,77.5,263.07000000000005
10.5,11.1,35,70,82,1.09,1819,61,32,57,0,None,88,173.23793024959025,-12,76.0,62.13
23.0,13.0,21,85,84,0.71,1846,77,30,81,0,None,109,80.26083466920232,1,84.5,57.51
6.8,15.6,18,97,83,1.27,1460,76,17,108,0,None,146,214.70556660946087,14,90.0,137.16
7.9,15.8,22,94,88,0.62,1518,69,28,41,0,None,126,192.15165550423353,6,91.0,25.419999999999998
17.7,15.4,25,91,93,0.56,1943,75,31,54,0,None,122,109.77394928025466,-2,92.0,30.240000000000002
22.0,19.8,25,80,88,0.99,1056,63,23,281,0,None,122,47.9999781818281,-8,84.0,278.19
6.9,10.1,30,77,87,0.8,1419,79,30,268,0,None,104,205.65187586684658,-10,82.0,214.4
19.7,14.9,30,80,78,0.94,1481,70,29,193,0,None,100,75.1776268133874,2,79.0,181.42
19.9,15.0,29,74,82,0.61,1798,80,22,258,0,None,112,90.35171339109881,-8,78.0,157.38
16.6,12.9,25,73,86,0.95,1756,71,30,178,0,None,99,105.78306880538022,-13,79.5,169.1
14.7,15.3,18,87,94,0.94,1562,74,28,284,0,None,125,106.25843111671354,-7,90.5,266.96
11.4,16.7,28,94,81,1.47,1071,76,21,267,1,Gearbox,133,93.94728601115263,13,87.5,392.49
12.0,16.7,45,73,82,1.22,1347,76,26,39,0,None,103,112.24990645841129,-9,77.5,47.58
18.5,10.9,35,80,87,1.42,1000,75,24,80,0,None,119,54.054024835662254,-7,83.5,113.6
6.3,18.0,28,74,93,1.28,1065,63,16,47,0,None,135,169.04735071849095,-19,83.5,60.160000000000004
16.7,19.3,18,79,86,1.29,1149,68,29,271,0,None,107,68.80235401056646,-7,82.5,349.59000000000003
10.6,11.2,21,95,78,1.37,1267,71,18,212,1,Gearbox,137,119.5281891243499,17,86.5,290.44
14.3,14.2,32,71,77,0.76,1384,74,20,255,0,None,108,96.78314910269293,-6,74.0,193.8
16.2,15.1,30,89,93,0.93,1693,68,34,162,0,None,114,104.50610832956276,-4,91.0,150.66
22.7,11.3,16,72,88,1.38,926,71,20,260,0,None,120,40.792933571394904,-16,80.0,358.79999999999995
16.6,15.0,18,83,79,0.57,1859,68,23,255,0,None,116,111.98788434464798,4,81.0,145.35
9.5,12.1,26,84,89,0.56,1991,74,34,254,0,None,105,209.578726759235,-5,86.5,142.24
6.6,19.4,19,82,89,1.15,1961,62,30,30,0,None,111,297.1207619382395,-7,85.5,34.5
17.5,14.5,44,89,90,1.41,1367,74,29,195,0,None,121,78.11424107757652,-1,89.5,274.95
15.9,19.9,16,99,93,1.29,1339,77,31,202,0,None,130,84.2137835133437,6,96.0,260.58
18.4,10.5,44,78,78,1.3,1475,60,16,164,0,None,124,80.1629999114131,0,78.0,213.20000000000002
14.2,11.3,35,88,94,0.86,1631,71,33,41,0,None,116,114.85907404290562,-6,91.0,35.26
21.5,14.4,27,81,95,1.09,1205,65,20,183,0,None,136,56.04648555977416,-14,88.0,199.47000000000003
23.4,18.7,31,100,75,1.27,1620,69,18,229,0,None,139,69.23073964498306,25,87.5,290.83
5.8,15.6,27,99,77,1.29,1240,75,32,79,0,None,112,213.79273484011236,22,88.0,101.91
19.9,17.3,32,73,84,1.08,1627,76,21,72,0,None,115,81.7587528850488,-11,78.5,77.76
5.7,14.2,20,99,76,1.3,1618,68,20,184,0,None,135,283.85915112429626,23,87.5,239.20000000000002
13.9,10.4,19,92,90,0.53,901,62,31,173,0,None,120,64.8200972517286,2,91.0,91.69
14.2,16.5,31,100,88,1.44,1858,72,16,272,1,Gearbox,156,130.84497827818433,12,94.0,391.68
18.9,16.3,17,93,91,1.37,1112,66,17,285,1,Gearbox,150,58.83594770584778,2,92.0,390.45000000000005
12.0,10.7,24,74,95,0.55,1992,62,31,239,0,None,107,165.99986166678195,-21,84.5,131.45000000000002
21.4,11.7,43,93,94,0.92,1505,66,23,153,1,Blades,141,70.32706994062153,-1,93.5,140.76000000000002
11.9,14.8,41,92,81,1.42,1325,72,32,93,1,Gearbox,109,111.34444424836617,11,86.5,132.06
11.9,14.5,40,75,83,1.01,1001,78,31,252,0,None,96,84.11757637178457,-8,79.0,254.52
9.5,17.5,30,93,91,0.59,1649,64,26,78,0,None,132,173.57876465393196,2,92.0,46.019999999999996
18.7,13.9,16,90,83,1.47,1296,75,30,148,0,None,113,69.30477577284718,7,86.5,217.56
6.5,16.6,19,100,89,0.86,1959,77,18,297,0,None,153,301.3841517166897,11,94.5,255.42
12.3,17.0,43,89,93,1.02,1843,63,19,215,0,None,144,149.8372765550597,-4,91.0,219.3
10.3,16.5,40,82,83,1.13,1037,60,32,181,0,None,101,100.67951390338456,-1,82.5,204.52999999999997
9.6,16.0,26,99,86,1.33,1403,79,22,288,1,Gearbox,141,146.14568109824887,13,92.5,383.04
6.2,18.1,37,89,92,1.37,1389,62,15,287,1,Generator,151,224.03189672274723,-3,90.5,393.19000000000005
8.8,16.6,41,80,85,1.15,1680,63,34,245,0,None,97,190.90887396718867,-5,82.5,281.75
13.9,18.3,34,71,81,1.45,1200,68,29,293,0,None,94,86.33087314325674,-10,76.0,424.84999999999997
15.1,16.4,41,93,80,0.72,1820,66,32,130,0,None,109,120.5297215034957,13,86.5,93.6
10.4,11.6,22,74,76,1.4,1936,80,33,158,0,None,84,186.15366715993542,-2,75.0,221.2
18.0,13.1,29,98,82,0.69,1508,77,28,282,0,None,124,83.77773123459376,16,90.0,194.57999999999998
11.7,13.3,32,99,89,1.39,1920,73,25,289,1,Gearbox,138,164.1024238440822,10,94.0,401.71
12.3,10.9,34,77,76,0.72,1258,61,18,101,0,None,117,102.27633961273202,1,76.5,72.72
20.7,16.9,45,73,80,1.22,1249,65,19,246,1,Blades,115,60.33813510235019,-7,76.5,300.12
16.0,16.0,40,88,77,1.32,1696,64,24,61,0,None,117,105.99993375004141,11,82.5,80.52000000000001
24.1,15.9,17,76,83,0.89,1389,65,16,60,0,None,127,57.63483085691666,-7,79.5,53.4
12.2,14.8,20,86,77,0.61,1204,79,31,162,0,None,101,98.68844369799697,9,81.5,98.82
21.6,15.4,35,82,90,0.86,1241,68,26,170,0,None,120,57.45367710477912,-8,86.0,146.2
19.8,10.1,22,94,94,0.56,1816,77,34,165,0,None,120,91.71712539539121,0,94.0,92.4
22.8,11.0,20,100,79,1.16,1612,69,27,224,0,None,125,70.70172337643712,21,89.5,259.84
24.1,16.8,35,84,80,1.2,1771,73,34,62,0,None,96,73.48544668653665,4,82.0,74.39999999999999
5.2,12.6,31,91,78,0.77,1354,79,21,161,0,None,127,260.3841146459334,13,84.5,123.97
6.8,11.1,39,80,79,1.15,1933,72,22,179,0,None,115,284.26428784663557,1,79.5,205.85
18.5,13.3,25,96,81,0.56,1880,67,23,267,0,None,131,101.62156669104503,15,88.5,149.52
12.8,12.5,25,71,81,0.53,939,69,21,260,0,None,110,73.35931768803306,-10,76.0,137.8
21.4,10.3,20,85,83,0.91,1301,69,31,110,0,None,106,60.79436411478313,2,84.0,100.10000000000001
5.2,14.1,35,75,85,0.98,981,76,26,125,0,None,108,188.65348335868586,-10,80.0,122.5
21.1,10.3,36,75,90,0.52,1162,67,24,55,0,None,117,55.07106394736306,-15,82.5,28.6
7.7,10.0,19,86,93,1.09,1918,61,24,210,0,None,131,249.0905855966421,-7,89.5,228.9
10.8,17.9,23,79,84,1.33,1886,73,31,90,0,None,101,174.62946793567784,-5,81.5,119.7
24.4,13.1,20,84,93,0.91,962,77,20,153,0,None,137,39.426213349912565,-9,88.5,139.23000000000002
6.0,15.7,37,79,89,1.25,939,70,21,33,0,None,126,156.4997391671014,-10,84.0,41.25
12.0,13.0,21,84,90,0.65,1610,63,34,174,0,None,106,134.16655486120428,-6,87.0,113.10000000000001
6.7,19.3,20,79,85,1.03,1159,63,23,41,0,None,118,172.98481644057247,-6,82.0,42.230000000000004
22.1,17.3,17,94,85,1.29,902,78,35,236,0,None,109,40.81446116992707,9,89.5,304.44
19.1,13.7,40,87,86,1.18,1816,61,24,168,0,None,125,95.07848425210248,1,86.5,198.23999999999998
21.0,12.1,19,75,85,1.28,1323,70,23,248,0,None,114,62.99997000001429,-10,80.0,317.44
15.5,11.4,16,70,84,1.22,1359,67,27,299,0,None,100,87.6773627887982,-14,77.0,364.78
12.2,17.6,17,71,90,0.62,1020,66,32,44,0,None,97,83.6064888471403,-19,80.5,27.28
5.0,14.5,26,83,83,0.6,1423,63,29,298,0,None,108,284.5994308011384,0,83.0,178.79999999999998
10.6,12.3,33,79,79,1.48,1754,66,30,290,0,None,98,165.47154200797925,0,79.0,429.2
15.3,19.2,27,78,78,0.98,1230,74,35,99,0,None,86,80.39210431888607,0,78.0,97.02
18.3,13.9,29,89,93,1.23,1811,72,31,250,0,None,120,98.96169455645106,-4,91.0,307.5
9.6,15.4,43,94,92,1.18,1615,62,24,72,0,None,138,168.22899142813395,2,93.0,84.96
7.8,18.6,38,72,80,0.54,1357,75,28,62,0,None,96,173.97413593059497,-8,76.0,33.480000000000004
9.0,18.3,25,73,77,1.0,1455,67,32,287,0,None,86,161.66648703723664,-4,75.0,287.0
12.1,16.4,20,81,94,1.02,1023,64,18,239,0,None,139,84.54538467323582,-13,87.5,243.78
8.0,18.9,37,83,85,1.31,1883,76,22,243,0,None,124,235.3747057816178,-2,84.0,318.33000000000004
8.1,19.5,32,82,77,1.46,1883,73,27,96,0,None,105,232.46884880389038,5,79.5,140.16
5.9,19.4,44,89,79,0.79,1321,74,23,237,0,None,122,223.8979255967363,10,84.0,187.23000000000002
22.1,13.5,42,73,89,0.56,1625,66,16,146,1,Blades,130,73.5293784934939,-16,81.0,81.76
9.4,14.0,32,85,77,0.98,1741,75,34,196,0,None,94,185.21256892279902,8,81.0,192.07999999999998
21.4,12.4,17,94,84,0.53,1808,66,26,80,0,None,126,84.48594182899916,10,89.0,42.400000000000006
13.8,18.4,16,98,84,0.89,1697,74,28,100,0,None,126,122.9709253833874,14,91.0,89.0
17.6,11.2,40,87,89,0.77,1451,64,29,220,0,None,118,82.44313497549149,-2,88.0,169.4
6.5,13.6,36,74,79,0.74,1668,73,16,171,0,None,121,256.61498982309257,-5,76.5,126.53999999999999
16.7,10.1,32,92,95,0.5,1942,69,19,170,0,None,149,116.28735551655359,-3,93.5,85.0
10.8,15.9,36,94,78,0.75,1419,63,33,107,0,None,106,131.38876723262294,16,86.0,80.25
6.9,16.6,31,76,87,0.82,990,72,31,241,0,None,101,143.47805293035807,-11,81.5,197.61999999999998
23.2,12.5,32,90,82,1.41,1789,60,16,253,0,None,140,77.11203572757081,8,86.0,356.72999999999996
17.1,17.4,22,98,78,0.59,1693,74,31,68,0,None,114,99.00579005509353,20,88.0,40.12
9.8,13.8,29,92,86,1.27,1227,79,33,239,0,None,112,125.20395387351645,6,89.0,303.53000000000003
13.4,13.1,15,82,78,1.22,1547,78,18,217,0,None,124,115.44767503904848,4,80.0,264.74
12.1,19.6,35,83,89,0.83,980,80,16,221,0,None,140,80.99166860192678,-6,86.0,183.42999999999998
19.0,15.9,25,72,76,1.41,1427,69,32,250,0,None,84,75.10522362882968,-4,74.0,352.5
17.1,12.5,35,86,85,1.16,1339,77,27,279,0,None,117,78.30404777541065,1,85.5,323.64
5.4,19.8,43,94,79,0.6,1176,63,35,246,0,None,103,217.77737448634355,15,86.5,147.6
9.0,13.9,33,99,94,0.7,1069,60,29,39,0,None,135,118.77764580261578,5,96.5,27.299999999999997
14.6,16.5,25,82,89,0.9,1278,63,25,32,0,None,121,87.53418662042013,-7,85.5,28.8
13.9,17.2,21,83,90,1.47,1930,69,20,217,0,None,133,138.84882097207125,-7,86.5,318.99
15.3,14.2,23,72,89,0.76,1465,63,29,116,0,None,103,95.7515714042017,-17,80.5,88.16
19.3,15.4,45,93,88,0.93,1121,69,17,238,0,None,147,58.08287145965209,5,90.5,221.34
18.6,12.4,33,91,78,1.06,1819,65,23,250,0,None,123,97.7956463464267,13,84.5,265.0
12.5,14.7,28,82,95,0.86,1196,64,22,189,0,None,133,95.67992345606123,-13,88.5,162.54
22.6,13.1,22,91,88,1.2,1783,78,27,105,0,None,125,78.89377040098654,3,89.5,126.0
6.3,15.5,38,89,93,1.16,918,70,19,114,0,None,144,145.71405442213586,-4,91.0,132.23999999999998
16.7,16.7,27,93,85,0.56,1916,73,18,179,0,None,142,114.73047022127533,8,89.0,100.24000000000001
24.0,16.1,24,79,81,0.93,1488,68,18,210,0,None,124,61.99997416667743,-2,80.0,195.3
16.0,17.8,22,90,84,1.28,1740,63,21,113,0,None,132,108.74993203129249,6,87.0,144.64000000000001
14.1,10.4,21,89,83,1.14,1246,74,32,228,0,None,108,88.36873165338181,6,86.0,259.91999999999996
7.7,10.8,23,73,75,0.96,1831,69,23,283,0,None,102,237.7918989715598,-2,74.0,271.68
21.2,12.1,34,78,88,1.23,1661,77,33,220,0,None,100,78.34901964668884,-10,83.0,270.6
12.5,19.9,22,96,90,1.17,952,62,30,211,0,None,126,76.15993907204874,6,93.0,246.86999999999998
19.0,18.0,17,75,76,1.34,945,68,29,163,0,None,93,49.73681592799162,-1,75.5,218.42000000000002
9.0,19.2,26,81,80,0.55,1297,63,30,124,0,None,101,144.11095098783224,1,80.5,68.2
5.8,12.7,33,77,88,1.04,957,74,25,65,0,None,115,164.9997155177319,-11,82.5,67.60000000000001
11.1,15.7,17,74,81,1.16,948,67,20,147,0,None,115,85.40532846366806,-7,77.5,170.51999999999998
10.6,15.5,29,74,94,1.18,1315,68,19,176,0,None,130,124.05648673916346,-20,84.0,207.67999999999998
22.5,15.7,17,80,77,1.42,1154,67,25,37,0,None,107,51.28886609383729,3,78.5,52.54
22.3,17.2,38,94,94,0.91,1286,77,23,198,0,None,142,57.6681355748271,0,94.0,180.18
15.7,13.9,41,99,93,1.3,1344,71,28,140,0,None,136,85.60504101589744,6,96.0,182.0
5.4,16.8,44,87,94,1.29,994,74,22,246,0,None,137,184.07373319679039,-7,90.5,317.34000000000003
9.6,17.9,36,89,77,0.77,1567,75,16,275,0,None,134,163.22899663646186,12,83.0,211.75
17.8,12.9,34,93,80,0.77,1283,74,23,179,0,None,127,72.07861119179147,13,86.5,137.83
7.0,19.5,36,90,80,1.44,1737,79,33,115,0,None,104,248.14250265356765,10,85.0,165.6
19.0,15.2,41,95,93,0.82,1990,73,29,85,0,None,130,104.73678698063843,2,94.0,69.7
5.2,17.3,39,97,91,0.91,1320,73,23,136,0,None,142,253.84566568141216,6,94.0,123.76
18.7,17.3,28,89,78,1.1,1716,76,19,53,0,None,129,91.76465681034395,11,83.5,58.300000000000004
21.9,15.7,35,86,78,0.82,1225,60,26,256,0,None,112,55.93604751778653,8,82.0,209.92
14.4,13.2,20,82,84,1.16,1792,61,34,224,0,None,98,124.44435802475137,-2,83.0,259.84
21.6,16.7,36,84,78,0.79,1651,65,27,113,0,None,108,76.43514979854176,6,81.0,89.27000000000001
20.6,10.9,37,80,85,1.03,1174,64,33,68,0,None,99,56.990263596959416,-5,82.5,70.04
18.4,19.8,39,83,92,1.06,1407,63,29,118,0,None,117,76.46734974600558,-9,87.5,125.08000000000001
13.9,11.8,40,97,85,1.3,1787,71,17,218,0,None,148,128.5610585891665,12,91.0,283.40000000000003
10.4,12.8,28,99,89,1.36,1680,64,29,73,1,Gearbox,130,161.5383062131671,10,94.0,99.28
22.2,19.5,42,81,80,1.18,935,79,27,261,1,Blades,107,42.11709814545129,1,80.5,307.97999999999996
18.0,11.9,44,77,80,0.77,902,64,22,80,0,None,113,50.11108327162041,-3,78.5,61.6
21.0,11.7,44,72,87,0.96,1729,63,34,102,1,Blades,91,82.3332941270028,-15,79.5,97.92
16.0,18.0,33,95,92,1.06,1399,71,22,256,0,None,143,87.43744535159665,3,93.5,271.36
8.4,12.5,32,96,86,0.8,1463,64,17,206,0,None,148,174.16645932564367,10,91.0,164.8
24.6,10.9,29,84,79,1.44,1961,73,20,36,0,None,123,79.7154147498314,5,81.5,51.839999999999996
8.7,12.3,24,86,79,0.61,1045,77,24,141,0,None,117,120.11480446574201,7,82.5,86.01
23.2,18.9,25,92,87,1.33,935,69,33,286,1,Gearbox,113,40.3017067665057,5,89.5,380.38
9.2,12.8,21,81,77,0.93,1108,67,16,80,0,None,126,120.43465170146555,4,79.0,74.4
12.5,17.0,44,76,76,1.45,1684,74,31,95,0,None,90,134.71989222408624,0,76.0,137.75
13.8,14.0,34,73,77,1.03,1100,76,21,103,0,None,108,79.7100871666035,-4,75.0,106.09
23.4,12.6,43,77,83,1.23,1482,66,27,128,1,Blades,106,63.33330626781784,-6,80.0,157.44
22.8,11.4,27,89,82,1.23,1841,76,23,216,0,None,125,80.74557862036025,7,85.5,265.68
21.5,19.7,24,80,75,1.2,1824,75,20,137,0,None,115,84.83716984317682,5,77.5,164.4
12.5,15.2,19,96,78,0.55,1131,70,25,255,0,None,124,90.4799276160579,18,87.0,140.25
5.1,11.1,24,73,82,1.12,1887,69,22,285,0,None,111,369.9992745112265,-9,77.5,319.20000000000005
18.6,12.0,42,82,84,1.39,1993,62,23,219,0,None,120,107.15048002662364,-2,83.0,304.40999999999997
13.2,14.1,32,78,83,1.34,1971,62,18,196,0,None,125,149.31806869843282,-5,80.5,262.64000000000004
20.1,15.4,29,97,81,1.41,1880,75,18,264,1,Gearbox,142,93.53229177497921,16,89.0,372.23999999999995
20.9,11.8,32,94,91,0.94,969,72,20,92,0,None,145,46.363614180088916,3,92.5,86.47999999999999
13.8,12.8,42,100,83,0.95,1590,70,27,189,0,None,129,115.21730781354506,17,91.5,179.54999999999998
20.0,17.8,21,74,88,1.31,1384,61,20,114,0,None,122,69.1999654000173,-14,81.0,149.34
21.8,14.2,44,93,92,0.8,1207,61,30,257,1,Blades,125,55.36694707938207,1,92.5,205.60000000000002
23.6,10.0,35,74,92,1.27,1247,78,31,44,0,None,104,52.83896066145734,-18,83.0,55.88
16.6,10.5,41,75,92,1.0,1937,73,18,158,0,None,131,116.68667669477307,-17,83.5,158.0
20.6,14.4,31,71,85,0.76,1947,68,35,186,0,None,86,94.5145172259625,-14,78.0,141.36
14.9,10.6,22,84,88,1.14,1011,74,20,123,0,None,132,67.8523034548299,-4,86.0,140.22
5.8,11.7,32,74,81,0.8,1124,65,16,273,0,None,123,193.79276932281152,-7,77.5,218.4
8.1,17.3,17,80,92,1.17,1910,68,24,117,0,None,124,235.80217802200247,-12,86.0,136.89
7.6,14.8,41,78,79,1.07,1575,69,19,39,0,None,119,207.23656942556656,-1,78.5,41.730000000000004
8.4,14.8,34,99,91,1.22,1677,61,31,203,0,None,128,199.64261947307205,8,95.0,247.66
5.2,16.0,23,90,84,1.1,1282,80,17,204,0,None,140,246.53798742694727,6,87.0,224.4
22.2,17.9,23,82,81,1.26,1165,68,25,47,0,None,113,52.47745383898476,1,81.5,59.22
16.2,11.6,42,96,83,1.5,1390,79,17,39,1,Gearbox,145,85.80241617134804,13,89.5,58.5
12.7,11.7,40,72,87,0.97,1275,73,33,121,0,None,93,100.39362173730572,-15,79.5,117.36999999999999
13.2,11.2,38,80,94,1.1,1939,79,21,127,0,None,132,146.89382811073628,-14,87.0,139.70000000000002
14.3,19.4,27,85,77,0.6,1081,61,27,120,0,None,108,75.59435273122186,8,81.0,72.0
6.5,15.8,41,72,93,1.45,1991,79,30,142,1,Generator,105,306.30722106581374,-21,82.5,205.9
10.5,10.9,22,74,91,1.1,1897,68,16,30,0,None,133,180.6664946033385,-17,82.5,33.0
22.0,12.2,16,97,87,0.6,1528,63,23,272,0,None,138,69.45451388431187,10,92.0,163.2
19.9,17.3,28,75,78,0.9,1277,73,21,134,0,None,111,64.17082202471255,-3,76.5,120.60000000000001
16.3,10.3,43,98,91,0.58,1696,75,26,273,0,None,137,104.04901592084913,7,94.5,158.33999999999997
14.6,17.3,32,73,89,1.0,1429,73,30,247,0,None,102,97.87664528996899,-16,81.0,247.0
10.2,19.1,22,97,85,0.78,1312,71,18,219,0,None,146,128.6273248751717,12,91.0,170.82
14.4,10.6,35,84,93,0.84,1266,76,25,129,0,None,127,87.91660561346832,-9,88.5,108.36
17.0,11.9,37,87,88,0.57,988,74,18,267,0,None,139,58.11761287199243,-1,87.5,152.19
19.3,10.0,32,78,81,1.26,1378,72,31,220,0,None,97,71.39892673630739,-3,79.5,277.2
8.3,11.1,40,78,76,1.34,1173,66,31,291,0,None,92,141.32513093357719,2,77.0,389.94
21.3,16.2,33,85,90,0.64,921,78,22,179,0,None,131,43.23941631952285,-5,87.5,114.56
11.9,10.4,18,81,80,1.25,1157,74,22,164,0,None,117,97.22680905310163,1,80.5,205.0
15.1,14.3,39,72,81,0.63,1158,78,27,207,0,None,99,76.68869093464177,-9,76.5,130.41
17.2,15.0,19,81,84,0.59,1232,72,35,197,0,None,95,71.62786533263643,-3,82.5,116.22999999999999
14.8,19.1,41,78,90,0.61,1940,76,35,171,0,None,98,131.0809925128429,-12,84.0,104.31
16.4,14.7,31,95,93,0.53,1890,78,21,165,0,None,146,115.24383216839503,2,94.0,87.45
7.2,11.4,37,95,79,0.88,935,71,32,263,0,None,110,129.8609307487073,16,87.0,231.44
13.6,12.9,44,74,93,1.45,1162,74,21,145,1,Generator,125,85.44111364623997,-19,83.5,210.25
10.6,16.7,28,92,87,1.4,1386,72,25,101,1,Gearbox,129,130.75459362774188,5,89.5,141.39999999999998
6.7,11.1,29,84,92,0.83,1206,74,16,220,0,None,144,179.99973134368457,-8,88.0,182.6
8.8,12.3,40,96,92,1.29,1335,70,34,244,0,None,120,151.70437306321242,4,94.0,314.76
17.0,20.0,18,78,83,1.32,1814,76,30,102,0,None,101,106.705819584812,-5,80.5,134.64000000000001
8.9,10.1,16,73,89,0.65,1526,76,32,191,0,None,98,171.46048150507696,-16,81.0,124.15
8.6,11.5,33,94,94,0.73,1361,61,26,190,0,None,136,158.25562993531403,0,94.0,138.7
16.1,18.4,20,96,88,1.19,1434,64,16,135,0,None,152,89.06826765946107,8,92.0,160.65
23.1,11.0,23,95,84,0.76,1202,64,24,107,0,None,131,52.03460950882705,11,89.5,81.32000000000001
20.8,10.3,44,80,82,1.44,1131,66,22,81,1,Blades,118,54.37497385818565,-2,81.0,116.64
23.1,11.2,35,71,78,0.73,1134,70,25,218,0,None,99,49.090887839442495,-7,74.5,159.14
16.7,16.9,41,74,95,1.3,1778,75,19,280,0,None,131,106.4670021155676,-21,84.5,364.0
13.2,19.9,42,98,88,1.26,1113,66,24,68,0,None,138,84.31811794081975,10,93.0,85.68
19.6,15.9,19,81,81,1.0,1902,73,16,138,0,None,130,97.0407668159353,0,81.0,138.0
10.2,11.2,43,96,76,0.76,1394,77,18,92,0,None,136,136.66653267986993,20,86.0,69.92
6.6,11.8,41,99,90,0.53,1487,69,32,285,0,None,125,225.30268893531982,9,94.5,151.05
11.9,15.4,16,82,92,1.33,1572,73,23,120,1,Generator,128,132.10072932711822,-10,87.0,159.60000000000002
11.0,17.2,44,93,84,0.88,1237,77,24,232,0,None,129,112.45444322323344,9,88.5,204.16
18.5,16.6,29,75,94,0.84,1885,74,22,64,0,None,125,101.89183681522334,-19,84.5,53.76
16.0,15.7,44,82,82,0.54,1569,62,27,47,0,None,110,98.06243871097581,0,82.0,25.380000000000003
7.8,19.9,40,91,90,0.65,1889,63,15,100,0,None,151,242.17917669336322,1,90.5,65.0
23.2,12.0,28,76,80,0.87,1458,62,34,199,0,None,88,62.84480049793082,-4,78.0,173.13
16.9,11.7,30,80,82,1.19,943,66,26,280,0,None,110,55.79878355101565,-2,81.0,333.2
14.2,18.6,23,87,87,0.71,934,60,23,292,0,None,128,65.774601567182,0,87.0,207.32
23.7,12.9,30,91,76,0.66,1238,72,32,159,0,None,103,52.23626487921313,15,83.5,104.94000000000001
6.9,13.3,18,81,79,0.76,1832,61,25,61,0,None,110,265.50686158425856,2,80.0,46.36
20.8,15.5,42,81,79,0.78,1193,69,17,251,1,Blades,126,57.35574165589343,2,80.0,195.78
12.3,13.8,36,73,82,0.91,1433,70,33,283,0,None,89,116.50397032197534,-9,77.5,257.53000000000003
18.9,12.9,39,100,91,0.86,1122,73,23,227,0,None,145,59.36504795500109,9,95.5,195.22
23.6,19.2,31,88,93,0.57,1725,65,26,246,0,None,129,73.09318936729264,-5,90.5,140.22
15.4,11.3,19,86,75,1.12,1637,77,34,267,0,None,93,106.29863227361541,11,80.5,299.04
5.5,14.0,31,76,80,0.63,1893,70,21,205,0,None,114,344.18119239783204,-4,78.0,129.15
5.6,10.0,25,85,76,1.37,1291,74,19,89,0,None,123,230.53530261553107,9,80.5,121.93
11.6,18.1,15,83,92,1.36,1983,67,32,33,1,Generator,111,170.94812849299268,-9,87.5,44.88
20.6,11.7,33,78,79,0.57,1865,65,25,178,0,None,107,90.53393663401134,-1,78.5,101.46
10.8,17.7,41,83,90,0.91,1393,72,29,96,0,None,115,128.98136205429438,-7,86.5,87.36
11.7,11.5,36,76,76,0.98,1846,78,17,224,0,None,118,157.77764292509153,0,76.0,219.51999999999998
20.7,14.2,22,91,83,1.5,1367,74,29,68,1,Gearbox,116,66.0386154402824,8,87.0,102.0
7.3,17.3,40,97,82,0.75,1766,74,26,285,0,None,127,241.91747682537422,15,89.5,213.75
21.9,12.7,24,70,82,1.14,1296,70,22,96,0,None,108,59.178055169837826,-12,76.0,109.44
10.3,13.1,22,87,86,0.96,1181,60,32,299,0,None,109,114.66008285428849,1,86.5,287.03999999999996
6.0,16.7,44,92,83,1.27,1711,78,24,295,0,None,127,285.16619138968105,9,87.5,374.65
7.3,11.9,15,97,83,0.75,1961,65,23,166,0,None,134,268.62976900031646,14,90.0,124.5
24.1,19.5,20,81,79,1.18,1699,69,19,259,0,None,122,70.49789605896429,2,80.0,305.62
14.0,11.9,29,97,83,0.63,1974,64,20,160,0,None,140,140.99989928578623,14,90.0,100.8
10.1,17.5,20,95,90,0.52,1913,76,20,232,0,None,145,189.40575306361083,5,92.5,120.64
15.4,18.0,20,86,81,0.52,1369,61,23,131,0,None,121,88.8960461713986,5,83.5,68.12
18.6,13.7,34,78,92,0.99,1456,73,25,205,0,None,120,78.27952780670547,-14,85.0,202.95
11.4,11.6,40,90,78,1.27,1109,61,35,72,0,None,98,97.28061642051192,12,84.0,91.44
19.5,11.7,35,78,92,1.08,1383,78,26,96,0,None,118,70.92304055228689,-14,85.0,103.68
10.0,19.9,18,80,87,0.54,1744,61,24,291,0,None,119,174.3998256001744,-7,83.5,157.14000000000001
7.2,17.3,42,84,83,1.05,1475,78,28,107,0,None,111,204.8608265821853,1,83.5,112.35000000000001
16.0,14.5,43,85,76,0.61,1971,65,30,45,0,None,101,123.18742300786062,9,80.5,27.45
8.0,12.6,23,76,78,1.47,1026,73,35,182,0,None,84,128.2498396877004,-2,77.0,267.54
23.8,10.2,32,91,83,0.85,1459,73,35,151,0,None,104,61.30249525105241,8,87.0,128.35
5.0,16.7,30,100,93,1.0,1485,77,32,270,0,None,129,296.999406001188,7,96.5,270.0
20.1,19.6,35,77,94,0.84,1064,68,16,56,0,None,139,52.935297047115895,-17,85.5,47.04
10.6,11.1,44,87,94,0.97,1777,71,16,85,0,None,149,167.64135128174408,-7,90.5,82.45
21.9,17.5,45,84,80,1.46,1800,68,21,130,1,Blades,122,82.19174329144143,4,82.0,189.79999999999998
6.2,11.5,30,79,80,0.76,1887,73,32,216,0,None,95,304.3543478155681,-1,79.5,164.16
24.1,17.9,18,83,90,1.22,1931,66,30,240,0,None,113,80.12444808114188,-7,86.5,292.8
7.0,13.7,25,92,94,1.26,1722,73,28,101,0,None,130,245.99964857193063,-2,93.0,127.26
20.8,17.1,27,82,78,0.69,1826,75,19,123,0,None,122,87.7884193324907,4,80.0,84.86999999999999
15.3,19.3,31,85,83,1.23,980,63,34,293,0,None,100,64.05224571748646,2,84.0,360.39
13.6,16.2,44,84,92,1.15,1322,68,33,130,0,None,110,97.20581087808024,-8,88.0,149.5
10.6,19.2,23,87,85,0.79,1213,61,33,271,0,None,106,114.43385430768463,2,86.0,214.09
21.8,12.4,31,79,92,1.02,1773,62,25,257,0,None,121,81.33023792190922,-13,85.5,262.14
9.0,19.8,24,85,77,1.09,1239,61,22,169,0,None,118,137.66651370387368,8,81.0,184.21
19.4,18.7,43,74,91,1.34,1451,74,28,298,1,Generator,109,74.79377587949698,-17,82.5,399.32000000000005
13.9,11.1,45,92,83,0.62,1366,80,28,169,0,None,119,98.27331059474058,9,87.5,104.78
25.0,14.1,41,73,89,1.47,1734,72,34,295,1,Blades,94,69.3599722560111,-16,81.0,433.65
17.2,19.3,25,94,81,1.27,1534,67,26,201,0,None,123,89.18599465930544,13,87.5,255.27
7.1,10.8,23,95,89,1.03,1334,75,33,216,0,None,118,187.887059314001,6,92.0,222.48000000000002
13.4,14.5,28,71,89,1.28,1044,70,21,181,0,None,118,77.91038961911222,-18,80.0,231.68
6.3,17.2,37,95,83,1.23,1080,63,16,194,0,None,146,171.42829932015982,12,89.0,238.62
10.7,10.3,15,89,94,0.96,1694,78,24,200,0,None,135,158.31760904896353,-5,91.5,192.0
11.9,17.5,45,73,75,0.84,937,63,19,141,0,None,110,78.73942963073141,-2,74.0,118.44
22.1,13.6,42,100,88,1.49,1382,80,31,293,1,Gearbox,126,62.53390835569758,12,94.0,436.57
21.8,12.5,16,88,93,1.38,1703,67,31,221,1,Generator,119,78.1192302205366,-5,90.5,304.97999999999996
5.2,15.8,26,82,92,1.45,1301,75,31,96,1,Generator,112,250.19182655417973,-10,87.0,139.2
15.6,15.4,36,97,86,0.55,1616,79,24,230,0,None,135,103.58967718610437,11,91.5,126.50000000000001
9.5,18.7,22,71,93,1.32,1746,72,33,103,1,Generator,98,183.7892802218103,-22,82.0,135.96
11.4,16.8,19,92,77,1.39,1868,80,24,121,1,Gearbox,121,163.85950538639878,15,84.5,168.19
5.4,14.2,34,74,86,0.98,1147,64,27,239,0,None,106,212.40701406108508,-12,80.0,234.22
20.0,16.5,42,87,95,1.39,1675,61,19,101,1,Generator,144,83.74995812502094,-8,91.0,140.39
24.0,17.5,44,73,95,0.6,1515,73,15,262,1,Blades,138,63.12497369792763,-22,84.0,157.2
9.4,19.4,15,90,89,0.56,1405,62,27,261,0,None,125,149.46792609795096,1,89.5,146.16000000000003
11.8,17.0,41,84,78,0.79,1360,70,28,165,0,None,106,115.25413961513591,6,81.0,130.35
9.1,15.4,32,70,77,0.53,1860,76,34,216,0,None,79,204.39537978529697,-7,73.5,114.48
23.6,13.7,22,72,93,1.18,1097,77,32,65,0,None,101,46.48303115125798,-21,82.5,76.7
5.2,18.9,34,91,93,1.43,1756,71,31,50,1,Gearbox,122,337.6916582852725,-2,92.0,71.5
16.7,17.9,45,82,81,0.8,984,69,29,288,0,None,105,58.922120405915926,1,81.5,230.4
22.4,10.8,23,90,94,1.16,1503,62,24,117,0,None,136,67.09818433116772,-4,92.0,135.72
8.7,17.0,23,82,78,0.97,1076,74,25,45,0,None,110,123.67801876089798,4,80.0,43.65
16.8,15.4,36,81,81,0.76,1405,75,31,240,0,None,100,83.63090260065322,0,81.0,182.4
6.0,11.0,16,96,88,1.42,1431,68,18,84,1,Gearbox,148,238.49960250066252,8,92.0,119.28
21.3,15.6,40,96,78,1.46,1705,71,29,179,1,Gearbox,116,80.04691077609823,18,87.0,261.34
10.5,11.9,35,98,95,0.63,1130,65,27,142,0,None,139,107.61894512481418,3,96.5,89.46
24.8,17.1,40,95,79,1.27,1225,68,19,38,0,None,136,49.395141372926865,16,87.0,48.26
23.4,12.8,22,74,80,0.69,1451,72,24,113,0,None,106,62.00852050917928,-6,77.0,77.97
19.7,11.5,40,72,84,0.99,1732,75,31,53,0,None,94,87.91873709708777,-12,78.0,52.47
14.9,10.8,28,72,91,0.86,1499,61,17,77,0,None,129,100.60395932620179,-19,81.5,66.22
20.3,14.9,19,99,77,0.74,1773,70,27,291,0,None,122,87.3398584532717,22,88.0,215.34
7.6,12.0,42,85,88,1.18,1620,61,23,149,0,None,127,213.15761426629703,-3,86.5,175.82
11.2,18.6,36,73,77,1.36,1911,78,20,116,0,None,110,170.62484765638604,-4,75.0,157.76000000000002
5.5,10.0,20,86,77,1.28,1636,73,33,255,0,None,97,297.45400462908253,9,81.5,326.40000000000003
17.9,18.4,22,91,76,1.22,1281,70,25,254,0,None,117,71.56420583005261,15,83.5,309.88
21.1,15.2,23,73,86,0.57,1011,61,35,146,0,None,89,47.914669234753916,-13,79.5,83.22
23.9,19.2,44,80,84,0.6,1675,71,28,215,1,Blades,108,70.08365268466416,-4,82.0,129.0
18.7,12.0,42,76,81,0.96,1981,73,22,295,0,None,113,105.93577222685978,-5,78.5,283.2
19.6,11.0,25,99,86,1.06,1436,68,21,101,0,None,143,73.26526874220983,13,92.5,107.06
22.9,16.2,29,80,85,1.22,1049,66,29,235,0,None,107,45.807840258585045,-5,82.5,286.7
23.7,17.1,24,91,84,0.86,1252,79,22,158,0,None,131,52.82698192954349,7,87.5,135.88
14.8,13.7,37,98,78,0.52,1351,64,27,103,0,None,122,91.28372210559317,20,88.0,53.56
7.2,10.1,20,96,93,0.54,1051,79,26,33,0,None,137,145.97201948330627,3,94.5,17.82
14.3,14.1,25,82,87,1.35,1265,60,15,216,0,None,139,88.46147660036601,-5,84.5,291.6
16.1,12.3,33,79,78,0.63,1779,70,29,70,0,None,99,110.49682577836907,1,78.5,44.1
17.6,13.5,41,94,80,1.44,1249,67,26,119,1,Gearbox,122,70.96586876939274,14,87.0,171.35999999999999
24.8,15.1,34,76,90,0.83,1999,66,31,272,0,None,104,80.60480620773943,-14,83.0,225.76
23.4,17.0,43,92,91,1.08,1220,67,34,230,1,Blades,115,52.136729856098356,1,91.5,248.4
12.9,19.6,43,95,90,0.67,1009,72,25,143,0,None,135,78.2169936302375,5,92.5,95.81
7.3,11.4,37,95,91,0.95,1767,68,31,179,0,None,124,242.05446293909188,4,93.0,170.04999999999998
9.3,16.8,23,70,87,1.38,1033,64,24,117,0,None,109,111.0751493815598,-17,78.5,161.45999999999998
8.5,12.3,35,85,81,1.48,952,73,21,256,0,None,124,111.99986823544914,4,83.0,378.88
12.1,12.2,21,81,82,1.27,1336,79,33,150,0,None,97,110.41313188997366,-1,81.5,190.5
22.5,16.3,25,99,85,1.26,1892,80,27,252,0,None,130,84.088851516066,14,92.0,317.52
13.8,17.8,38,86,80,1.39,1528,76,16,215,0,None,134,110.72455744597286,6,83.0,298.84999999999997
16.3,19.8,41,83,92,0.74,1910,64,34,172,0,None,107,117.17784222218269,-9,87.5,127.28
8.6,17.7,28,77,90,1.24,1861,64,23,218,0,None,121,216.39509721500326,-13,83.5,270.32
14.9,11.6,31,95,95,1.06,984,60,28,256,0,None,134,66.04022413407776,0,95.0,271.36
22.5,12.3,27,80,83,0.76,961,76,34,120,0,None,95,42.7110921284035,-3,81.5,91.2
20.5,17.6,29,95,92,0.56,1228,63,26,137,0,None,135,59.90240980370253,3,93.5,76.72000000000001
6.6,15.3,30,97,91,0.7,1871,79,27,199,0,None,134,283.4844189630016,6,94.0,139.29999999999998
22.2,13.0,36,72,92,1.15,1455,69,19,255,0,None,126,65.54051101778784,-20,82.0,293.25
10.5,14.7,38,85,89,1.07,1954,61,31,54,0,None,112,186.0950608618468,-4,87.0,57.78
18.3,19.1,44,83,82,0.57,1228,73,25,93,0,None,115,67.10378846787515,1,82.5,53.01
7.9,17.6,28,82,80,1.06,1391,62,25,291,0,None,112,176.07572648642216,2,81.0,308.46000000000004
18.5,14.5,17,81,80,0.89,929,73,19,33,0,None,123,50.21618907233023,1,80.5,29.37
5.7,19.8,36,86,86,0.51,1861,74,24,95,0,None,124,326.49065527955213,0,86.0,48.45
17.0,17.9,30,74,93,1.41,1076,61,34,260,1,Generator,99,63.29408041524682,-19,83.5,366.59999999999997
17.9,10.1,40,96,84,0.76,1985,78,23,43,0,None,134,110.89379279676382,12,90.0,32.68
9.9,11.1,19,87,87,1.05,1235,68,19,279,0,None,136,124.74734874005178,0,87.0,292.95
23.7,15.5,34,80,90,1.09,1940,66,27,152,0,None,116,81.85650554577825,-10,85.0,165.68
5.9,13.5,29,77,92,1.0,1637,73,25,250,0,None,119,277.4571568522765,-15,84.5,250.0
22.8,18.1,28,88,88,0.74,1532,79,25,143,0,None,126,67.19295298554694,0,88.0,105.82
12.6,19.0,32,94,88,0.91,1032,79,18,191,0,None,146,81.90469690103421,6,91.0,173.81
19.3,12.4,36,83,95,0.79,1015,77,33,183,0,None,112,52.59064632608999,-12,89.0,144.57
18.0,17.6,41,100,92,0.93,1192,75,27,264,0,None,138,66.2221854321192,8,96.0,245.52
8.4,15.4,22,86,90,0.58,1293,71,27,277,0,None,122,153.92838818049026,-4,88.0,160.66
11.4,13.9,24,99,92,0.67,1579,71,17,107,0,None,157,138.5086504310084,7,95.5,71.69
15.6,17.9,31,99,95,0.64,1085,72,24,232,0,None,146,69.55123746715547,4,97.0,148.48
21.9,15.6,25,88,85,1.1,1662,80,27,165,0,None,119,75.89037630576425,3,86.5,181.50000000000003
24.1,16.4,32,87,89,1.16,962,61,33,283,0,None,110,39.91699588506395,-2,88.0,328.28
5.4,10.6,21,73,91,1.41,1852,69,27,162,1,Generator,110,342.962327847541,-18,82.0,228.42
12.1,15.9,24,98,84,0.76,1865,64,34,215,0,None,114,154.13210402305452,14,91.0,163.4
18.4,13.0,25,94,94,0.89,1886,72,29,41,0,None,130,102.49994429350855,0,94.0,36.49
15.6,14.9,45,85,83,1.12,1367,72,18,284,0,None,132,87.62814895631477,2,84.0,318.08000000000004
23.9,12.2,41,79,80,1.47,1043,79,16,224,1,Blades,127,43.64014910454013,-1,79.5,329.28
5.3,16.1,40,95,89,0.89,1461,67,26,266,0,None,132,275.6598572455524,6,92.0,236.74
13.8,11.5,30,79,77,0.79,1734,76,34,123,0,None,88,125.65208286080951,2,78.0,97.17
18.4,11.2,29,86,78,0.89,1196,74,21,49,0,None,122,64.99996467393225,8,82.0,43.61
9.4,11.9,17,76,94,0.81,1634,69,33,175,0,None,104,173.82960230893372,-18,85.0,141.75
19.5,18.2,21,94,81,0.59,921,71,18,104,0,None,139,47.230745009874354,13,87.5,61.36
6.6,10.3,42,93,76,0.85,1794,69,30,36,0,None,109,271.8177699730758,17,84.5,30.599999999999998
14.0,17.3,31,79,84,1.09,1139,79,23,119,0,None,117,81.35708474493947,-5,81.5,129.71
18.5,10.6,45,74,92,0.68,1904,62,15,288,0,None,136,102.91886328710093,-18,83.0,195.84
10.3,15.9,33,75,82,1.33,1497,72,21,274,0,None,115,145.33966471877213,-7,78.5,364.42
6.5,17.7,26,88,83,1.24,1313,68,23,46,0,None,125,201.99968923124734,5,85.5,57.04
24.1,12.3,23,75,78,1.06,1711,62,24,131,0,None,105,70.99582116355968,-3,76.5,138.86
23.3,12.0,43,80,82,1.24,1244,65,18,230,1,Blades,126,53.390535025521444,-2,81.0,285.2
23.5,12.9,26,95,94,0.82,1687,72,27,110,0,None,135,71.78720349480703,1,94.5,90.19999999999999
24.6,17.0,19,72,93,0.7,1244,75,32,132,0,None,101,50.56908513451823,-21,82.5,92.39999999999999
8.7,12.5,23,87,90,1.34,1832,70,29,279,0,None,119,210.5744706040568,-3,88.5,373.86
8.2,15.0,34,82,91,1.32,1979,70,31,149,1,Generator,111,241.34116909613527,-9,86.5,196.68
5.7,11.3,19,74,88,1.24,1624,73,22,52,0,None,118,284.91178085652484,-14,81.0,64.48
22.8,14.6,18,85,77,0.76,1492,63,32,287,0,None,98,65.43856779010184,8,81.0,218.12
20.1,16.2,29,85,77,0.84,1406,64,15,134,0,None,132,69.95021395511743,8,81.0,112.56
17.7,10.7,18,81,86,0.88,1922,79,32,155,0,None,103,108.58750927259364,-5,83.5,136.4
23.6,18.2,27,72,87,0.68,1382,79,16,143,0,None,127,58.559297220636765,-15,79.5,97.24000000000001
16.5,19.4,25,76,94,1.26,1791,76,28,44,0,None,114,108.54538876037046,-18,85.0,55.44
7.6,11.9,27,82,84,0.68,904,76,19,271,0,None,128,118.94721191156329,-2,83.0,184.28
8.5,17.6,30,78,93,0.72,1882,62,25,258,0,None,121,221.41150422175974,-15,85.5,185.76
7.6,13.1,21,75,95,0.55,1325,67,23,226,0,None,124,174.34187586595283,-20,85.0,124.30000000000001
11.2,16.8,28,85,92,1.16,1206,69,34,258,0,None,109,107.67847528707564,-7,88.5,299.28
12.6,13.1,26,82,83,1.43,1066,63,21,48,0,None,123,84.60310745785122,-1,82.5,68.64
20.9,18.6,39,90,90,0.98,979,60,28,210,0,None,124,46.84208285067807,0,90.0,205.79999999999998
8.8,13.5,36,87,86,1.4,1870,64,25,249,0,None,123,212.49975852300167,1,86.5,348.59999999999997
19.5,18.5,41,75,79,1.34,1265,79,23,31,0,None,108,64.87176160422482,-4,77.0,41.54
14.8,17.7,35,91,78,1.29,1970,79,28,209,0,None,113,133.108018170258,13,84.5,269.61
25.0,12.0,19,84,76,0.67,1363,65,18,216,0,None,124,54.51997819200872,8,80.0,144.72
20.5,11.6,30,73,82,0.88,1943,79,30,293,0,None,95,94.7804415705163,-9,77.5,257.84
24.4,17.8,37,71,89,1.16,1624,67,27,69,0,None,106,66.55734977157796,-18,80.0,80.03999999999999
11.8,13.9,40,89,93,0.84,1069,75,30,59,0,None,122,90.59314356513256,-4,91.0,49.559999999999995
7.5,19.5,20,89,81,1.21,1237,68,30,41,0,None,110,164.93311342251545,8,85.0,49.61
15.1,19.4,22,95,86,0.79,1935,61,25,206,0,None,131,128.1456104995957,9,90.5,162.74
7.5,16.9,41,93,84,0.89,1372,79,23,145,0,None,131,182.93308942254745,9,88.5,129.05
14.8,15.0,30,96,77,1.23,962,65,32,132,0,None,109,64.99995608111075,19,86.5,162.35999999999999
10.4,11.9,29,79,90,0.62,1274,61,33,153,0,None,103,122.49988221165172,-11,84.5,94.86
14.8,18.8,30,82,85,1.29,1864,80,23,52,0,None,121,125.94586084739132,-3,83.5,67.08
24.0,10.8,20,72,93,1.21,1997,73,34,196,0,None,97,83.2082986632089,-21,82.5,237.16
10.8,13.7,34,82,92,0.95,933,69,33,156,0,None,108,86.38880889925102,-10,87.0,148.2
24.9,13.2,39,77,81,0.94,1418,76,18,214,0,None,122,56.947768294068965,-4,79.0,201.16
9.6,19.6,40,94,81,1.41,1171,74,24,48,1,Gearbox,127,121.97903960516709,13,87.5,67.67999999999999
9.2,11.2,16,90,86,1.22,1980,69,31,201,0,None,114,215.21715737265507,4,88.0,245.22
15.9,18.9,36,93,78,1.12,1322,63,18,151,0,None,135,83.14460179584793,15,85.5,169.12
21.8,14.6,18,88,80,1.36,1927,73,20,200,0,None,128,88.39445486492896,8,84.0,272.0
20.0,10.5,44,88,91,0.83,1572,78,26,282,0,None,127,78.59996070001965,-3,89.5,234.06
19.5,17.3,29,77,78,0.79,1881,70,17,261,0,None,121,96.46148899410821,-1,77.5,206.19
10.7,11.0,38,90,86,0.71,1944,71,22,43,0,None,132,181.68207319432415,4,88.0,30.529999999999998
5.5,12.4,34,74,83,1.02,1015,77,25,237,0,None,107,184.54511900887454,-9,78.5,241.74
8.2,18.0,44,78,79,1.49,1122,79,31,214,0,None,95,136.8291014279251,-1,78.5,318.86
12.0,11.5,44,75,94,1.43,1192,71,18,215,1,Generator,133,99.33325055562455,-19,84.5,307.45
24.4,13.3,23,98,92,0.96,1489,61,29,75,0,None,132,61.024565153866746,6,95.0,72.0
23.4,13.6,29,97,80,0.61,1165,63,34,135,0,None,109,49.78630351012671,17,88.5,82.35
9.0,15.9,30,96,91,1.37,1927,79,19,257,1,Gearbox,149,214.11087321014088,5,93.5,352.09000000000003
19.5,17.9,20,99,75,1.42,1099,77,20,145,1,Gearbox,134,56.35894545695105,24,87.0,205.89999999999998
16.6,12.3,42,88,81,0.67,1088,73,31,82,0,None,107,65.54212919148843,7,84.5,54.940000000000005
6.0,12.1,25,97,77,1.38,1067,69,18,58,1,Gearbox,138,177.83303694493844,20,87.0,80.03999999999999
12.4,12.2,18,79,83,0.95,1380,68,24,280,0,None,114,111.2902328304574,-4,81.0,266.0
14.7,13.8,20,82,88,0.51,950,61,23,82,0,None,124,64.62580637700248,-6,85.0,41.82
18.4,15.4,30,84,78,1.44,1648,77,25,166,0,None,112,89.56516871458223,6,81.0,239.04
10.9,10.1,41,73,80,0.54,1174,67,25,76,0,None,103,107.70632320520807,-7,76.5,41.040000000000006
23.7,17.8,34,95,83,0.53,1927,70,26,110,0,None,126,81.3079825704715,12,89.0,58.300000000000004
14.0,19.3,21,74,88,1.46,1098,71,31,213,0,None,100,78.42851540820328,-14,81.0,310.98
10.0,18.4,24,94,81,0.71,987,77,24,111,0,None,127,98.6999013000987,13,87.5,78.81
11.3,10.4,44,98,87,1.06,1343,64,19,165,0,None,147,118.8494523456174,11,92.5,174.9
20.0,15.2,17,87,82,1.44,1170,70,31,142,0,None,107,58.499970750014626,5,84.5,204.48
17.8,18.1,45,75,80,1.44,1856,79,35,86,0,None,85,104.26960434291891,-5,77.5,123.83999999999999
19.8,13.4,42,83,92,0.67,1472,74,18,49,0,None,139,74.34339679626424,-9,87.5,32.830000000000005
10.8,19.0,35,74,83,1.01,1424,68,20,139,0,None,117,131.8517297669169,-9,78.5,140.39000000000001
11.5,18.9,43,74,93,0.51,1756,73,35,154,0,None,97,152.69551939520053,-19,83.5,78.54
12.9,11.4,20,93,81,0.59,1618,72,19,104,0,None,136,125.42625935948887,12,87.0,61.36
8.8,14.9,43,82,86,1.45,911,71,23,81,0,None,122,103.52260963339813,-4,84.0,117.45
18.8,10.3,21,70,76,0.92,1654,71,17,126,0,None,112,87.97867660708691,-6,73.0,115.92
11.6,12.8,31,71,89,0.65,1684,74,21,59,0,None,118,145.17228864457877,-18,80.0,38.35
11.5,18.1,30,95,91,1.13,1092,78,20,279,0,None,146,94.95643916831376,4,93.0,315.27
10.4,19.8,30,89,94,0.67,1680,68,34,132,0,None,115,161.5383062131671,-5,91.5,88.44000000000001
14.1,19.1,23,95,92,1.48,1993,80,18,80,1,Gearbox,151,141.34741748410107,3,93.5,118.4
20.4,10.4,38,78,81,1.17,1223,68,21,236,0,None,117,59.95095100443579,-3,79.5,276.12
21.7,19.3,37,79,86,0.87,942,74,17,103,0,None,131,43.41011824418514,-7,82.5,89.61
21.1,18.2,44,89,87,0.88,1835,65,28,158,1,Blades,120,86.96678342806472,2,88.0,139.04
17.4,18.7,30,90,76,1.42,1125,75,35,75,0,None,96,64.6551352556694,14,83.0,106.5
10.6,19.1,31,71,76,1.4,1756,68,18,108,0,None,111,165.66022107526314,-5,73.5,151.2
19.7,14.9,42,97,82,1.45,1348,68,28,71,1,Gearbox,123,68.4263612048928,15,89.5,102.95
5.8,12.1,43,94,90,0.95,1894,64,18,108,0,None,148,326.55116111868773,4,92.0,102.6
21.0,10.2,34,74,81,1.35,1936,61,20,48,0,None,115,92.19043229027034,-7,77.5,64.80000000000001
20.6,10.2,40,70,92,0.98,1336,67,26,171,0,None,110,64.85433744935075,-22,81.0,167.57999999999998
18.4,16.4,30,93,88,1.13,1979,72,34,44,0,None,113,107.55428937266883,5,90.5,49.72
7.0,13.4,27,97,84,1.01,931,61,25,208,0,None,131,132.99981000027142,13,90.5,210.08
24.9,15.0,41,80,86,1.11,1526,64,24,240,1,Blades,118,61.28511594975264,-6,83.0,266.40000000000003
20.1,11.3,38,80,82,1.01,1713,65,18,248,0,None,126,85.22383819709542,-2,81.0,250.48
19.7,19.8,22,85,94,0.65,1371,64,26,45,0,None,127,69.59387330260239,-9,89.5,29.25
6.3,11.3,16,90,79,0.61,1625,62,24,240,0,None,121,257.93609851412936,11,84.5,146.4
13.0,14.4,32,89,92,1.44,1238,64,22,284,1,Generator,137,95.23069597638771,-3,90.5,408.96
6.7,14.4,40,93,89,1.01,985,79,30,52,0,None,122,147.0147059482001,4,91.0,52.52
12.2,10.1,22,73,89,1.44,1818,76,21,193,0,None,120,149.0162712981383,-16,81.0,277.92
16.4,16.7,38,86,92,1.19,1226,78,33,175,0,None,112,74.7560519780171,-6,89.0,208.25
22.6,15.4,27,85,78,0.59,1115,78,32,118,0,None,99,49.336261355636566,7,81.5,69.61999999999999
10.7,15.0,25,98,89,0.7,1120,68,25,269,0,None,137,104.67279937121555,9,93.5,188.29999999999998
17.5,18.2,20,98,91,1.27,1805,67,33,265,0,None,123,103.14279820411531,7,94.5,336.55
8.3,12.4,43,93,95,0.68,972,76,34,202,0,None,120,117.10829264061127,-2,94.0,137.36
12.1,18.6,22,96,90,0.51,1448,78,16,36,0,None,154,119.66932258733671,6,93.0,18.36
23.9,18.6,23,92,94,0.61,1114,75,32,226,0,None,122,46.61085915863634,-2,93.0,137.85999999999999
20.0,18.3,25,92,92,0.98,1617,72,23,245,0,None,138,80.84995957502021,0,92.0,240.1
15.9,13.4,24,76,93,0.66,1779,71,35,113,0,None,99,111.88672208382259,-17,84.5,74.58
10.0,11.6,20,89,93,0.55,1518,69,22,242,0,None,138,151.7998482001518,-4,91.0,133.10000000000002
12.6,14.8,26,97,86,1.24,1576,69,32,231,0,None,119,125.0792658101065,11,91.5,286.44
8.1,12.6,29,93,89,1.47,1586,61,19,274,1,Gearbox,144,195.80222740465754,4,91.0,402.78
12.1,10.5,32,88,77,1.48,1530,64,34,62,0,None,97,126.44617649076324,11,82.5,91.76
8.0,12.8,20,78,82,1.4,1141,63,30,63,0,None,100,142.62482171897287,-4,80.0,88.19999999999999
20.9,14.7,38,90,93,0.52,1619,69,21,108,0,None,141,77.46407776838385,-3,91.5,56.160000000000004
6.6,11.1,24,80,95,0.74,1752,66,29,294,0,None,117,265.45414325129815,-15,87.5,217.56
8.8,19.4,43,72,77,0.64,1807,68,24,151,0,None,101,205.3406757492321,-5,74.5,96.64
18.8,16.6,25,77,87,1.14,987,79,32,294,0,None,100,52.49997207448294,-10,82.0,335.15999999999997
23.1,11.4,41,82,90,1.35,1337,75,15,278,1,Blades,142,57.878762823046394,-8,86.0,375.3
24.3,18.1,26,100,85,1.07,1306,63,25,193,0,None,135,53.744833849862616,15,92.5,206.51000000000002
21.7,19.3,30,93,80,0.85,1916,76,29,294,0,None,115,88.29489018668656,13,86.5,249.9
9.2,12.6,26,78,76,1.41,1625,69,23,280,0,None,108,176.63024279321436,2,77.0,394.79999999999995
10.7,11.4,27,93,94,1.01,1420,77,24,60,0,None,139,132.7101563456483,-1,93.5,60.6
22.4,13.2,34,81,80,0.67,1956,75,20,264,0,None,121,87.32138958866537,1,80.5,176.88000000000002
22.8,18.3,36,88,81,1.03,1077,70,23,274,0,None,123,47.23682138735904,7,84.5,282.22
17.8,11.8,41,93,88,0.52,1298,74,33,95,0,None,115,72.92130734758014,5,90.5,49.4
11.3,17.8,32,92,84,0.54,1592,79,23,92,0,None,130,140.88483107537073,8,88.0,49.68000000000001
9.5,17.2,22,74,83,1.13,1461,71,35,148,0,None,87,153.78931180072442,-9,78.5,167.23999999999998
22.0,16.5,45,95,77,1.22,1550,63,24,139,1,Blades,124,70.45451342976662,18,86.0,169.57999999999998
9.1,14.3,36,98,95,0.64,1738,71,27,136,0,None,139,190.98880111120758,3,96.5,87.04
18.2,13.7,26,77,81,1.03,1666,61,15,145,0,None,128,91.53841124263118,-4,79.0,149.35
24.4,10.9,44,80,77,1.27,1623,69,19,56,1,Blades,119,66.51636618181715,3,78.5,71.12
19.1,13.6,44,98,89,1.38,1687,64,22,221,1,Gearbox,143,88.32456108661722,9,93.5,304.97999999999996
10.2,16.0,17,100,90,0.97,1760,73,22,217,0,None,146,172.54885044230352,10,95.0,210.48999999999998
10.7,19.0,16,84,76,0.62,1132,68,29,217,0,None,102,105.79429365019286,8,80.0,134.54
6.9,18.3,16,71,80,0.57,1657,70,26,250,0,None,99,240.1445795006094,-9,75.5,142.5
18.7,10.3,36,98,79,1.36,1631,78,19,101,1,Gearbox,139,87.21920469561246,19,88.5,137.36
15.4,11.4,36,71,91,0.58,1676,69,27,207,0,None,108,108.83109816162457,-20,81.0,120.05999999999999
9.1,18.5,37,80,79,1.32,1169,80,18,228,0,None,123,128.4613972951678,1,79.5,300.96000000000004
9.6,19.4,34,73,80,0.94,1209,63,32,117,0,None,89,125.93736881524083,-7,76.5,109.97999999999999
5.2,10.6,24,85,95,0.94,1748,77,30,177,0,None,120,336.1531997053852,-10,90.0,166.38
24.6,17.0,20,71,89,1.02,1316,67,22,157,0,None,116,53.49591321304341,-18,80.0,160.14000000000001
21.6,13.7,43,77,83,0.64,1915,76,16,165,1,Blades,128,88.65736636233038,-6,80.0,105.60000000000001
12.9,13.6,42,84,90,1.24,1025,70,31,285,0,None,112,79.45730274627694,-6,87.0,353.4
23.9,16.4,22,72,84,0.8,1090,70,20,150,0,None,116,45.60667547837846,-12,78.0,120.0
18.5,18.1,20,84,79,1.1,1104,71,20,236,0,None,123,59.67564341857113,5,81.5,259.6
20.0,12.7,26,78,85,0.51,1214,65,24,51,0,None,115,60.69996965001518,-7,81.5,26.01
18.6,17.1,16,78,90,0.78,1891,61,27,64,0,None,114,101.66661200719784,-12,84.0,49.92
20.1,16.4,20,98,79,0.54,1314,73,16,234,0,None,145,65.37310180442697,19,88.5,126.36000000000001
8.4,15.2,26,91,85,0.81,1408,61,32,249,0,None,112,167.61884807279992,6,88.0,201.69000000000003
16.2,16.0,22,98,77,0.63,1365,75,16,122,0,None,143,84.25920724740294,21,87.5,76.86
22.0,10.2,37,87,92,0.57,1788,66,18,157,0,None,143,81.27269033059531,-5,89.5,89.49
5.4,10.0,42,97,91,1.35,1314,68,20,56,1,Gearbox,148,243.33288271688386,6,94.0,75.60000000000001
7.5,15.5,42,95,88,0.86,1816,75,32,52,0,None,119,242.13301048931936,7,91.5,44.72
9.9,15.2,33,100,93,1.33,1430,63,30,253,1,Gearbox,133,144.44429854111257,7,96.5,336.49
10.9,10.7,36,85,83,1.39,1168,73,27,41,0,None,114,107.15586499461926,2,84.0,56.989999999999995
8.7,14.9,30,91,78,1.01,1374,71,22,270,0,None,125,157.9308529530426,13,84.5,272.7
17.5,17.6,19,75,95,1.07,1336,68,26,237,0,None,118,76.34281351839228,-20,85.0,253.59
10.9,15.4,34,98,85,1.15,1166,73,16,184,0,None,151,106.97237892442301,13,91.5,211.6
8.2,15.2,25,82,85,1.14,1035,67,32,94,0,None,103,126.2193582690753,-3,83.5,107.16
23.1,17.2,15,97,76,1.03,1825,65,29,260,0,None,115,79.00429480333558,21,86.5,267.8
18.9,11.7,32,73,86,1.09,1467,62,28,45,0,None,103,77.61900655079019,-13,79.5,49.050000000000004
9.9,14.6,21,85,88,0.94,1167,72,35,34,0,None,103,117.87866880942545,-3,86.5,31.959999999999997
12.2,11.5,42,70,84,1.42,1369,79,26,151,0,None,102,112.21302277621085,-14,77.0,214.42
19.8,15.2,43,82,93,1.22,1566,76,16,200,0,None,143,79.09086914602568,-11,87.5,244.0
20.8,15.9,20,72,90,0.81,1692,62,20,86,0,None,122,81.34611473744484,-18,81.0,69.66000000000001
8.5,11.2,16,83,76,0.84,1582,64,18,126,0,None,123,186.11742809714343,7,79.5,105.83999999999999
23.7,10.8,15,87,86,0.96,1157,73,34,259,0,None,105,48.81854480230177,1,86.5,248.64
20.7,11.7,42,96,95,0.53,1021,60,18,205,1,Blades,155,49.32364766973543,1,95.5,108.65
22.1,15.9,20,79,79,1.49,981,71,15,207,0,None,128,44.389120185918465,0,79.0,308.43
7.9,11.9,28,87,87,0.97,1019,79,21,31,0,None,132,128.9871784972424,0,87.0,30.07
7.9,12.8,17,72,80,1.28,1280,67,17,169,0,None,118,162.02511136061852,-8,76.0,216.32
11.1,17.0,26,97,82,0.66,1290,78,27,82,0,None,125,116.21611151701666,15,89.5,54.120000000000005
6.3,12.5,39,84,76,1.11,1976,62,19,41,0,None,122,313.65029579318133,8,80.0,45.510000000000005
6.8,14.0,27,78,89,0.88,925,61,32,191,0,None,103,136.0292117217475,-11,83.5,168.08
7.9,19.3,38,84,90,1.39,1596,67,18,134,0,None,138,202.02506072777123,-6,87.0,186.26
19.2,18.2,36,84,90,1.43,1462,72,18,191,0,None,138,76.1457936740658,-6,87.0,273.13
5.6,12.6,31,92,94,1.12,1060,77,27,297,0,None,132,189.28537627611382,-2,93.0,332.64000000000004
6.7,16.0,37,99,92,0.56,1944,64,17,46,0,None,157,290.148820673402,7,95.5,25.76
23.9,16.7,41,76,79,0.97,1792,65,16,291,1,Blades,123,74.9790481259213,-3,77.5,282.27
6.7,19.0,39,72,80,0.52,1143,70,19,59,0,None,114,170.59676030334285,-8,76.0,30.68
15.7,15.5,36,90,90,1.02,1221,67,26,115,0,None,128,77.77065110149611,0,90.0,117.3
17.9,15.6,36,97,91,1.0,1120,60,26,237,0,None,136,62.569797447040536,6,94.0,237.0
24.2,18.9,20,87,77,0.92,1239,67,23,264,0,None,118,51.198325951104984,10,82.0,242.88000000000002
23.0,10.5,44,72,75,0.84,1151,65,24,140,1,Blades,99,50.043456502845,-3,73.5,117.6
13.8,16.3,21,83,83,1.08,1184,70,24,188,0,None,118,85.79703927750776,0,83.0,203.04000000000002
23.8,14.2,25,90,89,0.68,1468,62,24,96,0,None,131,61.6806463526696,1,89.5,65.28
13.6,19.1,31,80,92,0.53,1271,74,20,120,0,None,132,93.45581363543116,-12,86.0,63.6
18.4,19.6,19,95,78,1.29,1439,66,18,153,0,None,137,78.20647923560912,17,86.5,197.37
10.2,11.7,33,77,91,1.29,934,65,23,275,0,None,122,91.56853767790425,-14,84.0,354.75
17.7,12.8,20,81,89,1.08,1716,66,24,264,0,None,122,96.94909776887133,-8,85.0,285.12
15.8,12.7,43,97,78,1.33,1921,69,34,154,1,Gearbox,107,121.58220153025219,19,87.5,204.82000000000002
17.1,11.0,42,87,92,1.01,1996,78,30,97,0,None,119,116.72507793855091,-5,89.5,97.97
18.7,14.8,31,70,94,0.51,1121,74,32,134,0,None,100,59.946492007223526,-24,82.0,68.34
8.5,15.1,28,77,80,0.65,1322,64,23,88,0,None,111,155.52922878914262,-3,78.5,57.2
11.0,15.7,18,93,78,0.96,1971,73,26,239,0,None,119,179.1816552894043,15,85.5,229.44
19.7,16.6,40,72,94,1.36,1133,63,30,184,1,Generator,106,57.51266116108571,-22,83.0,250.24
8.3,10.6,26,100,75,0.73,1493,66,19,259,0,None,137,179.87930135023933,25,87.5,189.07
11.9,16.2,22,97,94,0.53,1779,69,24,169,0,None,143,149.49567269271202,3,95.5,89.57000000000001
18.3,19.1,45,77,79,0.91,931,73,22,188,0,None,112,50.87428913973271,-2,78.0,171.08
23.8,14.5,35,97,84,0.57,1016,69,26,185,0,None,129,42.689057693673234,13,90.5,105.44999999999999
6.5,11.1,17,91,81,1.05,1116,72,21,141,0,None,130,171.69204355070224,10,86.0,148.05
15.3,10.9,39,83,78,0.56,1401,74,22,129,0,None,117,91.56856760224339,5,80.5,72.24000000000001
6.6,12.8,38,76,82,0.52,917,79,32,270,0,None,94,138.93918342547968,-6,79.0,140.4
12.6,17.5,27,76,86,1.44,1374,78,31,42,0,None,100,109.04753250195834,-10,81.0,60.48
8.5,12.6,19,88,77,1.17,1078,70,23,149,0,None,119,126.82338020778799,11,82.5,174.32999999999998
18.0,18.1,30,82,91,0.62,1835,75,17,139,0,None,139,101.94438780867344,-9,86.5,86.17999999999999
20.2,18.2,38,88,91,1.06,1435,69,21,109,0,None,137,71.03956879229268,-3,89.5,115.54
9.9,14.6,17,80,91,0.76,978,79,30,32,0,None,111,98.78777900224343,-11,85.5,24.32
19.3,13.0,20,77,89,1.26,1409,62,30,267,0,None,106,73.00514352065102,-12,83.0,336.42
13.9,16.0,34,95,84,1.31,1428,64,21,124,1,Gearbox,137,102.73373904047551,11,89.5,162.44
10.7,18.1,32,98,92,1.01,1230,65,34,115,0,None,122,114.95316359517422,6,95.0,116.15
15.5,10.6,42,91,92,0.91,1305,66,25,213,0,None,133,84.1934940687135,-1,91.5,193.83
12.6,19.5,39,75,81,0.82,1968,65,33,107,0,None,90,156.19035222987918,-6,78.0,87.74
